tcpdump: verbose output suppressed, use -v[v]... for full protocol decode
listening on wlo1, link-type EN10MB (Ethernet), snapshot length 262144 bytes
19:42:11.485238 IP vyrazu-35-ThinkCentre-M70t.60774 > ec2-3-6-30-85.ap-south-1.compute.amazonaws.com.http: Flags [.], ack 2064202521, win 501, options [nop,nop,TS val 3268725864 ecr 1456119453], length 0
19:42:11.517799 IP ec2-3-6-30-85.ap-south-1.compute.amazonaws.com.http > vyrazu-35-ThinkCentre-M70t.60774: Flags [.], ack 1, win 2168, options [nop,nop,TS val 1456120487 ecr 3268717470], length 0
19:42:11.544208 IP vyrazu-35-ThinkCentre-M70t.53220 > ec2-3-6-115-182.ap-south-1.compute.amazonaws.com.http: Flags [.], ack 386894664, win 501, options [nop,nop,TS val 4239947608 ecr 35752545], length 0
19:42:11.552278 IP vyrazu-35-ThinkCentre-M70t.57250 > ec2-3-6-115-182.ap-south-1.compute.amazonaws.com.http: Flags [.], ack 3012895048, win 501, options [nop,nop,TS val 4239947616 ecr 35752553], length 0
19:42:11.576756 IP ec2-3-6-115-182.ap-south-1.compute.amazonaws.com.http > vyrazu-35-ThinkCentre-M70t.53220: Flags [.], ack 1, win 2239, options [nop,nop,TS val 35753578 ecr 4239945409], length 0
19:42:11.587649 IP ec2-3-6-115-182.ap-south-1.compute.amazonaws.com.http > vyrazu-35-ThinkCentre-M70t.57250: Flags [.], ack 1, win 3646, options [nop,nop,TS val 35753589 ecr 4239939650], length 0
19:42:11.693280 ARP, Request who-has 169.254.169.254 tell 192.168.1.181, length 28
19:42:11.722291 IP vyrazu-35-ThinkCentre-M70t.34916 > ec2-3-6-30-85.ap-south-1.compute.amazonaws.com.http: Flags [.], ack 1324089635, win 501, options [nop,nop,TS val 3268726101 ecr 1456119669], length 0
19:42:11.722305 IP vyrazu-35-ThinkCentre-M70t.53798 > ec2-3-6-115-64.ap-south-1.compute.amazonaws.com.http: Flags [.], ack 64484314, win 501, options [nop,nop,TS val 3327815949 ecr 2970380173], length 0
19:42:11.722313 IP vyrazu-35-ThinkCentre-M70t.57330 > ec2-3-6-98-232.ap-south-1.compute.amazonaws.com.http: Flags [.], ack 3359844932, win 501, options [nop,nop,TS val 4263167971 ecr 3143423174], length 0
19:42:11.733287 IP vyrazu-35-ThinkCentre-M70t.38390 > ec2-3-6-115-64.ap-south-1.compute.amazonaws.com.http: Flags [.], ack 1552837507, win 501, options [nop,nop,TS val 3327815960 ecr 2970380202], length 0
19:42:11.744283 IP vyrazu-35-ThinkCentre-M70t.59792 > ec2-3-6-122-107.ap-south-1.compute.amazonaws.com.http: Flags [.], ack 131842170, win 501, options [nop,nop,TS val 215684940 ecr 1118634535], length 0
19:42:11.756255 IP ec2-3-6-30-85.ap-south-1.compute.amazonaws.com.http > vyrazu-35-ThinkCentre-M70t.34916: Flags [.], ack 1, win 442, options [nop,nop,TS val 1456120726 ecr 3268715545], length 0
19:42:11.756255 IP ec2-3-6-98-232.ap-south-1.compute.amazonaws.com.http > vyrazu-35-ThinkCentre-M70t.57330: Flags [.], ack 1, win 442, options [nop,nop,TS val 3143424230 ecr 4263162544], length 0
19:42:11.758962 IP ec2-3-6-115-64.ap-south-1.compute.amazonaws.com.http > vyrazu-35-ThinkCentre-M70t.53798: Flags [.], ack 1, win 1704, options [nop,nop,TS val 2970381228 ecr 3327810300], length 0
19:42:11.766937 IP ec2-3-6-115-64.ap-south-1.compute.amazonaws.com.http > vyrazu-35-ThinkCentre-M70t.38390: Flags [.], ack 1, win 2383, options [nop,nop,TS val 2970381237 ecr 3327803941], length 0
19:42:11.779216 IP ec2-3-6-122-107.ap-south-1.compute.amazonaws.com.http > vyrazu-35-ThinkCentre-M70t.59792: Flags [.], ack 1, win 448, options [nop,nop,TS val 1118635571 ecr 215681993], length 0
19:42:11.932225 IP vyrazu-35-ThinkCentre-M70t.49294 > ec2-3-6-115-64.ap-south-1.compute.amazonaws.com.http: Flags [.], ack 3199654820, win 501, options [nop,nop,TS val 3327816159 ecr 2970380402], length 0
19:42:11.975038 IP ec2-3-6-115-64.ap-south-1.compute.amazonaws.com.http > vyrazu-35-ThinkCentre-M70t.49294: Flags [.], ack 1, win 442, options [nop,nop,TS val 2970381444 ecr 3327802607], length 0
19:42:12.048370 IP 172.65.251.78.https > vyrazu-35-ThinkCentre-M70t.55128: Flags [P.], seq 2507397647:2507397707, ack 812011837, win 18, options [nop,nop,TS val 3238512851 ecr 3509791000], length 60
19:42:12.048393 IP vyrazu-35-ThinkCentre-M70t.55128 > 172.65.251.78.https: Flags [.], ack 60, win 472, options [nop,nop,TS val 3509793990 ecr 3238512851], length 0
19:42:12.125244 IP vyrazu-35-ThinkCentre-M70t.54482 > ec2-3-6-115-182.ap-south-1.compute.amazonaws.com.http: Flags [.], ack 2371563042, win 501, options [nop,nop,TS val 4239948189 ecr 35753126], length 0
19:42:12.199551 IP ec2-3-6-115-182.ap-south-1.compute.amazonaws.com.http > vyrazu-35-ThinkCentre-M70t.54482: Flags [.], ack 1, win 1769, options [nop,nop,TS val 35754167 ecr 4239942200], length 0
19:42:12.281743 IP vyrazu-35-ThinkCentre-M70t.44402 > 104.18.35.23.https: Flags [P.], seq 3223401829:3223401868, ack 2757830372, win 474, options [nop,nop,TS val 386417767 ecr 2132188734], length 39
19:42:12.281790 IP vyrazu-35-ThinkCentre-M70t.42580 > bom12s14-in-f10.1e100.net.https: Flags [P.], seq 4156776931:4156776970, ack 471560124, win 456, options [nop,nop,TS val 2786866932 ecr 637483531], length 39
19:42:12.281821 IP vyrazu-35-ThinkCentre-M70t.37068 > pnbomb-bb-in-f14.1e100.net.https: Flags [P.], seq 3475610538:3475610577, ack 3126432181, win 436, options [nop,nop,TS val 1457585777 ecr 3203045740], length 39
19:42:12.281876 IP vyrazu-35-ThinkCentre-M70t.60166 > bom12s12-in-f2.1e100.net.https: Flags [P.], seq 4053828872:4053828911, ack 3061477615, win 452, options [nop,nop,TS val 3108047948 ecr 3958523258], length 39
19:42:12.281890 IP vyrazu-35-ThinkCentre-M70t.56298 > bom12s12-in-f14.1e100.net.https: Flags [P.], seq 1795026853:1795026892, ack 4143505547, win 488, options [nop,nop,TS val 1463691392 ecr 2090935824], length 39
19:42:12.318132 IP bom12s12-in-f2.1e100.net.https > vyrazu-35-ThinkCentre-M70t.60166: Flags [.], ack 39, win 1042, options [nop,nop,TS val 3958581368 ecr 3108047948], length 0
19:42:12.318133 IP bom12s12-in-f2.1e100.net.https > vyrazu-35-ThinkCentre-M70t.60166: Flags [P.], seq 1:40, ack 39, win 1042, options [nop,nop,TS val 3958581368 ecr 3108047948], length 39
19:42:12.319321 IP pnbomb-bb-in-f14.1e100.net.https > vyrazu-35-ThinkCentre-M70t.37068: Flags [.], ack 39, win 1041, options [nop,nop,TS val 3203104242 ecr 1457585777], length 0
19:42:12.319321 IP 104.18.35.23.https > vyrazu-35-ThinkCentre-M70t.44402: Flags [.], ack 39, win 17, options [nop,nop,TS val 2132247413 ecr 386417767], length 0
19:42:12.319322 IP pnbomb-bb-in-f14.1e100.net.https > vyrazu-35-ThinkCentre-M70t.37068: Flags [P.], seq 1:40, ack 39, win 1041, options [nop,nop,TS val 3203104242 ecr 1457585777], length 39
19:42:12.319322 IP 104.18.35.23.https > vyrazu-35-ThinkCentre-M70t.44402: Flags [P.], seq 1:40, ack 39, win 17, options [nop,nop,TS val 2132247413 ecr 386417767], length 39
19:42:12.319348 IP vyrazu-35-ThinkCentre-M70t.44402 > 104.18.35.23.https: Flags [.], ack 40, win 474, options [nop,nop,TS val 386417805 ecr 2132247413], length 0
19:42:12.320498 IP bom12s12-in-f14.1e100.net.https > vyrazu-35-ThinkCentre-M70t.56298: Flags [.], ack 39, win 1070, options [nop,nop,TS val 2090994216 ecr 1463691392], length 0
19:42:12.321287 IP bom12s12-in-f14.1e100.net.https > vyrazu-35-ThinkCentre-M70t.56298: Flags [P.], seq 1:40, ack 39, win 1070, options [nop,nop,TS val 2090994216 ecr 1463691392], length 39
19:42:12.321287 IP bom12s14-in-f10.1e100.net.https > vyrazu-35-ThinkCentre-M70t.42580: Flags [.], ack 39, win 1044, options [nop,nop,TS val 637541685 ecr 2786866932], length 0
19:42:12.321288 IP bom12s14-in-f10.1e100.net.https > vyrazu-35-ThinkCentre-M70t.42580: Flags [P.], seq 1:40, ack 39, win 1044, options [nop,nop,TS val 637541685 ecr 2786866932], length 39
19:42:12.358290 IP vyrazu-35-ThinkCentre-M70t.60166 > bom12s12-in-f2.1e100.net.https: Flags [.], ack 40, win 452, options [nop,nop,TS val 3108048025 ecr 3958581368], length 0
19:42:12.360296 IP vyrazu-35-ThinkCentre-M70t.37068 > pnbomb-bb-in-f14.1e100.net.https: Flags [.], ack 40, win 436, options [nop,nop,TS val 1457585856 ecr 3203104242], length 0
19:42:12.362187 IP vyrazu-35-ThinkCentre-M70t.42580 > bom12s14-in-f10.1e100.net.https: Flags [.], ack 40, win 456, options [nop,nop,TS val 2786867013 ecr 637541685], length 0
19:42:12.362203 IP vyrazu-35-ThinkCentre-M70t.56298 > bom12s12-in-f14.1e100.net.https: Flags [.], ack 40, win 488, options [nop,nop,TS val 1463691473 ecr 2090994216], length 0
19:42:12.456215 IP vyrazu-35-ThinkCentre-M70t.41786 > ec2-3-6-30-85.ap-south-1.compute.amazonaws.com.http: Flags [.], ack 861693780, win 501, options [nop,nop,TS val 3268726835 ecr 1456120424], length 0
19:42:12.488828 IP ec2-3-6-30-85.ap-south-1.compute.amazonaws.com.http > vyrazu-35-ThinkCentre-M70t.41786: Flags [.], ack 1, win 2098, options [nop,nop,TS val 1456121458 ecr 3268723855], length 0
19:42:12.490702 IP vyrazu-35-ThinkCentre-M70t.41974 > _gateway.domain: 44801+ [1au] PTR? 194.1.168.192.in-addr.arpa. (55)
19:42:12.496078 IP _gateway.domain > vyrazu-35-ThinkCentre-M70t.41974: 44801 NXDomain* 0/0/1 (55)
19:42:12.518228 IP vyrazu-35-ThinkCentre-M70t.60774 > ec2-3-6-30-85.ap-south-1.compute.amazonaws.com.http: Flags [.], ack 1, win 501, options [nop,nop,TS val 3268726897 ecr 1456120487], length 0
19:42:12.551334 IP ec2-3-6-30-85.ap-south-1.compute.amazonaws.com.http > vyrazu-35-ThinkCentre-M70t.60774: Flags [.], ack 1, win 2168, options [nop,nop,TS val 1456121520 ecr 3268717470], length 0
19:42:12.577213 IP vyrazu-35-ThinkCentre-M70t.53220 > ec2-3-6-115-182.ap-south-1.compute.amazonaws.com.http: Flags [.], ack 1, win 501, options [nop,nop,TS val 4239948641 ecr 35753578], length 0
19:42:12.588241 IP vyrazu-35-ThinkCentre-M70t.57250 > ec2-3-6-115-182.ap-south-1.compute.amazonaws.com.http: Flags [.], ack 1, win 501, options [nop,nop,TS val 4239948652 ecr 35753589], length 0
19:42:12.607027 IP6 vyrazu-35-ThinkCentre-M70t.mdns > ff02::fb.mdns: 0 PTR (QM)? 254.169.254.169.in-addr.arpa. (46)
19:42:12.607120 IP vyrazu-35-ThinkCentre-M70t.mdns > mdns.mcast.net.mdns: 0 PTR (QM)? 254.169.254.169.in-addr.arpa. (46)
19:42:12.610288 IP ec2-3-6-115-182.ap-south-1.compute.amazonaws.com.http > vyrazu-35-ThinkCentre-M70t.53220: Flags [.], ack 1, win 2239, options [nop,nop,TS val 35754612 ecr 4239945409], length 0
19:42:12.623784 IP ec2-3-6-115-182.ap-south-1.compute.amazonaws.com.http > vyrazu-35-ThinkCentre-M70t.57250: Flags [.], ack 1, win 3646, options [nop,nop,TS val 35754625 ecr 4239939650], length 0
19:42:12.726238 IP 192.168.1.168 > mdns.mcast.net: igmp v2 report mdns.mcast.net
19:42:12.726243 IP6 fe80::86d:f15a:13b4:fd2c.mdns > ff02::fb.mdns: 0*- [0q] 2/0/2 (Cache flush) PTR Vasus-iPhone-13.local., (Cache flush) PTR Vasus-iPhone-13.local. (191)
19:42:12.757209 IP vyrazu-35-ThinkCentre-M70t.34916 > ec2-3-6-30-85.ap-south-1.compute.amazonaws.com.http: Flags [.], ack 1, win 501, options [nop,nop,TS val 3268727136 ecr 1456120726], length 0
19:42:12.757223 IP vyrazu-35-ThinkCentre-M70t.57330 > ec2-3-6-98-232.ap-south-1.compute.amazonaws.com.http: Flags [.], ack 1, win 501, options [nop,nop,TS val 4263169006 ecr 3143424230], length 0
19:42:12.760173 IP vyrazu-35-ThinkCentre-M70t.53798 > ec2-3-6-115-64.ap-south-1.compute.amazonaws.com.http: Flags [.], ack 1, win 501, options [nop,nop,TS val 3327816987 ecr 2970381228], length 0
19:42:12.767205 IP vyrazu-35-ThinkCentre-M70t.38390 > ec2-3-6-115-64.ap-south-1.compute.amazonaws.com.http: Flags [.], ack 1, win 501, options [nop,nop,TS val 3327816994 ecr 2970381237], length 0
19:42:12.780242 IP vyrazu-35-ThinkCentre-M70t.59792 > ec2-3-6-122-107.ap-south-1.compute.amazonaws.com.http: Flags [.], ack 1, win 501, options [nop,nop,TS val 215685976 ecr 1118635571], length 0
19:42:12.791665 IP ec2-3-6-30-85.ap-south-1.compute.amazonaws.com.http > vyrazu-35-ThinkCentre-M70t.34916: Flags [.], ack 1, win 442, options [nop,nop,TS val 1456121761 ecr 3268715545], length 0
19:42:12.794201 IP ec2-3-6-98-232.ap-south-1.compute.amazonaws.com.http > vyrazu-35-ThinkCentre-M70t.57330: Flags [.], ack 1, win 442, options [nop,nop,TS val 3143425265 ecr 4263162544], length 0
19:42:12.797813 IP ec2-3-6-115-64.ap-south-1.compute.amazonaws.com.http > vyrazu-35-ThinkCentre-M70t.53798: Flags [.], ack 1, win 1704, options [nop,nop,TS val 2970382267 ecr 3327810300], length 0
19:42:12.801643 IP ec2-3-6-115-64.ap-south-1.compute.amazonaws.com.http > vyrazu-35-ThinkCentre-M70t.38390: Flags [.], ack 1, win 2383, options [nop,nop,TS val 2970382272 ecr 3327803941], length 0
19:42:12.816405 IP ec2-3-6-122-107.ap-south-1.compute.amazonaws.com.http > vyrazu-35-ThinkCentre-M70t.59792: Flags [.], ack 1, win 448, options [nop,nop,TS val 1118636607 ecr 215681993], length 0
19:42:12.923248 IP6 fe80::86d:f15a:13b4:fd2c.mdns > ff02::fb.mdns: 0 [3q] PTR (QU)? _rdlink._tcp.local. PTR (QU)? _companion-link._tcp.local. PTR (QU)? lb._dns-sd._udp.local. (80)
19:42:12.976209 IP vyrazu-35-ThinkCentre-M70t.49294 > ec2-3-6-115-64.ap-south-1.compute.amazonaws.com.http: Flags [.], ack 1, win 501, options [nop,nop,TS val 3327817203 ecr 2970381444], length 0
19:42:13.019731 IP ec2-3-6-115-64.ap-south-1.compute.amazonaws.com.http > vyrazu-35-ThinkCentre-M70t.49294: Flags [.], ack 1, win 442, options [nop,nop,TS val 2970382489 ecr 3327802607], length 0
19:42:13.129562 IP 192.168.1.168.mdns > mdns.mcast.net.mdns: 0 [2q] [3n] ANY (QU)? 4004CBC1-0278-4E14-B589-35CE60842C39._remotepairing._tcp.local. ANY (QU)? Vasus-iPhone-13.local. (166)
19:42:13.129563 IP6 fe80::86d:f15a:13b4:fd2c.mdns > ff02::fb.mdns: 0 [2q] [3n] ANY (QU)? 4004CBC1-0278-4E14-B589-35CE60842C39._remotepairing._tcp.local. ANY (QU)? Vasus-iPhone-13.local. (166)
19:42:13.202308 IP vyrazu-35-ThinkCentre-M70t.54482 > ec2-3-6-115-182.ap-south-1.compute.amazonaws.com.http: Flags [.], ack 1, win 501, options [nop,nop,TS val 4239949266 ecr 35754167], length 0
19:42:13.244135 IP ec2-3-6-115-182.ap-south-1.compute.amazonaws.com.http > vyrazu-35-ThinkCentre-M70t.54482: Flags [.], ack 1, win 1769, options [nop,nop,TS val 35755246 ecr 4239942200], length 0
19:42:13.336193 IP6 fe80::86d:f15a:13b4:fd2c.mdns > ff02::fb.mdns: 0 [2q] [3n] ANY (QM)? 4004CBC1-0278-4E14-B589-35CE60842C39._remotepairing._tcp.local. ANY (QM)? Vasus-iPhone-13.local. (166)
19:42:13.336193 IP 192.168.1.168.mdns > mdns.mcast.net.mdns: 0 [2q] [3n] ANY (QM)? 4004CBC1-0278-4E14-B589-35CE60842C39._remotepairing._tcp.local. ANY (QM)? Vasus-iPhone-13.local. (166)
19:42:13.514209 IP vyrazu-35-ThinkCentre-M70t.41786 > ec2-3-6-30-85.ap-south-1.compute.amazonaws.com.http: Flags [.], ack 1, win 501, options [nop,nop,TS val 3268727893 ecr 1456121458], length 0
19:42:13.552125 IP ec2-3-6-30-85.ap-south-1.compute.amazonaws.com.http > vyrazu-35-ThinkCentre-M70t.41786: Flags [.], ack 1, win 2098, options [nop,nop,TS val 1456122521 ecr 3268723855], length 0
19:42:13.578210 IP vyrazu-35-ThinkCentre-M70t.60774 > ec2-3-6-30-85.ap-south-1.compute.amazonaws.com.http: Flags [.], ack 1, win 501, options [nop,nop,TS val 3268727957 ecr 1456121520], length 0
19:42:13.607819 IP6 vyrazu-35-ThinkCentre-M70t.mdns > ff02::fb.mdns: 0 PTR (QM)? 254.169.254.169.in-addr.arpa. (46)
19:42:13.607873 IP vyrazu-35-ThinkCentre-M70t.mdns > mdns.mcast.net.mdns: 0 PTR (QM)? 254.169.254.169.in-addr.arpa. (46)
19:42:13.611232 IP ec2-3-6-30-85.ap-south-1.compute.amazonaws.com.http > vyrazu-35-ThinkCentre-M70t.60774: Flags [.], ack 1, win 2168, options [nop,nop,TS val 1456122580 ecr 3268717470], length 0
19:42:13.611265 IP vyrazu-35-ThinkCentre-M70t.53220 > ec2-3-6-115-182.ap-south-1.compute.amazonaws.com.http: Flags [.], ack 1, win 501, options [nop,nop,TS val 4239949675 ecr 35754612], length 0
19:42:13.642185 IP vyrazu-35-ThinkCentre-M70t.57250 > ec2-3-6-115-182.ap-south-1.compute.amazonaws.com.http: Flags [.], ack 1, win 501, options [nop,nop,TS val 4239949706 ecr 35754625], length 0
19:42:13.644907 IP ec2-3-6-115-182.ap-south-1.compute.amazonaws.com.http > vyrazu-35-ThinkCentre-M70t.53220: Flags [.], ack 1, win 2239, options [nop,nop,TS val 35755646 ecr 4239945409], length 0
19:42:13.677970 IP ec2-3-6-115-182.ap-south-1.compute.amazonaws.com.http > vyrazu-35-ThinkCentre-M70t.57250: Flags [.], ack 1, win 3646, options [nop,nop,TS val 35755679 ecr 4239939650], length 0
19:42:13.743371 IP ec2-3-6-115-64.ap-south-1.compute.amazonaws.com.http > vyrazu-35-ThinkCentre-M70t.49294: Flags [.], ack 1, win 442, options [nop,nop,TS val 2970383211 ecr 3327802607], length 0
19:42:13.743402 IP vyrazu-35-ThinkCentre-M70t.49294 > ec2-3-6-115-64.ap-south-1.compute.amazonaws.com.http: Flags [.], ack 1, win 501, options [nop,nop,TS val 3327817970 ecr 2970382489], length 0
19:42:13.793218 IP vyrazu-35-ThinkCentre-M70t.34916 > ec2-3-6-30-85.ap-south-1.compute.amazonaws.com.http: Flags [.], ack 1, win 501, options [nop,nop,TS val 3268728172 ecr 1456121761], length 0
19:42:13.795209 IP vyrazu-35-ThinkCentre-M70t.57330 > ec2-3-6-98-232.ap-south-1.compute.amazonaws.com.http: Flags [.], ack 1, win 501, options [nop,nop,TS val 4263170044 ecr 3143425265], length 0
19:42:13.798199 IP vyrazu-35-ThinkCentre-M70t.53798 > ec2-3-6-115-64.ap-south-1.compute.amazonaws.com.http: Flags [.], ack 1, win 501, options [nop,nop,TS val 3327818025 ecr 2970382267], length 0
19:42:13.802284 IP vyrazu-35-ThinkCentre-M70t.38390 > ec2-3-6-115-64.ap-south-1.compute.amazonaws.com.http: Flags [.], ack 1, win 501, options [nop,nop,TS val 3327818029 ecr 2970382272], length 0
19:42:13.827042 IP ec2-3-6-30-85.ap-south-1.compute.amazonaws.com.http > vyrazu-35-ThinkCentre-M70t.34916: Flags [.], ack 1, win 442, options [nop,nop,TS val 1456122796 ecr 3268715545], length 0
19:42:13.828527 IP ec2-3-6-98-232.ap-south-1.compute.amazonaws.com.http > vyrazu-35-ThinkCentre-M70t.57330: Flags [.], ack 1, win 442, options [nop,nop,TS val 3143426301 ecr 4263162544], length 0
19:42:13.834225 IP vyrazu-35-ThinkCentre-M70t.59792 > ec2-3-6-122-107.ap-south-1.compute.amazonaws.com.http: Flags [.], ack 1, win 501, options [nop,nop,TS val 215687030 ecr 1118636607], length 0
19:42:13.835030 IP ec2-3-6-115-64.ap-south-1.compute.amazonaws.com.http > vyrazu-35-ThinkCentre-M70t.53798: Flags [.], ack 1, win 1704, options [nop,nop,TS val 2970383303 ecr 3327810300], length 0
19:42:13.837449 IP ec2-3-6-115-64.ap-south-1.compute.amazonaws.com.http > vyrazu-35-ThinkCentre-M70t.38390: Flags [.], ack 1, win 2383, options [nop,nop,TS val 2970383306 ecr 3327803941], length 0
19:42:13.868981 IP ec2-3-6-122-107.ap-south-1.compute.amazonaws.com.http > vyrazu-35-ThinkCentre-M70t.59792: Flags [.], ack 1, win 448, options [nop,nop,TS val 1118637661 ecr 215681993], length 0
19:42:13.948016 IP6 fe80::86d:f15a:13b4:fd2c.mdns > ff02::fb.mdns: 0 [1a] [3q] PTR (QM)? _rdlink._tcp.local. PTR (QM)? _companion-link._tcp.local. PTR (QM)? lb._dns-sd._udp.local. (106)
19:42:13.948016 IP 192.168.1.168.mdns > mdns.mcast.net.mdns: 0*- [0q] 6/0/2 (Cache flush) TXT "identifier=4004CBC1-0278-4E14-B589-35CE60842C39" "authTag=Ec8F9SP+" "ver=24" "minVer=8" "flags=0", PTR _remotepairing._tcp.local., PTR 4004CBC1-0278-4E14-B589-35CE60842C39._remotepairing._tcp.local., (Cache flush) SRV Vasus-iPhone-13.local.:49152 0 0, (Cache flush) AAAA fe80::86d:f15a:13b4:fd2c, (Cache flush) A 192.168.1.168 (347)
19:42:13.948016 IP6 fe80::86d:f15a:13b4:fd2c.mdns > ff02::fb.mdns: 0*- [0q] 6/0/2 (Cache flush) TXT "identifier=4004CBC1-0278-4E14-B589-35CE60842C39" "authTag=Ec8F9SP+" "ver=24" "minVer=8" "flags=0", PTR _remotepairing._tcp.local., PTR 4004CBC1-0278-4E14-B589-35CE60842C39._remotepairing._tcp.local., (Cache flush) SRV Vasus-iPhone-13.local.:49152 0 0, (Cache flush) AAAA fe80::86d:f15a:13b4:fd2c, (Cache flush) A 192.168.1.168 (347)
19:42:14.027213 IP vyrazu-35-ThinkCentre-M70t.49294 > ec2-3-6-115-64.ap-south-1.compute.amazonaws.com.http: Flags [.], ack 1, win 501, options [nop,nop,TS val 3327818254 ecr 2970382489], length 0
19:42:14.067895 IP ec2-3-6-115-64.ap-south-1.compute.amazonaws.com.http > vyrazu-35-ThinkCentre-M70t.49294: Flags [.], ack 1, win 442, options [nop,nop,TS val 2970383538 ecr 3327817970], length 0
19:42:14.244261 IP vyrazu-35-ThinkCentre-M70t.54482 > ec2-3-6-115-182.ap-south-1.compute.amazonaws.com.http: Flags [.], ack 1, win 501, options [nop,nop,TS val 4239950308 ecr 35755246], length 0
19:42:14.247294 IP 104.18.16.5.https > vyrazu-35-ThinkCentre-M70t.47332: Flags [P.], seq 547977048:547977108, ack 274259720, win 17, options [nop,nop,TS val 2147754549 ecr 4177524791], length 60
19:42:14.287219 IP ec2-3-6-115-182.ap-south-1.compute.amazonaws.com.http > vyrazu-35-ThinkCentre-M70t.54482: Flags [.], ack 1, win 1769, options [nop,nop,TS val 35756288 ecr 4239942200], length 0
19:42:14.288267 IP vyrazu-35-ThinkCentre-M70t.47332 > 104.18.16.5.https: Flags [.], ack 60, win 452, options [nop,nop,TS val 4177528818 ecr 2147754549], length 0
19:42:14.296978 IP vyrazu-35-ThinkCentre-M70t.37082 > pnbomb-bb-in-f14.1e100.net.https: Flags [P.], seq 2391905784:2391905823, ack 2986555938, win 431, options [nop,nop,TS val 1457587792 ecr 3401698774], length 39
19:42:14.333482 IP pnbomb-bb-in-f14.1e100.net.https > vyrazu-35-ThinkCentre-M70t.37082: Flags [.], ack 39, win 1033, options [nop,nop,TS val 3401757671 ecr 1457587792], length 0
19:42:14.334859 IP pnbomb-bb-in-f14.1e100.net.https > vyrazu-35-ThinkCentre-M70t.37082: Flags [P.], seq 1:40, ack 39, win 1033, options [nop,nop,TS val 3401757671 ecr 1457587792], length 39
19:42:14.375253 IP vyrazu-35-ThinkCentre-M70t.37082 > pnbomb-bb-in-f14.1e100.net.https: Flags [.], ack 40, win 431, options [nop,nop,TS val 1457587871 ecr 3401757671], length 0
19:42:14.552182 IP vyrazu-35-ThinkCentre-M70t.41786 > ec2-3-6-30-85.ap-south-1.compute.amazonaws.com.http: Flags [.], ack 1, win 501, options [nop,nop,TS val 3268728931 ecr 1456122521], length 0
19:42:14.555387 IP 172.65.251.78.https > vyrazu-35-ThinkCentre-M70t.55128: Flags [F.], seq 84, ack 1, win 18, options [nop,nop,TS val 3238515345 ecr 3509793990], length 0
19:42:14.555399 IP vyrazu-35-ThinkCentre-M70t.55128 > 172.65.251.78.https: Flags [.], ack 60, win 472, options [nop,nop,TS val 3509796497 ecr 3238512851,nop,nop,sack 1 {84:85}], length 0
19:42:14.556748 IP 172.65.251.78.https > vyrazu-35-ThinkCentre-M70t.55128: Flags [P.], seq 60:84, ack 1, win 18, options [nop,nop,TS val 3238515345 ecr 3509793990], length 24
19:42:14.556756 IP vyrazu-35-ThinkCentre-M70t.55128 > 172.65.251.78.https: Flags [.], ack 85, win 472, options [nop,nop,TS val 3509796498 ecr 3238515345], length 0
19:42:14.556878 IP vyrazu-35-ThinkCentre-M70t.55128 > 172.65.251.78.https: Flags [P.], seq 1:25, ack 85, win 472, options [nop,nop,TS val 3509796498 ecr 3238515345], length 24
19:42:14.586605 IP ec2-3-6-30-85.ap-south-1.compute.amazonaws.com.http > vyrazu-35-ThinkCentre-M70t.41786: Flags [.], ack 1, win 2098, options [nop,nop,TS val 1456123556 ecr 3268723855], length 0
19:42:14.593690 IP 172.65.251.78.https > vyrazu-35-ThinkCentre-M70t.55128: Flags [.], ack 25, win 18, options [nop,nop,TS val 3238515396 ecr 3509796498], length 0
19:42:14.612210 IP vyrazu-35-ThinkCentre-M70t.60774 > ec2-3-6-30-85.ap-south-1.compute.amazonaws.com.http: Flags [.], ack 1, win 501, options [nop,nop,TS val 3268728991 ecr 1456122580], length 0
19:42:14.645762 IP ec2-3-6-30-85.ap-south-1.compute.amazonaws.com.http > vyrazu-35-ThinkCentre-M70t.60774: Flags [.], ack 1, win 2168, options [nop,nop,TS val 1456123615 ecr 3268717470], length 0
19:42:14.666272 IP vyrazu-35-ThinkCentre-M70t.53220 > ec2-3-6-115-182.ap-south-1.compute.amazonaws.com.http: Flags [.], ack 1, win 501, options [nop,nop,TS val 4239950730 ecr 35755646], length 0
19:42:14.678284 IP vyrazu-35-ThinkCentre-M70t.57250 > ec2-3-6-115-182.ap-south-1.compute.amazonaws.com.http: Flags [.], ack 1, win 501, options [nop,nop,TS val 4239950742 ecr 35755679], length 0
19:42:14.687670 IP vyrazu-35-ThinkCentre-M70t.41666 > 162.247.241.14.https: Flags [P.], seq 1100438918:1100440303, ack 4058126477, win 405, options [nop,nop,TS val 210775345 ecr 1666854607], length 1385
19:42:14.687685 IP vyrazu-35-ThinkCentre-M70t.50134 > _gateway.domain: 21314+ [1au] A? bam.nr-data.net. (44)
19:42:14.687743 IP vyrazu-35-ThinkCentre-M70t.41846 > _gateway.domain: 56267+ [1au] HTTPS? bam.nr-data.net. (44)
19:42:14.699726 IP ec2-3-6-115-182.ap-south-1.compute.amazonaws.com.http > vyrazu-35-ThinkCentre-M70t.53220: Flags [.], ack 1, win 2239, options [nop,nop,TS val 35756701 ecr 4239945409], length 0
19:42:14.704841 IP _gateway.domain > vyrazu-35-ThinkCentre-M70t.50134: 21314 3/0/1 CNAME bam.cell.nr-data.net., CNAME fastly-tls12-bam.nr-data.net., A 162.247.243.29 (125)
19:42:14.706058 IP _gateway.domain > vyrazu-35-ThinkCentre-M70t.41846: 56267 2/1/1 CNAME bam.cell.nr-data.net., CNAME fastly-tls12-bam.nr-data.net. (183)
19:42:14.706325 IP vyrazu-35-ThinkCentre-M70t.59860 > _gateway.domain: 55100+ [1au] HTTPS? fastly-tls12-bam.nr-data.net. (57)
19:42:14.712927 IP ec2-3-6-115-182.ap-south-1.compute.amazonaws.com.http > vyrazu-35-ThinkCentre-M70t.57250: Flags [.], ack 1, win 3646, options [nop,nop,TS val 35756714 ecr 4239939650], length 0
19:42:14.722303 IP _gateway.domain > vyrazu-35-ThinkCentre-M70t.59860: 55100 0/1/1 (131)
19:42:14.801442 IP 162.247.241.14.https > vyrazu-35-ThinkCentre-M70t.41666: Flags [.], ack 1385, win 19, options [nop,nop,TS val 1666869582 ecr 210775345], length 0
19:42:14.802227 IP vyrazu-35-ThinkCentre-M70t.55128 > 172.65.251.78.https: Flags [FP.], seq 25, ack 85, win 472, options [nop,nop,TS val 3509796744 ecr 3238515396], length 0
19:42:14.825155 IP vyrazu-35-ThinkCentre-M70t.35436 > bom12s11-in-f4.1e100.net.https: Flags [P.], seq 869030252:869030437, ack 979416712, win 3039, options [nop,nop,TS val 4258682986 ecr 3921015184], length 185
19:42:14.825533 IP vyrazu-35-ThinkCentre-M70t.35436 > bom12s11-in-f4.1e100.net.https: Flags [P.], seq 185:216, ack 1, win 3039, options [nop,nop,TS val 4258682987 ecr 3921015184], length 31
19:42:14.827285 IP vyrazu-35-ThinkCentre-M70t.34916 > ec2-3-6-30-85.ap-south-1.compute.amazonaws.com.http: Flags [.], ack 1, win 501, options [nop,nop,TS val 3268729206 ecr 1456122796], length 0
19:42:14.838576 IP 172.65.251.78.https > vyrazu-35-ThinkCentre-M70t.55128: Flags [.], ack 26, win 18, options [nop,nop,TS val 3238515641 ecr 3509796744], length 0
19:42:14.847551 IP vyrazu-35-ThinkCentre-M70t.35450 > bom12s11-in-f4.1e100.net.https: Flags [P.], seq 2045721958:2045722051, ack 993753995, win 296, options [nop,nop,TS val 4258683009 ecr 152248047], length 93
19:42:14.858187 IP vyrazu-35-ThinkCentre-M70t.53798 > ec2-3-6-115-64.ap-south-1.compute.amazonaws.com.http: Flags [.], ack 1, win 501, options [nop,nop,TS val 3327819085 ecr 2970383303], length 0
19:42:14.858208 IP vyrazu-35-ThinkCentre-M70t.38390 > ec2-3-6-115-64.ap-south-1.compute.amazonaws.com.http: Flags [.], ack 1, win 501, options [nop,nop,TS val 3327819085 ecr 2970383306], length 0
19:42:14.858216 IP vyrazu-35-ThinkCentre-M70t.57330 > ec2-3-6-98-232.ap-south-1.compute.amazonaws.com.http: Flags [.], ack 1, win 501, options [nop,nop,TS val 4263171107 ecr 3143426301], length 0
19:42:14.859562 IP ec2-3-6-30-85.ap-south-1.compute.amazonaws.com.http > vyrazu-35-ThinkCentre-M70t.34916: Flags [.], ack 1, win 442, options [nop,nop,TS val 1456123829 ecr 3268715545], length 0
19:42:14.860450 IP bom12s11-in-f4.1e100.net.https > vyrazu-35-ThinkCentre-M70t.35436: Flags [.], ack 185, win 1012, options [nop,nop,TS val 3921068323 ecr 4258682986], length 0
19:42:14.861629 IP bom12s11-in-f4.1e100.net.https > vyrazu-35-ThinkCentre-M70t.35436: Flags [.], ack 216, win 1012, options [nop,nop,TS val 3921068324 ecr 4258682987], length 0
19:42:14.869224 IP vyrazu-35-ThinkCentre-M70t.59792 > ec2-3-6-122-107.ap-south-1.compute.amazonaws.com.http: Flags [.], ack 1, win 501, options [nop,nop,TS val 215688065 ecr 1118637661], length 0
19:42:14.889749 IP bom12s11-in-f4.1e100.net.https > vyrazu-35-ThinkCentre-M70t.35450: Flags [.], ack 93, win 1042, options [nop,nop,TS val 152252621 ecr 4258683009], length 0
19:42:14.890858 IP ec2-3-6-98-232.ap-south-1.compute.amazonaws.com.http > vyrazu-35-ThinkCentre-M70t.57330: Flags [.], ack 1, win 442, options [nop,nop,TS val 3143427364 ecr 4263162544], length 0
19:42:14.892760 IP ec2-3-6-115-64.ap-south-1.compute.amazonaws.com.http > vyrazu-35-ThinkCentre-M70t.38390: Flags [.], ack 1, win 2383, options [nop,nop,TS val 2970384363 ecr 3327803941], length 0
19:42:14.892761 IP ec2-3-6-115-64.ap-south-1.compute.amazonaws.com.http > vyrazu-35-ThinkCentre-M70t.53798: Flags [.], ack 1, win 1704, options [nop,nop,TS val 2970384363 ecr 3327810300], length 0
19:42:14.903704 IP ec2-3-6-122-107.ap-south-1.compute.amazonaws.com.http > vyrazu-35-ThinkCentre-M70t.59792: Flags [.], ack 1, win 448, options [nop,nop,TS val 1118638696 ecr 215681993], length 0
19:42:14.928481 IP bom12s11-in-f4.1e100.net.https > vyrazu-35-ThinkCentre-M70t.35436: Flags [P.], seq 1:226, ack 216, win 1012, options [nop,nop,TS val 3921068391 ecr 4258682987], length 225
19:42:14.928525 IP bom12s11-in-f4.1e100.net.https > vyrazu-35-ThinkCentre-M70t.35436: Flags [P.], seq 226:257, ack 216, win 1012, options [nop,nop,TS val 3921068391 ecr 4258682987], length 31
19:42:14.928526 IP bom12s11-in-f4.1e100.net.https > vyrazu-35-ThinkCentre-M70t.35436: Flags [P.], seq 257:296, ack 216, win 1012, options [nop,nop,TS val 3921068391 ecr 4258682987], length 39
19:42:14.928869 IP vyrazu-35-ThinkCentre-M70t.35436 > bom12s11-in-f4.1e100.net.https: Flags [.], ack 296, win 3039, options [nop,nop,TS val 4258683090 ecr 3921068391], length 0
19:42:14.928907 IP vyrazu-35-ThinkCentre-M70t.35436 > bom12s11-in-f4.1e100.net.https: Flags [P.], seq 216:255, ack 296, win 3039, options [nop,nop,TS val 4258683090 ecr 3921068391], length 39
19:42:14.968004 IP bom12s11-in-f4.1e100.net.https > vyrazu-35-ThinkCentre-M70t.35436: Flags [.], ack 255, win 1012, options [nop,nop,TS val 3921068430 ecr 4258683090], length 0
19:42:14.981187 ARP, Request who-has 169.254.169.254 tell 192.168.1.181, length 28
19:42:14.994371 IP bom12s11-in-f4.1e100.net.https > vyrazu-35-ThinkCentre-M70t.35450: Flags [P.], seq 1:229, ack 93, win 1042, options [nop,nop,TS val 152252725 ecr 4258683009], length 228
19:42:14.994372 IP bom12s11-in-f4.1e100.net.https > vyrazu-35-ThinkCentre-M70t.35450: Flags [P.], seq 229:584, ack 93, win 1042, options [nop,nop,TS val 152252725 ecr 4258683009], length 355
19:42:14.994402 IP vyrazu-35-ThinkCentre-M70t.35450 > bom12s11-in-f4.1e100.net.https: Flags [.], ack 229, win 295, options [nop,nop,TS val 4258683156 ecr 152252725], length 0
19:42:14.994424 IP vyrazu-35-ThinkCentre-M70t.35450 > bom12s11-in-f4.1e100.net.https: Flags [.], ack 584, win 293, options [nop,nop,TS val 4258683156 ecr 152252725], length 0
19:42:14.995591 IP bom12s11-in-f4.1e100.net.https > vyrazu-35-ThinkCentre-M70t.35450: Flags [P.], seq 584:616, ack 93, win 1042, options [nop,nop,TS val 152252727 ecr 4258683009], length 32
19:42:14.995592 IP bom12s11-in-f4.1e100.net.https > vyrazu-35-ThinkCentre-M70t.35450: Flags [P.], seq 616:647, ack 93, win 1042, options [nop,nop,TS val 152252727 ecr 4258683009], length 31
19:42:14.995592 IP bom12s11-in-f4.1e100.net.https > vyrazu-35-ThinkCentre-M70t.35450: Flags [P.], seq 647:686, ack 93, win 1042, options [nop,nop,TS val 152252727 ecr 4258683009], length 39
19:42:14.995611 IP vyrazu-35-ThinkCentre-M70t.35450 > bom12s11-in-f4.1e100.net.https: Flags [.], ack 616, win 293, options [nop,nop,TS val 4258683157 ecr 152252727], length 0
19:42:14.995625 IP vyrazu-35-ThinkCentre-M70t.35450 > bom12s11-in-f4.1e100.net.https: Flags [.], ack 647, win 293, options [nop,nop,TS val 4258683157 ecr 152252727], length 0
19:42:14.995631 IP vyrazu-35-ThinkCentre-M70t.35450 > bom12s11-in-f4.1e100.net.https: Flags [.], ack 686, win 293, options [nop,nop,TS val 4258683157 ecr 152252727], length 0
19:42:14.995783 IP vyrazu-35-ThinkCentre-M70t.35450 > bom12s11-in-f4.1e100.net.https: Flags [P.], seq 93:132, ack 686, win 293, options [nop,nop,TS val 4258683157 ecr 152252727], length 39
19:42:15.014363 IP 162.247.241.14.https > vyrazu-35-ThinkCentre-M70t.41666: Flags [P.], seq 1:430, ack 1385, win 19, options [nop,nop,TS val 1666869794 ecr 210775345], length 429
19:42:15.014384 IP vyrazu-35-ThinkCentre-M70t.41666 > 162.247.241.14.https: Flags [.], ack 430, win 402, options [nop,nop,TS val 210775672 ecr 1666869794], length 0
19:42:15.027502 IP vyrazu-35-ThinkCentre-M70t.48418 > ec2-3-71-145-122.eu-central-1.compute.amazonaws.com.https: Flags [P.], seq 738702512:738702719, ack 3551909217, win 348, options [nop,nop,TS val 3128081156 ecr 1047277201], length 207
19:42:15.028807 IP vyrazu-35-ThinkCentre-M70t.48418 > ec2-3-71-145-122.eu-central-1.compute.amazonaws.com.https: Flags [P.], seq 207:246, ack 1, win 348, options [nop,nop,TS val 3128081157 ecr 1047277201], length 39
19:42:15.030580 IP ec2-3-6-115-64.ap-south-1.compute.amazonaws.com.http > vyrazu-35-ThinkCentre-M70t.38390: Flags [.], ack 1, win 2383, options [nop,nop,TS val 2970384501 ecr 3327803941], length 0
19:42:15.030618 IP vyrazu-35-ThinkCentre-M70t.38390 > ec2-3-6-115-64.ap-south-1.compute.amazonaws.com.http: Flags [.], ack 1, win 501, options [nop,nop,TS val 3327819257 ecr 2970384363], length 0
19:42:15.031956 IP bom12s11-in-f4.1e100.net.https > vyrazu-35-ThinkCentre-M70t.35450: Flags [.], ack 132, win 1042, options [nop,nop,TS val 152252763 ecr 4258683157], length 0
19:42:15.068218 IP vyrazu-35-ThinkCentre-M70t.49294 > ec2-3-6-115-64.ap-south-1.compute.amazonaws.com.http: Flags [.], ack 1, win 501, options [nop,nop,TS val 3327819295 ecr 2970383538], length 0
19:42:15.108573 IP ec2-3-6-115-64.ap-south-1.compute.amazonaws.com.http > vyrazu-35-ThinkCentre-M70t.49294: Flags [.], ack 1, win 442, options [nop,nop,TS val 2970384578 ecr 3327817970], length 0
19:42:15.306232 IP vyrazu-35-ThinkCentre-M70t.54482 > ec2-3-6-115-182.ap-south-1.compute.amazonaws.com.http: Flags [.], ack 1, win 501, options [nop,nop,TS val 4239951370 ecr 35756288], length 0
19:42:15.348276 IP ec2-3-6-115-182.ap-south-1.compute.amazonaws.com.http > vyrazu-35-ThinkCentre-M70t.54482: Flags [.], ack 1, win 1769, options [nop,nop,TS val 35757350 ecr 4239942200], length 0
19:42:15.563284 IP vyrazu-35-ThinkCentre-M70t.48418 > ec2-3-71-145-122.eu-central-1.compute.amazonaws.com.https: Flags [P.], seq 207:246, ack 1, win 348, options [nop,nop,TS val 3128081692 ecr 1047277201], length 39
19:42:15.587398 IP vyrazu-35-ThinkCentre-M70t.41786 > ec2-3-6-30-85.ap-south-1.compute.amazonaws.com.http: Flags [.], ack 1, win 501, options [nop,nop,TS val 3268729966 ecr 1456123556], length 0
19:42:15.587564 IP6 fe80::86d:f15a:13b4:fd2c.mdns > ff02::fb.mdns: 0*- [0q] 2/0/2 (Cache flush) PTR Vasus-iPhone-13.local., (Cache flush) PTR Vasus-iPhone-13.local. (191)
19:42:15.609150 IP6 vyrazu-35-ThinkCentre-M70t.mdns > ff02::fb.mdns: 0 PTR (QM)? 254.169.254.169.in-addr.arpa. (46)
19:42:15.609319 IP vyrazu-35-ThinkCentre-M70t.mdns > mdns.mcast.net.mdns: 0 PTR (QM)? 254.169.254.169.in-addr.arpa. (46)
19:42:15.619613 IP ec2-3-6-30-85.ap-south-1.compute.amazonaws.com.http > vyrazu-35-ThinkCentre-M70t.41786: Flags [.], ack 1, win 2098, options [nop,nop,TS val 1456124589 ecr 3268723855], length 0
19:42:15.646234 IP vyrazu-35-ThinkCentre-M70t.60774 > ec2-3-6-30-85.ap-south-1.compute.amazonaws.com.http: Flags [.], ack 1, win 501, options [nop,nop,TS val 3268730025 ecr 1456123615], length 0
19:42:15.679072 IP ec2-3-6-30-85.ap-south-1.compute.amazonaws.com.http > vyrazu-35-ThinkCentre-M70t.60774: Flags [.], ack 1, win 2168, options [nop,nop,TS val 1456124648 ecr 3268717470], length 0
19:42:15.700216 IP vyrazu-35-ThinkCentre-M70t.53220 > ec2-3-6-115-182.ap-south-1.compute.amazonaws.com.http: Flags [.], ack 1, win 501, options [nop,nop,TS val 4239951764 ecr 35756701], length 0
19:42:15.713276 IP vyrazu-35-ThinkCentre-M70t.57250 > ec2-3-6-115-182.ap-south-1.compute.amazonaws.com.http: Flags [.], ack 1, win 501, options [nop,nop,TS val 4239951777 ecr 35756714], length 0
19:42:15.732548 IP ec2-3-6-115-182.ap-south-1.compute.amazonaws.com.http > vyrazu-35-ThinkCentre-M70t.53220: Flags [.], ack 1, win 2239, options [nop,nop,TS val 35757734 ecr 4239945409], length 0
19:42:15.748459 IP ec2-3-6-115-182.ap-south-1.compute.amazonaws.com.http > vyrazu-35-ThinkCentre-M70t.57250: Flags [.], ack 1, win 3646, options [nop,nop,TS val 35757750 ecr 4239939650], length 0
19:42:15.792638 IP 192.168.1.168.mdns > mdns.mcast.net.mdns: 0*- [0q] 1/0/0 PTR 4004CBC1-0278-4E14-B589-35CE60842C39._remotepairing._tcp.local. (88)
19:42:15.792640 IP6 fe80::86d:f15a:13b4:fd2c.mdns > ff02::fb.mdns: 0*- [0q] 1/0/0 PTR 4004CBC1-0278-4E14-B589-35CE60842C39._remotepairing._tcp.local. (88)
19:42:15.882280 IP vyrazu-35-ThinkCentre-M70t.34916 > ec2-3-6-30-85.ap-south-1.compute.amazonaws.com.http: Flags [.], ack 1, win 501, options [nop,nop,TS val 3268730261 ecr 1456123829], length 0
19:42:15.891211 IP vyrazu-35-ThinkCentre-M70t.57330 > ec2-3-6-98-232.ap-south-1.compute.amazonaws.com.http: Flags [.], ack 1, win 501, options [nop,nop,TS val 4263172140 ecr 3143427364], length 0
19:42:15.893198 IP vyrazu-35-ThinkCentre-M70t.53798 > ec2-3-6-115-64.ap-south-1.compute.amazonaws.com.http: Flags [.], ack 1, win 501, options [nop,nop,TS val 3327820120 ecr 2970384363], length 0
19:42:15.893226 IP vyrazu-35-ThinkCentre-M70t.38390 > ec2-3-6-115-64.ap-south-1.compute.amazonaws.com.http: Flags [.], ack 1, win 501, options [nop,nop,TS val 3327820120 ecr 2970384363], length 0
19:42:15.904274 IP vyrazu-35-ThinkCentre-M70t.59792 > ec2-3-6-122-107.ap-south-1.compute.amazonaws.com.http: Flags [.], ack 1, win 501, options [nop,nop,TS val 215689100 ecr 1118638696], length 0
19:42:15.916677 IP ec2-3-6-30-85.ap-south-1.compute.amazonaws.com.http > vyrazu-35-ThinkCentre-M70t.34916: Flags [.], ack 1, win 442, options [nop,nop,TS val 1456124886 ecr 3268715545], length 0
19:42:15.926274 IP ec2-3-6-98-232.ap-south-1.compute.amazonaws.com.http > vyrazu-35-ThinkCentre-M70t.57330: Flags [.], ack 1, win 442, options [nop,nop,TS val 3143428398 ecr 4263162544], length 0
19:42:15.927320 IP ec2-3-6-115-64.ap-south-1.compute.amazonaws.com.http > vyrazu-35-ThinkCentre-M70t.53798: Flags [.], ack 1, win 1704, options [nop,nop,TS val 2970385397 ecr 3327810300], length 0
19:42:15.927321 IP ec2-3-6-115-64.ap-south-1.compute.amazonaws.com.http > vyrazu-35-ThinkCentre-M70t.38390: Flags [.], ack 1, win 2383, options [nop,nop,TS val 2970385397 ecr 3327819257], length 0
19:42:15.938340 IP ec2-3-6-122-107.ap-south-1.compute.amazonaws.com.http > vyrazu-35-ThinkCentre-M70t.59792: Flags [.], ack 1, win 448, options [nop,nop,TS val 1118639730 ecr 215681993], length 0
19:42:16.004196 ARP, Request who-has 169.254.169.254 tell 192.168.1.181, length 28
19:42:16.109285 IP vyrazu-35-ThinkCentre-M70t.49294 > ec2-3-6-115-64.ap-south-1.compute.amazonaws.com.http: Flags [.], ack 1, win 501, options [nop,nop,TS val 3327820336 ecr 2970384578], length 0
19:42:16.150880 IP ec2-3-6-115-64.ap-south-1.compute.amazonaws.com.http > vyrazu-35-ThinkCentre-M70t.49294: Flags [.], ack 1, win 442, options [nop,nop,TS val 2970385621 ecr 3327817970], length 0
19:42:16.198998 ARP, Request who-has 192.168.1.57 tell _gateway, length 28
19:42:16.246072 IP vyrazu-35-ThinkCentre-M70t.35436 > bom12s11-in-f4.1e100.net.https: Flags [P.], seq 255:324, ack 296, win 3039, options [nop,nop,TS val 4258684407 ecr 3921068430], length 69
19:42:16.247312 IP vyrazu-35-ThinkCentre-M70t.36869 > _gateway.domain: 29975+ [1au] A? www.gstatic.com. (44)
19:42:16.247533 IP vyrazu-35-ThinkCentre-M70t.38378 > _gateway.domain: 28020+ [1au] AAAA? www.gstatic.com. (44)
19:42:16.261099 IP _gateway.domain > vyrazu-35-ThinkCentre-M70t.36869: 29975 1/0/1 A 172.217.174.67 (60)
19:42:16.261361 IP _gateway.domain > vyrazu-35-ThinkCentre-M70t.38378: 28020 1/0/1 AAAA 2404:6800:4009:828::2003 (72)
19:42:16.281694 IP bom12s11-in-f4.1e100.net.https > vyrazu-35-ThinkCentre-M70t.35436: Flags [.], ack 324, win 1012, options [nop,nop,TS val 3921069744 ecr 4258684407], length 0
19:42:16.350217 IP vyrazu-35-ThinkCentre-M70t.54482 > ec2-3-6-115-182.ap-south-1.compute.amazonaws.com.http: Flags [.], ack 1, win 501, options [nop,nop,TS val 4239952414 ecr 35757350], length 0
19:42:16.390903 IP ec2-3-6-115-182.ap-south-1.compute.amazonaws.com.http > vyrazu-35-ThinkCentre-M70t.54482: Flags [.], ack 1, win 1769, options [nop,nop,TS val 35758393 ecr 4239942200], length 0
19:42:16.506723 IP bom12s11-in-f4.1e100.net.https > vyrazu-35-ThinkCentre-M70t.35436: Flags [P.], seq 296:533, ack 324, win 1012, options [nop,nop,TS val 3921069960 ecr 4258684407], length 237
19:42:16.506724 IP bom12s11-in-f4.1e100.net.https > vyrazu-35-ThinkCentre-M70t.35436: Flags [P.], seq 533:1933, ack 324, win 1012, options [nop,nop,TS val 3921069960 ecr 4258684407], length 1400
19:42:16.506724 IP bom12s11-in-f4.1e100.net.https > vyrazu-35-ThinkCentre-M70t.35436: Flags [P.], seq 1933:3333, ack 324, win 1012, options [nop,nop,TS val 3921069960 ecr 4258684407], length 1400
19:42:16.506724 IP bom12s11-in-f4.1e100.net.https > vyrazu-35-ThinkCentre-M70t.35436: Flags [P.], seq 3333:5099, ack 324, win 1012, options [nop,nop,TS val 3921069961 ecr 4258684407], length 1766
19:42:16.506838 IP vyrazu-35-ThinkCentre-M70t.35436 > bom12s11-in-f4.1e100.net.https: Flags [.], ack 5099, win 3004, options [nop,nop,TS val 4258684668 ecr 3921069960], length 0
19:42:16.514725 IP vyrazu-35-ThinkCentre-M70t.35436 > bom12s11-in-f4.1e100.net.https: Flags [P.], seq 324:522, ack 5099, win 3039, options [nop,nop,TS val 4258684676 ecr 3921069960], length 198
19:42:16.515057 IP vyrazu-35-ThinkCentre-M70t.35436 > bom12s11-in-f4.1e100.net.https: Flags [P.], seq 522:553, ack 5099, win 3039, options [nop,nop,TS val 4258684676 ecr 3921069960], length 31
19:42:16.517583 IP ec2-3-6-30-85.ap-south-1.compute.amazonaws.com.http > vyrazu-35-ThinkCentre-M70t.34916: Flags [.], ack 1, win 442, options [nop,nop,TS val 1456125487 ecr 3268715545], length 0
19:42:16.517599 IP vyrazu-35-ThinkCentre-M70t.34916 > ec2-3-6-30-85.ap-south-1.compute.amazonaws.com.http: Flags [.], ack 1, win 501, options [nop,nop,TS val 3268730896 ecr 1456124886], length 0
19:42:16.552095 IP bom12s11-in-f4.1e100.net.https > vyrazu-35-ThinkCentre-M70t.35436: Flags [.], ack 324, win 1012, options [nop,nop,TS val 3921070014 ecr 4258684668,nop,nop,sack 1 {522:553}], length 0
19:42:16.563231 IP vyrazu-35-ThinkCentre-M70t.35436 > bom12s11-in-f4.1e100.net.https: Flags [P.], seq 324:522, ack 5099, win 3039, options [nop,nop,TS val 4258684725 ecr 3921070014], length 198
19:42:16.600599 IP bom12s11-in-f4.1e100.net.https > vyrazu-35-ThinkCentre-M70t.35436: Flags [.], ack 553, win 1012, options [nop,nop,TS val 3921070062 ecr 4258684725], length 0
19:42:16.605641 IP bom12s11-in-f4.1e100.net.https > vyrazu-35-ThinkCentre-M70t.35436: Flags [P.], seq 5099:6499, ack 553, win 1012, options [nop,nop,TS val 3921070067 ecr 4258684725], length 1400
19:42:16.605643 IP bom12s11-in-f4.1e100.net.https > vyrazu-35-ThinkCentre-M70t.35436: Flags [P.], seq 6499:7899, ack 553, win 1012, options [nop,nop,TS val 3921070067 ecr 4258684725], length 1400
19:42:16.605800 IP vyrazu-35-ThinkCentre-M70t.35436 > bom12s11-in-f4.1e100.net.https: Flags [.], ack 7899, win 3022, options [nop,nop,TS val 4258684767 ecr 3921070067], length 0
19:42:16.606928 IP bom12s11-in-f4.1e100.net.https > vyrazu-35-ThinkCentre-M70t.35436: Flags [P.], seq 7899:10699, ack 553, win 1012, options [nop,nop,TS val 3921070068 ecr 4258684725], length 2800
19:42:16.606961 IP vyrazu-35-ThinkCentre-M70t.35436 > bom12s11-in-f4.1e100.net.https: Flags [.], ack 10699, win 3022, options [nop,nop,TS val 4258684768 ecr 3921070068], length 0
19:42:16.609076 IP bom12s11-in-f4.1e100.net.https > vyrazu-35-ThinkCentre-M70t.35436: Flags [P.], seq 10699:13499, ack 553, win 1012, options [nop,nop,TS val 3921070068 ecr 4258684725], length 2800
19:42:16.609078 IP bom12s11-in-f4.1e100.net.https > vyrazu-35-ThinkCentre-M70t.35436: Flags [P.], seq 13499:16299, ack 553, win 1012, options [nop,nop,TS val 3921070069 ecr 4258684725], length 2800
19:42:16.609112 IP vyrazu-35-ThinkCentre-M70t.35436 > bom12s11-in-f4.1e100.net.https: Flags [.], ack 13499, win 3022, options [nop,nop,TS val 4258684770 ecr 3921070068], length 0
19:42:16.609248 IP vyrazu-35-ThinkCentre-M70t.35436 > bom12s11-in-f4.1e100.net.https: Flags [.], ack 16299, win 3004, options [nop,nop,TS val 4258684771 ecr 3921070069], length 0
19:42:16.610723 IP bom12s11-in-f4.1e100.net.https > vyrazu-35-ThinkCentre-M70t.35436: Flags [P.], seq 16299:19099, ack 553, win 1012, options [nop,nop,TS val 3921070070 ecr 4258684725], length 2800
19:42:16.610725 IP bom12s11-in-f4.1e100.net.https > vyrazu-35-ThinkCentre-M70t.35436: Flags [P.], seq 19099:21750, ack 553, win 1012, options [nop,nop,TS val 3921070071 ecr 4258684725], length 2651
19:42:16.610759 IP vyrazu-35-ThinkCentre-M70t.35436 > bom12s11-in-f4.1e100.net.https: Flags [.], ack 19099, win 3022, options [nop,nop,TS val 4258684772 ecr 3921070070], length 0
19:42:16.610878 IP vyrazu-35-ThinkCentre-M70t.35436 > bom12s11-in-f4.1e100.net.https: Flags [.], ack 21750, win 3004, options [nop,nop,TS val 4258684772 ecr 3921070071], length 0
19:42:16.627026 IP vyrazu-35-ThinkCentre-M70t.37844 > _gateway.domain: 36988+ [1au] A? csp.withgoogle.com. (47)
19:42:16.627585 IP vyrazu-35-ThinkCentre-M70t.60408 > bom12s20-in-f17.1e100.net.https: Flags [P.], seq 1672035388:1672035472, ack 3490740682, win 446, options [nop,nop,TS val 2595075900 ecr 2660018442], length 84
19:42:16.627645 IP vyrazu-35-ThinkCentre-M70t.60408 > bom12s20-in-f17.1e100.net.https: Flags [P.], seq 84:646, ack 1, win 446, options [nop,nop,TS val 2595075900 ecr 2660018442], length 562
19:42:16.642290 IP bom12s11-in-f4.1e100.net.https > vyrazu-35-ThinkCentre-M70t.35436: Flags [P.], seq 21750:23150, ack 553, win 1012, options [nop,nop,TS val 3921070103 ecr 4258684725], length 1400
19:42:16.642293 IP bom12s11-in-f4.1e100.net.https > vyrazu-35-ThinkCentre-M70t.35436: Flags [P.], seq 23150:24550, ack 553, win 1012, options [nop,nop,TS val 3921070104 ecr 4258684725], length 1400
19:42:16.642355 IP vyrazu-35-ThinkCentre-M70t.35436 > bom12s11-in-f4.1e100.net.https: Flags [.], ack 24550, win 3022, options [nop,nop,TS val 4258684804 ecr 3921070103], length 0
19:42:16.643728 IP bom12s11-in-f4.1e100.net.https > vyrazu-35-ThinkCentre-M70t.35436: Flags [P.], seq 24550:27350, ack 553, win 1012, options [nop,nop,TS val 3921070104 ecr 4258684725], length 2800
19:42:16.643742 IP vyrazu-35-ThinkCentre-M70t.35436 > bom12s11-in-f4.1e100.net.https: Flags [.], ack 27350, win 3022, options [nop,nop,TS val 4258684805 ecr 3921070104], length 0
19:42:16.644199 IP bom12s11-in-f4.1e100.net.https > vyrazu-35-ThinkCentre-M70t.35436: Flags [.], seq 27350:28750, ack 553, win 1012, options [nop,nop,TS val 3921070105 ecr 4258684725], length 1400
19:42:16.645387 IP bom12s11-in-f4.1e100.net.https > vyrazu-35-ThinkCentre-M70t.35436: Flags [P.], seq 28750:30150, ack 553, win 1012, options [nop,nop,TS val 3921070105 ecr 4258684725], length 1400
19:42:16.645387 IP bom12s11-in-f4.1e100.net.https > vyrazu-35-ThinkCentre-M70t.35436: Flags [P.], seq 30150:32950, ack 553, win 1012, options [nop,nop,TS val 3921070106 ecr 4258684725], length 2800
19:42:16.645388 IP bom12s11-in-f4.1e100.net.https > vyrazu-35-ThinkCentre-M70t.35436: Flags [P.], seq 32950:35750, ack 553, win 1012, options [nop,nop,TS val 3921070106 ecr 4258684725], length 2800
19:42:16.645398 IP vyrazu-35-ThinkCentre-M70t.35436 > bom12s11-in-f4.1e100.net.https: Flags [.], ack 30150, win 3030, options [nop,nop,TS val 4258684807 ecr 3921070105], length 0
19:42:16.645460 IP vyrazu-35-ThinkCentre-M70t.35436 > bom12s11-in-f4.1e100.net.https: Flags [.], ack 35750, win 2995, options [nop,nop,TS val 4258684807 ecr 3921070106], length 0
19:42:16.646407 IP bom12s11-in-f4.1e100.net.https > vyrazu-35-ThinkCentre-M70t.35436: Flags [.], seq 35750:37150, ack 553, win 1012, options [nop,nop,TS val 3921070107 ecr 4258684725], length 1400
19:42:16.646875 IP bom12s11-in-f4.1e100.net.https > vyrazu-35-ThinkCentre-M70t.35436: Flags [P.], seq 37150:38444, ack 553, win 1012, options [nop,nop,TS val 3921070107 ecr 4258684725], length 1294
19:42:16.646881 IP vyrazu-35-ThinkCentre-M70t.35436 > bom12s11-in-f4.1e100.net.https: Flags [.], ack 38444, win 3030, options [nop,nop,TS val 4258684808 ecr 3921070107], length 0
19:42:16.651181 IP vyrazu-35-ThinkCentre-M70t.41786 > ec2-3-6-30-85.ap-south-1.compute.amazonaws.com.http: Flags [.], ack 1, win 501, options [nop,nop,TS val 3268731030 ecr 1456124589], length 0
19:42:16.664830 IP bom12s11-in-f4.1e100.net.https > vyrazu-35-ThinkCentre-M70t.35436: Flags [P.], seq 38444:38671, ack 553, win 1012, options [nop,nop,TS val 3921070127 ecr 4258684772], length 227
19:42:16.664963 IP bom12s11-in-f4.1e100.net.https > vyrazu-35-ThinkCentre-M70t.35436: Flags [P.], seq 38671:38702, ack 553, win 1012, options [nop,nop,TS val 3921070127 ecr 4258684772], length 31
19:42:16.665011 IP vyrazu-35-ThinkCentre-M70t.35436 > bom12s11-in-f4.1e100.net.https: Flags [.], ack 38702, win 3039, options [nop,nop,TS val 4258684826 ecr 3921070127], length 0
19:42:16.665800 IP bom12s11-in-f4.1e100.net.https > vyrazu-35-ThinkCentre-M70t.35436: Flags [P.], seq 38702:38741, ack 553, win 1012, options [nop,nop,TS val 3921070127 ecr 4258684772], length 39
19:42:16.665868 IP vyrazu-35-ThinkCentre-M70t.35436 > bom12s11-in-f4.1e100.net.https: Flags [P.], seq 553:592, ack 38741, win 3039, options [nop,nop,TS val 4258684827 ecr 3921070127], length 39
19:42:16.666511 IP bom12s20-in-f17.1e100.net.https > vyrazu-35-ThinkCentre-M70t.60408: Flags [.], ack 646, win 1038, options [nop,nop,TS val 2660023787 ecr 2595075900], length 0
19:42:16.672180 IP _gateway.domain > vyrazu-35-ThinkCentre-M70t.37844: 36988 1/0/1 A 142.251.42.17 (63)
19:42:16.679274 IP vyrazu-35-ThinkCentre-M70t.60774 > ec2-3-6-30-85.ap-south-1.compute.amazonaws.com.http: Flags [.], ack 1, win 501, options [nop,nop,TS val 3268731058 ecr 1456124648], length 0
19:42:16.682700 IP bom12s11-in-f4.1e100.net.https > vyrazu-35-ThinkCentre-M70t.35436: Flags [P.], seq 38741:40141, ack 553, win 1012, options [nop,nop,TS val 3921070145 ecr 4258684804], length 1400
19:42:16.682703 IP bom12s11-in-f4.1e100.net.https > vyrazu-35-ThinkCentre-M70t.35436: Flags [P.], seq 40141:41541, ack 553, win 1012, options [nop,nop,TS val 3921070145 ecr 4258684804], length 1400
19:42:16.682944 IP vyrazu-35-ThinkCentre-M70t.35436 > bom12s11-in-f4.1e100.net.https: Flags [.], ack 41541, win 3022, options [nop,nop,TS val 4258684844 ecr 3921070145], length 0
19:42:16.683234 IP bom12s11-in-f4.1e100.net.https > vyrazu-35-ThinkCentre-M70t.35436: Flags [.], seq 41541:42941, ack 553, win 1012, options [nop,nop,TS val 3921070145 ecr 4258684804], length 1400
19:42:16.683448 IP bom12s11-in-f4.1e100.net.https > vyrazu-35-ThinkCentre-M70t.35436: Flags [P.], seq 42941:44341, ack 553, win 1012, options [nop,nop,TS val 3921070145 ecr 4258684804], length 1400
19:42:16.683489 IP vyrazu-35-ThinkCentre-M70t.35436 > bom12s11-in-f4.1e100.net.https: Flags [.], ack 44341, win 3030, options [nop,nop,TS val 4258684845 ecr 3921070145], length 0
19:42:16.684217 IP ec2-3-6-30-85.ap-south-1.compute.amazonaws.com.http > vyrazu-35-ThinkCentre-M70t.41786: Flags [.], ack 1, win 2098, options [nop,nop,TS val 1456125653 ecr 3268723855], length 0
19:42:16.684625 IP bom12s11-in-f4.1e100.net.https > vyrazu-35-ThinkCentre-M70t.35436: Flags [P.], seq 44341:47141, ack 553, win 1012, options [nop,nop,TS val 3921070146 ecr 4258684804], length 2800
19:42:16.684790 IP vyrazu-35-ThinkCentre-M70t.35436 > bom12s11-in-f4.1e100.net.https: Flags [.], ack 47141, win 3022, options [nop,nop,TS val 4258684846 ecr 3921070146], length 0
19:42:16.685027 IP bom12s11-in-f4.1e100.net.https > vyrazu-35-ThinkCentre-M70t.35436: Flags [P.], seq 47141:49941, ack 553, win 1012, options [nop,nop,TS val 3921070147 ecr 4258684804], length 2800
19:42:16.685058 IP vyrazu-35-ThinkCentre-M70t.35436 > bom12s11-in-f4.1e100.net.https: Flags [.], ack 49941, win 3022, options [nop,nop,TS val 4258684846 ecr 3921070147], length 0
19:42:16.685470 IP bom12s11-in-f4.1e100.net.https > vyrazu-35-ThinkCentre-M70t.35436: Flags [P.], seq 49941:52741, ack 553, win 1012, options [nop,nop,TS val 3921070148 ecr 4258684808], length 2800
19:42:16.685496 IP vyrazu-35-ThinkCentre-M70t.35436 > bom12s11-in-f4.1e100.net.https: Flags [.], ack 52741, win 3022, options [nop,nop,TS val 4258684847 ecr 3921070148], length 0
19:42:16.686162 IP bom12s11-in-f4.1e100.net.https > vyrazu-35-ThinkCentre-M70t.35436: Flags [P.], seq 52741:54262, ack 553, win 1012, options [nop,nop,TS val 3921070148 ecr 4258684808], length 1521
19:42:16.686203 IP vyrazu-35-ThinkCentre-M70t.35436 > bom12s11-in-f4.1e100.net.https: Flags [.], ack 54262, win 3028, options [nop,nop,TS val 4258684848 ecr 3921070148], length 0
19:42:16.707864 IP bom12s11-in-f4.1e100.net.https > vyrazu-35-ThinkCentre-M70t.35436: Flags [.], ack 592, win 1012, options [nop,nop,TS val 3921070170 ecr 4258684827], length 0
19:42:16.708726 IP vyrazu-35-ThinkCentre-M70t.35436 > bom12s11-in-f4.1e100.net.https: Flags [P.], seq 592:1939, ack 54262, win 3039, options [nop,nop,TS val 4258684870 ecr 3921070170], length 1347
19:42:16.711454 IP ec2-3-6-30-85.ap-south-1.compute.amazonaws.com.http > vyrazu-35-ThinkCentre-M70t.60774: Flags [.], ack 1, win 2168, options [nop,nop,TS val 1456125681 ecr 3268717470], length 0
19:42:16.713625 IP vyrazu-35-ThinkCentre-M70t.42017 > bom12s14-in-f3.1e100.net.https: UDP, length 1252
19:42:16.713714 IP vyrazu-35-ThinkCentre-M70t.42017 > bom12s14-in-f3.1e100.net.https: UDP, length 1252
19:42:16.713762 IP vyrazu-35-ThinkCentre-M70t.42017 > bom12s14-in-f3.1e100.net.https: UDP, length 1252
19:42:16.714208 IP vyrazu-35-ThinkCentre-M70t.48418 > ec2-3-71-145-122.eu-central-1.compute.amazonaws.com.https: Flags [P.], seq 0:246, ack 1, win 348, options [nop,nop,TS val 3128082843 ecr 1047277201], length 246
19:42:16.717829 IP vyrazu-35-ThinkCentre-M70t.35436 > bom12s11-in-f4.1e100.net.https: Flags [P.], seq 1939:2164, ack 54262, win 3039, options [nop,nop,TS val 4258684879 ecr 3921070170], length 225
19:42:16.718205 IP vyrazu-35-ThinkCentre-M70t.35436 > bom12s11-in-f4.1e100.net.https: Flags [P.], seq 2164:2195, ack 54262, win 3039, options [nop,nop,TS val 4258684880 ecr 3921070170], length 31
19:42:16.733220 IP vyrazu-35-ThinkCentre-M70t.53220 > ec2-3-6-115-182.ap-south-1.compute.amazonaws.com.http: Flags [.], ack 1, win 501, options [nop,nop,TS val 4239952797 ecr 35757734], length 0
19:42:16.735000 IP bom12s20-in-f17.1e100.net.https > vyrazu-35-ThinkCentre-M70t.60408: Flags [P.], seq 1:328, ack 646, win 1038, options [nop,nop,TS val 2660023856 ecr 2595075900], length 327
19:42:16.735001 IP bom12s20-in-f17.1e100.net.https > vyrazu-35-ThinkCentre-M70t.60408: Flags [P.], seq 328:359, ack 646, win 1038, options [nop,nop,TS val 2660023856 ecr 2595075900], length 31
19:42:16.735001 IP bom12s20-in-f17.1e100.net.https > vyrazu-35-ThinkCentre-M70t.60408: Flags [P.], seq 359:398, ack 646, win 1038, options [nop,nop,TS val 2660023856 ecr 2595075900], length 39
19:42:16.735017 IP vyrazu-35-ThinkCentre-M70t.60408 > bom12s20-in-f17.1e100.net.https: Flags [.], ack 328, win 444, options [nop,nop,TS val 2595076007 ecr 2660023856], length 0
19:42:16.735027 IP vyrazu-35-ThinkCentre-M70t.60408 > bom12s20-in-f17.1e100.net.https: Flags [.], ack 359, win 444, options [nop,nop,TS val 2595076007 ecr 2660023856], length 0
19:42:16.735031 IP vyrazu-35-ThinkCentre-M70t.60408 > bom12s20-in-f17.1e100.net.https: Flags [.], ack 398, win 444, options [nop,nop,TS val 2595076007 ecr 2660023856], length 0
19:42:16.735385 IP vyrazu-35-ThinkCentre-M70t.60408 > bom12s20-in-f17.1e100.net.https: Flags [P.], seq 646:685, ack 398, win 444, options [nop,nop,TS val 2595076008 ecr 2660023856], length 39
19:42:16.744475 IP bom12s11-in-f4.1e100.net.https > vyrazu-35-ThinkCentre-M70t.35436: Flags [.], ack 1939, win 1007, options [nop,nop,TS val 3921070207 ecr 4258684870], length 0
19:42:16.749187 IP vyrazu-35-ThinkCentre-M70t.57250 > ec2-3-6-115-182.ap-south-1.compute.amazonaws.com.http: Flags [.], ack 1, win 501, options [nop,nop,TS val 4239952813 ecr 35757750], length 0
19:42:16.749791 IP bom12s14-in-f3.1e100.net.https > vyrazu-35-ThinkCentre-M70t.42017: UDP, length 43
19:42:16.750539 IP bom12s14-in-f3.1e100.net.https > vyrazu-35-ThinkCentre-M70t.42017: UDP, length 43
19:42:16.750541 IP bom12s14-in-f3.1e100.net.https > vyrazu-35-ThinkCentre-M70t.42017: UDP, length 1252
19:42:16.750545 IP bom12s14-in-f3.1e100.net.https > vyrazu-35-ThinkCentre-M70t.42017: UDP, length 1252
19:42:16.754031 IP bom12s11-in-f4.1e100.net.https > vyrazu-35-ThinkCentre-M70t.35436: Flags [.], ack 2164, win 1007, options [nop,nop,TS val 3921070216 ecr 4258684879], length 0
19:42:16.754032 IP bom12s11-in-f4.1e100.net.https > vyrazu-35-ThinkCentre-M70t.35436: Flags [.], ack 2195, win 1007, options [nop,nop,TS val 3921070216 ecr 4258684880], length 0
19:42:16.766756 IP ec2-3-6-115-182.ap-south-1.compute.amazonaws.com.http > vyrazu-35-ThinkCentre-M70t.53220: Flags [.], ack 1, win 2239, options [nop,nop,TS val 35758767 ecr 4239945409], length 0
19:42:16.776626 IP bom12s20-in-f17.1e100.net.https > vyrazu-35-ThinkCentre-M70t.60408: Flags [.], ack 685, win 1038, options [nop,nop,TS val 2660023898 ecr 2595076008], length 0
19:42:16.777302 IP vyrazu-35-ThinkCentre-M70t.35436 > bom12s11-in-f4.1e100.net.https: Flags [P.], seq 2195:2614, ack 54262, win 3039, options [nop,nop,TS val 4258684939 ecr 3921070216], length 419
19:42:16.777681 IP vyrazu-35-ThinkCentre-M70t.35436 > bom12s11-in-f4.1e100.net.https: Flags [P.], seq 2614:2645, ack 54262, win 3039, options [nop,nop,TS val 4258684939 ecr 3921070216], length 31
19:42:16.784974 IP ec2-3-6-115-182.ap-south-1.compute.amazonaws.com.http > vyrazu-35-ThinkCentre-M70t.57250: Flags [.], ack 1, win 3646, options [nop,nop,TS val 35758787 ecr 4239939650], length 0
19:42:16.792184 IP vyrazu-35-ThinkCentre-M70t.42017 > bom12s14-in-f3.1e100.net.https: UDP, length 1252
19:42:16.802460 IP vyrazu-35-ThinkCentre-M70t.35436 > bom12s11-in-f4.1e100.net.https: Flags [P.], seq 2645:2910, ack 54262, win 3039, options [nop,nop,TS val 4258684964 ecr 3921070216], length 265
19:42:16.806665 IP vyrazu-35-ThinkCentre-M70t.35436 > bom12s11-in-f4.1e100.net.https: Flags [P.], seq 2910:3326, ack 54262, win 3039, options [nop,nop,TS val 4258684968 ecr 3921070216], length 416
19:42:16.807783 IP vyrazu-35-ThinkCentre-M70t.35436 > bom12s11-in-f4.1e100.net.https: Flags [P.], seq 3326:3455, ack 54262, win 3039, options [nop,nop,TS val 4258684969 ecr 3921070216], length 129
19:42:16.809266 IP bom12s14-in-f3.1e100.net.https > vyrazu-35-ThinkCentre-M70t.42017: UDP, length 1252
19:42:16.809648 IP bom12s14-in-f3.1e100.net.https > vyrazu-35-ThinkCentre-M70t.42017: UDP, length 309
19:42:16.809649 IP bom12s14-in-f3.1e100.net.https > vyrazu-35-ThinkCentre-M70t.42017: UDP, length 617
19:42:16.809649 IP bom12s14-in-f3.1e100.net.https > vyrazu-35-ThinkCentre-M70t.42017: UDP, length 28
19:42:16.810523 IP vyrazu-35-ThinkCentre-M70t.42017 > bom12s14-in-f3.1e100.net.https: UDP, length 113
19:42:16.810729 IP vyrazu-35-ThinkCentre-M70t.35436 > bom12s11-in-f4.1e100.net.https: Flags [P.], seq 3455:3490, ack 54262, win 3039, options [nop,nop,TS val 4258684972 ecr 3921070216], length 35
19:42:16.815368 IP vyrazu-35-ThinkCentre-M70t.32858 > pnbomb-aw-in-f10.1e100.net.https: Flags [P.], seq 2700814275:2700814402, ack 2005373870, win 415, options [nop,nop,TS val 1928960399 ecr 106478778], length 127
19:42:16.815421 IP 192.168.1.168 > mdns.mcast.net: igmp v2 report mdns.mcast.net
19:42:16.815422 IP 192.168.1.168.mdns > mdns.mcast.net.mdns: 0 [3q] PTR (QU)? _rdlink._tcp.local. PTR (QU)? _companion-link._tcp.local. PTR (QU)? lb._dns-sd._udp.local. (80)
19:42:16.815426 IP6 fe80::86d:f15a:13b4:fd2c.mdns > ff02::fb.mdns: 0 [3q] PTR (QU)? _rdlink._tcp.local. PTR (QU)? _companion-link._tcp.local. PTR (QU)? lb._dns-sd._udp.local. (80)
19:42:16.816028 IP vyrazu-35-ThinkCentre-M70t.32858 > pnbomb-aw-in-f10.1e100.net.https: Flags [P.], seq 127:231, ack 1, win 415, options [nop,nop,TS val 1928960399 ecr 106478778], length 104
19:42:16.816507 IP bom12s11-in-f4.1e100.net.https > vyrazu-35-ThinkCentre-M70t.35436: Flags [.], ack 2614, win 1006, options [nop,nop,TS val 3921070275 ecr 4258684939], length 0
19:42:16.816508 IP bom12s11-in-f4.1e100.net.https > vyrazu-35-ThinkCentre-M70t.35436: Flags [.], ack 2645, win 1006, options [nop,nop,TS val 3921070275 ecr 4258684939], length 0
19:42:16.819509 IP bom12s11-in-f4.1e100.net.https > vyrazu-35-ThinkCentre-M70t.35436: Flags [P.], seq 54262:54488, ack 2645, win 1006, options [nop,nop,TS val 3921070282 ecr 4258684939], length 226
19:42:16.819509 IP bom12s11-in-f4.1e100.net.https > vyrazu-35-ThinkCentre-M70t.35436: Flags [P.], seq 54488:54519, ack 2645, win 1006, options [nop,nop,TS val 3921070282 ecr 4258684939], length 31
19:42:16.819509 IP bom12s11-in-f4.1e100.net.https > vyrazu-35-ThinkCentre-M70t.35436: Flags [P.], seq 54519:54558, ack 2645, win 1006, options [nop,nop,TS val 3921070282 ecr 4258684939], length 39
19:42:16.819738 IP vyrazu-35-ThinkCentre-M70t.35436 > bom12s11-in-f4.1e100.net.https: Flags [.], ack 54558, win 3039, options [nop,nop,TS val 4258684981 ecr 3921070282], length 0
19:42:16.819791 IP vyrazu-35-ThinkCentre-M70t.35436 > bom12s11-in-f4.1e100.net.https: Flags [P.], seq 3490:3529, ack 54558, win 3039, options [nop,nop,TS val 4258684981 ecr 3921070282], length 39
19:42:16.827798 IP bom12s11-in-f4.1e100.net.https > vyrazu-35-ThinkCentre-M70t.35436: Flags [P.], seq 54558:54655, ack 2645, win 1006, options [nop,nop,TS val 3921070290 ecr 4258684939], length 97
19:42:16.827799 IP bom12s11-in-f4.1e100.net.https > vyrazu-35-ThinkCentre-M70t.35436: Flags [P.], seq 54655:54731, ack 2645, win 1006, options [nop,nop,TS val 3921070290 ecr 4258684939], length 76
19:42:16.827799 IP bom12s11-in-f4.1e100.net.https > vyrazu-35-ThinkCentre-M70t.35436: Flags [P.], seq 54731:54828, ack 2645, win 1006, options [nop,nop,TS val 3921070290 ecr 4258684939], length 97
19:42:16.828052 IP vyrazu-35-ThinkCentre-M70t.35436 > bom12s11-in-f4.1e100.net.https: Flags [.], ack 54828, win 3039, options [nop,nop,TS val 4258684989 ecr 3921070290], length 0
19:42:16.828573 IP bom12s14-in-f3.1e100.net.https > vyrazu-35-ThinkCentre-M70t.42017: UDP, length 1252
19:42:16.828916 IP bom12s14-in-f3.1e100.net.https > vyrazu-35-ThinkCentre-M70t.42017: UDP, length 27
19:42:16.828947 IP bom12s11-in-f4.1e100.net.https > vyrazu-35-ThinkCentre-M70t.35436: Flags [P.], seq 54828:54860, ack 2645, win 1006, options [nop,nop,TS val 3921070291 ecr 4258684939], length 32
19:42:16.828947 IP bom12s11-in-f4.1e100.net.https > vyrazu-35-ThinkCentre-M70t.35436: Flags [P.], seq 54860:54891, ack 2645, win 1006, options [nop,nop,TS val 3921070291 ecr 4258684939], length 31
19:42:16.828989 IP vyrazu-35-ThinkCentre-M70t.35436 > bom12s11-in-f4.1e100.net.https: Flags [.], ack 54891, win 3039, options [nop,nop,TS val 4258684990 ecr 3921070291], length 0
19:42:16.837070 IP vyrazu-35-ThinkCentre-M70t.35436 > bom12s11-in-f4.1e100.net.https: Flags [P.], seq 3529:3671, ack 54891, win 3039, options [nop,nop,TS val 4258684998 ecr 3921070291], length 142
19:42:16.837399 IP vyrazu-35-ThinkCentre-M70t.35436 > bom12s11-in-f4.1e100.net.https: Flags [P.], seq 3671:3702, ack 54891, win 3039, options [nop,nop,TS val 4258684999 ecr 3921070291], length 31
19:42:16.842359 IP bom12s11-in-f4.1e100.net.https > vyrazu-35-ThinkCentre-M70t.35436: Flags [.], ack 3326, win 1004, options [nop,nop,TS val 3921070304 ecr 4258684964], length 0
19:42:16.842375 IP vyrazu-35-ThinkCentre-M70t.35436 > bom12s11-in-f4.1e100.net.https: Flags [P.], seq 3702:4048, ack 54891, win 3039, options [nop,nop,TS val 4258685004 ecr 3921070304], length 346
19:42:16.844148 IP vyrazu-35-ThinkCentre-M70t.35436 > bom12s11-in-f4.1e100.net.https: Flags [.], seq 4048:5448, ack 54891, win 3039, options [nop,nop,TS val 4258685005 ecr 3921070304], length 1400
19:42:16.844334 IP bom12s11-in-f4.1e100.net.https > vyrazu-35-ThinkCentre-M70t.35436: Flags [P.], seq 54891:55004, ack 3455, win 1004, options [nop,nop,TS val 3921070307 ecr 4258684969], length 113
19:42:16.844335 IP bom12s11-in-f4.1e100.net.https > vyrazu-35-ThinkCentre-M70t.35436: Flags [P.], seq 55004:56181, ack 3455, win 1004, options [nop,nop,TS val 3921070307 ecr 4258684969], length 1177
19:42:16.844353 IP vyrazu-35-ThinkCentre-M70t.35436 > bom12s11-in-f4.1e100.net.https: Flags [P.], seq 5448:5451, ack 55004, win 3039, options [nop,nop,TS val 4258685006 ecr 3921070307], length 3
19:42:16.844677 IP bom12s14-in-f3.1e100.net.https > vyrazu-35-ThinkCentre-M70t.42017: UDP, length 123
19:42:16.851692 IP bom12s11-in-f4.1e100.net.https > vyrazu-35-ThinkCentre-M70t.35436: Flags [.], ack 3490, win 1004, options [nop,nop,TS val 3921070314 ecr 4258684972], length 0
19:42:16.851735 IP vyrazu-35-ThinkCentre-M70t.35436 > bom12s11-in-f4.1e100.net.https: Flags [P.], seq 5451:5681, ack 56181, win 3039, options [nop,nop,TS val 4258685013 ecr 3921070307], length 230
19:42:16.851983 IP pnbomb-aw-in-f10.1e100.net.https > vyrazu-35-ThinkCentre-M70t.32858: Flags [.], ack 231, win 1040, options [nop,nop,TS val 106484309 ecr 1928960399], length 0
19:42:16.855733 IP bom12s11-in-f4.1e100.net.https > vyrazu-35-ThinkCentre-M70t.35436: Flags [.], ack 3529, win 1004, options [nop,nop,TS val 3921070318 ecr 4258684981], length 0
19:42:16.864129 IP vyrazu-35-ThinkCentre-M70t.42017 > bom12s14-in-f3.1e100.net.https: UDP, length 34
19:42:16.872640 IP bom12s11-in-f4.1e100.net.https > vyrazu-35-ThinkCentre-M70t.35436: Flags [.], ack 3671, win 1004, options [nop,nop,TS val 3921070335 ecr 4258684998], length 0
19:42:16.873424 IP bom12s11-in-f4.1e100.net.https > vyrazu-35-ThinkCentre-M70t.35436: Flags [.], ack 3702, win 1004, options [nop,nop,TS val 3921070336 ecr 4258684999], length 0
19:42:16.876585 IP bom12s11-in-f4.1e100.net.https > vyrazu-35-ThinkCentre-M70t.35436: Flags [P.], seq 56181:56411, ack 3702, win 1004, options [nop,nop,TS val 3921070339 ecr 4258684999], length 230
19:42:16.876586 IP bom12s11-in-f4.1e100.net.https > vyrazu-35-ThinkCentre-M70t.35436: Flags [P.], seq 56411:56442, ack 3702, win 1004, options [nop,nop,TS val 3921070339 ecr 4258684999], length 31
19:42:16.876587 IP bom12s11-in-f4.1e100.net.https > vyrazu-35-ThinkCentre-M70t.35436: Flags [P.], seq 56442:56481, ack 3702, win 1004, options [nop,nop,TS val 3921070339 ecr 4258684999], length 39
19:42:16.877508 IP vyrazu-35-ThinkCentre-M70t.35436 > bom12s11-in-f4.1e100.net.https: Flags [.], ack 56481, win 3039, options [nop,nop,TS val 4258685039 ecr 3921070339], length 0
19:42:16.877586 IP vyrazu-35-ThinkCentre-M70t.35436 > bom12s11-in-f4.1e100.net.https: Flags [P.], seq 5681:5720, ack 56481, win 3039, options [nop,nop,TS val 4258685039 ecr 3921070339], length 39
19:42:16.880419 IP bom12s11-in-f4.1e100.net.https > vyrazu-35-ThinkCentre-M70t.35436: Flags [.], ack 5448, win 998, options [nop,nop,TS val 3921070343 ecr 4258685004], length 0
19:42:16.885569 IP bom12s11-in-f4.1e100.net.https > vyrazu-35-ThinkCentre-M70t.35436: Flags [.], ack 5451, win 998, options [nop,nop,TS val 3921070348 ecr 4258685006], length 0
19:42:16.888139 IP bom12s11-in-f4.1e100.net.https > vyrazu-35-ThinkCentre-M70t.35436: Flags [.], ack 5681, win 998, options [nop,nop,TS val 3921070350 ecr 4258685013], length 0
19:42:16.913235 IP bom12s11-in-f4.1e100.net.https > vyrazu-35-ThinkCentre-M70t.35436: Flags [P.], seq 56481:56712, ack 5681, win 998, options [nop,nop,TS val 3921070375 ecr 4258685013], length 231
19:42:16.913237 IP bom12s11-in-f4.1e100.net.https > vyrazu-35-ThinkCentre-M70t.35436: Flags [P.], seq 56712:56743, ack 5681, win 998, options [nop,nop,TS val 3921070375 ecr 4258685013], length 31
19:42:16.913711 IP vyrazu-35-ThinkCentre-M70t.35436 > bom12s11-in-f4.1e100.net.https: Flags [.], ack 56743, win 3039, options [nop,nop,TS val 4258685075 ecr 3921070375], length 0
19:42:16.914321 IP vyrazu-35-ThinkCentre-M70t.35436 > bom12s11-in-f4.1e100.net.https: Flags [P.], seq 5720:5941, ack 56743, win 3039, options [nop,nop,TS val 4258685076 ecr 3921070375], length 221
19:42:16.917213 IP pnbomb-aw-in-f10.1e100.net.https > vyrazu-35-ThinkCentre-M70t.32858: Flags [P.], seq 1:88, ack 231, win 1040, options [nop,nop,TS val 106484374 ecr 1928960399], length 87
19:42:16.917216 IP pnbomb-aw-in-f10.1e100.net.https > vyrazu-35-ThinkCentre-M70t.32858: Flags [P.], seq 88:350, ack 231, win 1040, options [nop,nop,TS val 106484374 ecr 1928960399], length 262
19:42:16.917235 IP vyrazu-35-ThinkCentre-M70t.34916 > ec2-3-6-30-85.ap-south-1.compute.amazonaws.com.http: Flags [.], ack 1, win 501, options [nop,nop,TS val 3268731296 ecr 1456124886], length 0
19:42:16.917289 IP vyrazu-35-ThinkCentre-M70t.32858 > pnbomb-aw-in-f10.1e100.net.https: Flags [.], ack 88, win 415, options [nop,nop,TS val 1928960501 ecr 106484374], length 0
19:42:16.917327 IP vyrazu-35-ThinkCentre-M70t.32858 > pnbomb-aw-in-f10.1e100.net.https: Flags [.], ack 350, win 413, options [nop,nop,TS val 1928960501 ecr 106484374], length 0
19:42:16.918198 IP bom12s11-in-f4.1e100.net.https > vyrazu-35-ThinkCentre-M70t.35436: Flags [.], ack 5720, win 998, options [nop,nop,TS val 3921070380 ecr 4258685039], length 0
19:42:16.918968 IP pnbomb-aw-in-f10.1e100.net.https > vyrazu-35-ThinkCentre-M70t.32858: Flags [P.], seq 350:381, ack 231, win 1040, options [nop,nop,TS val 106484375 ecr 1928960399], length 31
19:42:16.918994 IP vyrazu-35-ThinkCentre-M70t.32858 > pnbomb-aw-in-f10.1e100.net.https: Flags [.], ack 381, win 413, options [nop,nop,TS val 1928960502 ecr 106484375], length 0
19:42:16.920027 IP pnbomb-aw-in-f10.1e100.net.https > vyrazu-35-ThinkCentre-M70t.32858: Flags [P.], seq 381:420, ack 231, win 1040, options [nop,nop,TS val 106484375 ecr 1928960399], length 39
19:42:16.920052 IP vyrazu-35-ThinkCentre-M70t.32858 > pnbomb-aw-in-f10.1e100.net.https: Flags [.], ack 420, win 413, options [nop,nop,TS val 1928960503 ecr 106484375], length 0
19:42:16.920138 IP vyrazu-35-ThinkCentre-M70t.32858 > pnbomb-aw-in-f10.1e100.net.https: Flags [P.], seq 231:270, ack 420, win 413, options [nop,nop,TS val 1928960503 ecr 106484375], length 39
19:42:16.927274 IP vyrazu-35-ThinkCentre-M70t.57330 > ec2-3-6-98-232.ap-south-1.compute.amazonaws.com.http: Flags [.], ack 1, win 501, options [nop,nop,TS val 4263173176 ecr 3143428398], length 0
19:42:16.928198 IP vyrazu-35-ThinkCentre-M70t.53798 > ec2-3-6-115-64.ap-south-1.compute.amazonaws.com.http: Flags [.], ack 1, win 501, options [nop,nop,TS val 3327821155 ecr 2970385397], length 0
19:42:16.928229 IP vyrazu-35-ThinkCentre-M70t.38390 > ec2-3-6-115-64.ap-south-1.compute.amazonaws.com.http: Flags [.], ack 1, win 501, options [nop,nop,TS val 3327821155 ecr 2970385397], length 0
19:42:16.937236 IP bom12s11-in-f4.1e100.net.https > vyrazu-35-ThinkCentre-M70t.35436: Flags [P.], seq 56743:56972, ack 5720, win 998, options [nop,nop,TS val 3921070399 ecr 4258685039], length 229
19:42:16.937237 IP bom12s11-in-f4.1e100.net.https > vyrazu-35-ThinkCentre-M70t.35436: Flags [P.], seq 56972:57003, ack 5720, win 998, options [nop,nop,TS val 3921070400 ecr 4258685039], length 31
19:42:16.937595 IP vyrazu-35-ThinkCentre-M70t.35436 > bom12s11-in-f4.1e100.net.https: Flags [.], ack 57003, win 3039, options [nop,nop,TS val 4258685099 ecr 3921070399], length 0
19:42:16.937605 IP bom12s11-in-f4.1e100.net.https > vyrazu-35-ThinkCentre-M70t.35436: Flags [P.], seq 57003:57042, ack 5720, win 998, options [nop,nop,TS val 3921070400 ecr 4258685039], length 39
19:42:16.937902 IP vyrazu-35-ThinkCentre-M70t.35436 > bom12s11-in-f4.1e100.net.https: Flags [P.], seq 5941:5980, ack 57042, win 3039, options [nop,nop,TS val 4258685099 ecr 3921070400], length 39
19:42:16.940213 IP vyrazu-35-ThinkCentre-M70t.59792 > ec2-3-6-122-107.ap-south-1.compute.amazonaws.com.http: Flags [.], ack 1, win 501, options [nop,nop,TS val 215690136 ecr 1118639730], length 0
19:42:16.942309 IP bom12s11-in-f4.1e100.net.https > vyrazu-35-ThinkCentre-M70t.35436: Flags [P.], seq 57042:57271, ack 5720, win 998, options [nop,nop,TS val 3921070404 ecr 4258685039], length 229
19:42:16.942310 IP bom12s11-in-f4.1e100.net.https > vyrazu-35-ThinkCentre-M70t.35436: Flags [P.], seq 57271:57302, ack 5720, win 998, options [nop,nop,TS val 3921070405 ecr 4258685039], length 31
19:42:16.942669 IP vyrazu-35-ThinkCentre-M70t.35436 > bom12s11-in-f4.1e100.net.https: Flags [.], ack 57302, win 3039, options [nop,nop,TS val 4258685104 ecr 3921070404], length 0
19:42:16.944550 IP bom12s11-in-f4.1e100.net.https > vyrazu-35-ThinkCentre-M70t.35436: Flags [P.], seq 57302:57531, ack 5720, win 998, options [nop,nop,TS val 3921070407 ecr 4258685039], length 229
19:42:16.945055 IP bom12s11-in-f4.1e100.net.https > vyrazu-35-ThinkCentre-M70t.35436: Flags [P.], seq 57531:57562, ack 5720, win 998, options [nop,nop,TS val 3921070407 ecr 4258685039], length 31
19:42:16.945187 IP vyrazu-35-ThinkCentre-M70t.35436 > bom12s11-in-f4.1e100.net.https: Flags [.], ack 57562, win 3039, options [nop,nop,TS val 4258685106 ecr 3921070407], length 0
19:42:16.949536 IP ec2-3-6-30-85.ap-south-1.compute.amazonaws.com.http > vyrazu-35-ThinkCentre-M70t.34916: Flags [.], ack 1, win 442, options [nop,nop,TS val 1456125919 ecr 3268730896], length 0
19:42:16.953044 IP bom12s11-in-f4.1e100.net.https > vyrazu-35-ThinkCentre-M70t.35436: Flags [P.], seq 57562:57791, ack 5941, win 998, options [nop,nop,TS val 3921070415 ecr 4258685076], length 229
19:42:16.953046 IP bom12s11-in-f4.1e100.net.https > vyrazu-35-ThinkCentre-M70t.35436: Flags [P.], seq 57791:57822, ack 5941, win 998, options [nop,nop,TS val 3921070415 ecr 4258685076], length 31
19:42:16.953439 IP vyrazu-35-ThinkCentre-M70t.35436 > bom12s11-in-f4.1e100.net.https: Flags [.], ack 57822, win 3039, options [nop,nop,TS val 4258685115 ecr 3921070415], length 0
19:42:16.960116 IP pnbomb-aw-in-f10.1e100.net.https > vyrazu-35-ThinkCentre-M70t.32858: Flags [.], ack 270, win 1040, options [nop,nop,TS val 106484417 ecr 1928960503], length 0
19:42:16.960116 IP ec2-3-6-98-232.ap-south-1.compute.amazonaws.com.http > vyrazu-35-ThinkCentre-M70t.57330: Flags [.], ack 1, win 442, options [nop,nop,TS val 3143429433 ecr 4263162544], length 0
19:42:16.962190 IP ec2-3-6-115-64.ap-south-1.compute.amazonaws.com.http > vyrazu-35-ThinkCentre-M70t.38390: Flags [.], ack 1, win 2383, options [nop,nop,TS val 2970386432 ecr 3327819257], length 0
19:42:16.962190 IP ec2-3-6-115-64.ap-south-1.compute.amazonaws.com.http > vyrazu-35-ThinkCentre-M70t.53798: Flags [.], ack 1, win 1704, options [nop,nop,TS val 2970386432 ecr 3327810300], length 0
19:42:16.968770 IP bom12s11-in-f4.1e100.net.https > vyrazu-35-ThinkCentre-M70t.35436: Flags [P.], seq 57822:57901, ack 5941, win 998, options [nop,nop,TS val 3921070431 ecr 4258685076], length 79
19:42:16.968772 IP bom12s11-in-f4.1e100.net.https > vyrazu-35-ThinkCentre-M70t.35436: Flags [P.], seq 57901:57977, ack 5941, win 998, options [nop,nop,TS val 3921070431 ecr 4258685076], length 76
19:42:16.968773 IP bom12s11-in-f4.1e100.net.https > vyrazu-35-ThinkCentre-M70t.35436: Flags [P.], seq 57977:58074, ack 5941, win 998, options [nop,nop,TS val 3921070431 ecr 4258685076], length 97
19:42:16.969357 IP vyrazu-35-ThinkCentre-M70t.35436 > bom12s11-in-f4.1e100.net.https: Flags [.], ack 58074, win 3039, options [nop,nop,TS val 4258685131 ecr 3921070431], length 0
19:42:16.970521 IP bom12s11-in-f4.1e100.net.https > vyrazu-35-ThinkCentre-M70t.35436: Flags [P.], seq 58074:58106, ack 5941, win 998, options [nop,nop,TS val 3921070433 ecr 4258685076], length 32
19:42:16.970522 IP bom12s11-in-f4.1e100.net.https > vyrazu-35-ThinkCentre-M70t.35436: Flags [P.], seq 58106:58137, ack 5941, win 998, options [nop,nop,TS val 3921070433 ecr 4258685076], length 31
19:42:16.970704 IP vyrazu-35-ThinkCentre-M70t.35436 > bom12s11-in-f4.1e100.net.https: Flags [.], ack 58137, win 3039, options [nop,nop,TS val 4258685132 ecr 3921070433], length 0
19:42:16.975210 IP ec2-3-6-122-107.ap-south-1.compute.amazonaws.com.http > vyrazu-35-ThinkCentre-M70t.59792: Flags [.], ack 1, win 448, options [nop,nop,TS val 1118640767 ecr 215681993], length 0
19:42:16.977914 IP bom12s11-in-f4.1e100.net.https > vyrazu-35-ThinkCentre-M70t.35436: Flags [.], ack 5980, win 998, options [nop,nop,TS val 3921070440 ecr 4258685099], length 0
19:42:17.015038 IP bom12s11-in-f4.1e100.net.https > vyrazu-35-ThinkCentre-M70t.35436: Flags [P.], seq 58137:58367, ack 5980, win 998, options [nop,nop,TS val 3921070477 ecr 4258685132], length 230
19:42:17.015040 IP bom12s11-in-f4.1e100.net.https > vyrazu-35-ThinkCentre-M70t.35436: Flags [P.], seq 58367:58398, ack 5980, win 998, options [nop,nop,TS val 3921070477 ecr 4258685132], length 31
19:42:17.015041 IP bom12s11-in-f4.1e100.net.https > vyrazu-35-ThinkCentre-M70t.35436: Flags [P.], seq 58398:58437, ack 5980, win 998, options [nop,nop,TS val 3921070477 ecr 4258685132], length 39
19:42:17.015814 IP vyrazu-35-ThinkCentre-M70t.35436 > bom12s11-in-f4.1e100.net.https: Flags [.], ack 58437, win 3039, options [nop,nop,TS val 4258685177 ecr 3921070477], length 0
19:42:17.015894 IP vyrazu-35-ThinkCentre-M70t.35436 > bom12s11-in-f4.1e100.net.https: Flags [P.], seq 5980:6019, ack 58437, win 3039, options [nop,nop,TS val 4258685177 ecr 3921070477], length 39
19:42:17.019932 ARP, Request who-has 169.254.169.254 tell 192.168.1.181, length 28
19:42:17.025953 IP vyrazu-35-ThinkCentre-M70t.35436 > bom12s11-in-f4.1e100.net.https: Flags [P.], seq 6019:6160, ack 58437, win 3039, options [nop,nop,TS val 4258685187 ecr 3921070477], length 141
19:42:17.036764 IP bom12s11-in-f4.1e100.net.https > vyrazu-35-ThinkCentre-M70t.35436: Flags [P.], seq 58437:58942, ack 5980, win 998, options [nop,nop,TS val 3921070499 ecr 4258685132], length 505
19:42:17.036766 IP bom12s11-in-f4.1e100.net.https > vyrazu-35-ThinkCentre-M70t.35436: Flags [P.], seq 58942:59244, ack 5980, win 998, options [nop,nop,TS val 3921070499 ecr 4258685132], length 302
19:42:17.037224 IP bom12s11-in-f4.1e100.net.https > vyrazu-35-ThinkCentre-M70t.35436: Flags [P.], seq 59244:59276, ack 5980, win 998, options [nop,nop,TS val 3921070499 ecr 4258685132], length 32
19:42:17.037225 IP bom12s11-in-f4.1e100.net.https > vyrazu-35-ThinkCentre-M70t.35436: Flags [P.], seq 59276:59307, ack 5980, win 998, options [nop,nop,TS val 3921070499 ecr 4258685132], length 31
19:42:17.037630 IP vyrazu-35-ThinkCentre-M70t.35436 > bom12s11-in-f4.1e100.net.https: Flags [.], ack 59307, win 3039, options [nop,nop,TS val 4258685199 ecr 3921070499], length 0
19:42:17.052127 IP bom12s11-in-f4.1e100.net.https > vyrazu-35-ThinkCentre-M70t.35436: Flags [.], ack 6019, win 998, options [nop,nop,TS val 3921070514 ecr 4258685177], length 0
19:42:17.068967 IP bom12s11-in-f4.1e100.net.https > vyrazu-35-ThinkCentre-M70t.35436: Flags [.], ack 6160, win 998, options [nop,nop,TS val 3921070531 ecr 4258685187], length 0
19:42:17.132211 IP bom12s11-in-f4.1e100.net.https > vyrazu-35-ThinkCentre-M70t.35436: Flags [P.], seq 59307:59552, ack 6160, win 998, options [nop,nop,TS val 3921070594 ecr 4258685199], length 245
19:42:17.132213 IP bom12s11-in-f4.1e100.net.https > vyrazu-35-ThinkCentre-M70t.35436: Flags [P.], seq 59552:59583, ack 6160, win 998, options [nop,nop,TS val 3921070595 ecr 4258685199], length 31
19:42:17.132213 IP bom12s11-in-f4.1e100.net.https > vyrazu-35-ThinkCentre-M70t.35436: Flags [P.], seq 59583:59622, ack 6160, win 998, options [nop,nop,TS val 3921070595 ecr 4258685199], length 39
19:42:17.132985 IP vyrazu-35-ThinkCentre-M70t.35436 > bom12s11-in-f4.1e100.net.https: Flags [.], ack 59622, win 3039, options [nop,nop,TS val 4258685294 ecr 3921070594], length 0
19:42:17.133063 IP vyrazu-35-ThinkCentre-M70t.35436 > bom12s11-in-f4.1e100.net.https: Flags [P.], seq 6160:6199, ack 59622, win 3039, options [nop,nop,TS val 4258685294 ecr 3921070594], length 39
19:42:17.163191 IP vyrazu-35-ThinkCentre-M70t.49294 > ec2-3-6-115-64.ap-south-1.compute.amazonaws.com.http: Flags [.], ack 1, win 501, options [nop,nop,TS val 3327821390 ecr 2970385621], length 0
19:42:17.169253 IP bom12s11-in-f4.1e100.net.https > vyrazu-35-ThinkCentre-M70t.35436: Flags [.], ack 6199, win 998, options [nop,nop,TS val 3921070631 ecr 4258685294], length 0
19:42:17.203837 IP ec2-3-6-115-64.ap-south-1.compute.amazonaws.com.http > vyrazu-35-ThinkCentre-M70t.49294: Flags [.], ack 1, win 442, options [nop,nop,TS val 2970386674 ecr 3327817970], length 0
19:42:17.233063 IP 192.168.1.168.mdns > mdns.mcast.net.mdns: 0 [2q] [3n] ANY (QU)? 4004CBC1-0278-4E14-B589-35CE60842C39._remotepairing._tcp.local. ANY (QU)? Vasus-iPhone-13.local. (166)
19:42:17.233065 IP6 fe80::86d:f15a:13b4:fd2c.mdns > ff02::fb.mdns: 0 [2q] [3n] ANY (QU)? 4004CBC1-0278-4E14-B589-35CE60842C39._remotepairing._tcp.local. ANY (QU)? Vasus-iPhone-13.local. (166)
19:42:17.233073 ARP, Request who-has 192.168.1.57 tell _gateway, length 28
19:42:17.277767 IP vyrazu-35-ThinkCentre-M70t.35436 > bom12s11-in-f4.1e100.net.https: Flags [P.], seq 6199:6439, ack 59622, win 3039, options [nop,nop,TS val 4258685439 ecr 3921070631], length 240
19:42:17.278129 IP vyrazu-35-ThinkCentre-M70t.35436 > bom12s11-in-f4.1e100.net.https: Flags [P.], seq 6439:6470, ack 59622, win 3039, options [nop,nop,TS val 4258685439 ecr 3921070631], length 31
19:42:17.314210 IP bom12s11-in-f4.1e100.net.https > vyrazu-35-ThinkCentre-M70t.35436: Flags [.], ack 6439, win 998, options [nop,nop,TS val 3921070776 ecr 4258685439], length 0
19:42:17.314549 IP bom12s11-in-f4.1e100.net.https > vyrazu-35-ThinkCentre-M70t.35436: Flags [.], ack 6470, win 998, options [nop,nop,TS val 3921070777 ecr 4258685439], length 0
19:42:17.318733 IP vyrazu-35-ThinkCentre-M70t.35450 > bom12s11-in-f4.1e100.net.https: Flags [P.], seq 132:225, ack 686, win 293, options [nop,nop,TS val 4258685480 ecr 152252763], length 93
19:42:17.354270 IP bom12s11-in-f4.1e100.net.https > vyrazu-35-ThinkCentre-M70t.35450: Flags [.], ack 225, win 1042, options [nop,nop,TS val 152255085 ecr 4258685480], length 0
19:42:17.378442 IP bom12s11-in-f4.1e100.net.https > vyrazu-35-ThinkCentre-M70t.35436: Flags [P.], seq 59622:59847, ack 6470, win 998, options [nop,nop,TS val 3921070840 ecr 4258685439], length 225
19:42:17.378446 IP bom12s11-in-f4.1e100.net.https > vyrazu-35-ThinkCentre-M70t.35436: Flags [P.], seq 59847:59878, ack 6470, win 998, options [nop,nop,TS val 3921070841 ecr 4258685439], length 31
19:42:17.378448 IP bom12s11-in-f4.1e100.net.https > vyrazu-35-ThinkCentre-M70t.35436: Flags [P.], seq 59878:59917, ack 6470, win 998, options [nop,nop,TS val 3921070841 ecr 4258685439], length 39
19:42:17.379558 IP vyrazu-35-ThinkCentre-M70t.35436 > bom12s11-in-f4.1e100.net.https: Flags [.], ack 59917, win 3039, options [nop,nop,TS val 4258685541 ecr 3921070840], length 0
19:42:17.379644 IP vyrazu-35-ThinkCentre-M70t.35436 > bom12s11-in-f4.1e100.net.https: Flags [P.], seq 6470:6509, ack 59917, win 3039, options [nop,nop,TS val 4258685541 ecr 3921070840], length 39
19:42:17.391208 IP vyrazu-35-ThinkCentre-M70t.54482 > ec2-3-6-115-182.ap-south-1.compute.amazonaws.com.http: Flags [.], ack 1, win 501, options [nop,nop,TS val 4239953455 ecr 35758393], length 0
19:42:17.416008 IP bom12s11-in-f4.1e100.net.https > vyrazu-35-ThinkCentre-M70t.35436: Flags [.], ack 6509, win 998, options [nop,nop,TS val 3921070878 ecr 4258685541], length 0
19:42:17.431351 IP 192.168.1.168.mdns > mdns.mcast.net.mdns: 0 [2q] [3n] ANY (QM)? 4004CBC1-0278-4E14-B589-35CE60842C39._remotepairing._tcp.local. ANY (QM)? Vasus-iPhone-13.local. (166)
19:42:17.431352 IP6 fe80::86d:f15a:13b4:fd2c.mdns > ff02::fb.mdns: 0 [2q] [3n] ANY (QM)? 4004CBC1-0278-4E14-B589-35CE60842C39._remotepairing._tcp.local. ANY (QM)? Vasus-iPhone-13.local. (166)
19:42:17.431353 IP ec2-3-6-115-182.ap-south-1.compute.amazonaws.com.http > vyrazu-35-ThinkCentre-M70t.54482: Flags [.], ack 1, win 1769, options [nop,nop,TS val 35759433 ecr 4239942200], length 0
19:42:17.438544 IP bom12s11-in-f4.1e100.net.https > vyrazu-35-ThinkCentre-M70t.35450: Flags [P.], seq 686:914, ack 225, win 1042, options [nop,nop,TS val 152255169 ecr 4258685480], length 228
19:42:17.438547 IP bom12s11-in-f4.1e100.net.https > vyrazu-35-ThinkCentre-M70t.35450: Flags [P.], seq 914:1254, ack 225, win 1042, options [nop,nop,TS val 152255169 ecr 4258685480], length 340
19:42:17.438547 IP bom12s11-in-f4.1e100.net.https > vyrazu-35-ThinkCentre-M70t.35450: Flags [P.], seq 1254:1286, ack 225, win 1042, options [nop,nop,TS val 152255170 ecr 4258685480], length 32
19:42:17.438547 IP bom12s11-in-f4.1e100.net.https > vyrazu-35-ThinkCentre-M70t.35450: Flags [P.], seq 1286:1317, ack 225, win 1042, options [nop,nop,TS val 152255170 ecr 4258685480], length 31
19:42:17.438874 IP vyrazu-35-ThinkCentre-M70t.35450 > bom12s11-in-f4.1e100.net.https: Flags [.], ack 1317, win 289, options [nop,nop,TS val 4258685600 ecr 152255169], length 0
19:42:17.439078 IP bom12s11-in-f4.1e100.net.https > vyrazu-35-ThinkCentre-M70t.35450: Flags [P.], seq 1317:1356, ack 225, win 1042, options [nop,nop,TS val 152255170 ecr 4258685480], length 39
19:42:17.439118 IP vyrazu-35-ThinkCentre-M70t.35450 > bom12s11-in-f4.1e100.net.https: Flags [P.], seq 225:264, ack 1356, win 289, options [nop,nop,TS val 4258685600 ecr 152255170], length 39
19:42:17.475638 IP bom12s11-in-f4.1e100.net.https > vyrazu-35-ThinkCentre-M70t.35450: Flags [.], ack 264, win 1042, options [nop,nop,TS val 152255207 ecr 4258685600], length 0
19:42:17.507844 IP vyrazu-35-ThinkCentre-M70t.51518 > _gateway.domain: 6372+ [1au] PTR? 181.1.168.192.in-addr.arpa. (55)
19:42:17.514516 IP _gateway.domain > vyrazu-35-ThinkCentre-M70t.51518: 6372 NXDomain* 0/0/1 (55)
19:42:17.516315 IP vyrazu-35-ThinkCentre-M70t.52103 > _gateway.domain: 7109+ [1au] PTR? 232.98.6.3.in-addr.arpa. (52)
19:42:17.571121 IP _gateway.domain > vyrazu-35-ThinkCentre-M70t.52103: 7109 1/0/1 PTR ec2-3-6-98-232.ap-south-1.compute.amazonaws.com. (113)
19:42:17.572070 IP vyrazu-35-ThinkCentre-M70t.57753 > _gateway.domain: 39090+ [1au] PTR? 107.122.6.3.in-addr.arpa. (53)
19:42:17.625112 IP _gateway.domain > vyrazu-35-ThinkCentre-M70t.57753: 39090 1/0/1 PTR ec2-3-6-122-107.ap-south-1.compute.amazonaws.com. (115)
19:42:17.626375 IP vyrazu-35-ThinkCentre-M70t.38887 > _gateway.domain: 44177+ [1au] PTR? 78.251.65.172.in-addr.arpa. (55)
19:42:17.643874 IP 192.168.1.168.mdns > mdns.mcast.net.mdns: 0 [2q] [3n] ANY (QM)? 4004CBC1-0278-4E14-B589-35CE60842C39._remotepairing._tcp.local. ANY (QM)? Vasus-iPhone-13.local. (166)
19:42:17.643874 IP6 fe80::86d:f15a:13b4:fd2c.mdns > ff02::fb.mdns: 0 [2q] [3n] ANY (QM)? 4004CBC1-0278-4E14-B589-35CE60842C39._remotepairing._tcp.local. ANY (QM)? Vasus-iPhone-13.local. (166)
19:42:17.643877 IP6 fe80::86d:f15a:13b4:fd2c.mdns > ff02::fb.mdns: 0*- [0q] 2/0/2 (Cache flush) PTR Vasus-iPhone-13.local., (Cache flush) PTR Vasus-iPhone-13.local. (191)
19:42:17.643878 IP 192.168.1.168.mdns > mdns.mcast.net.mdns: 0*- [0q] 2/0/2 (Cache flush) PTR Vasus-iPhone-13.local., (Cache flush) PTR Vasus-iPhone-13.local. (191)
19:42:17.681387 IP _gateway.domain > vyrazu-35-ThinkCentre-M70t.38887: 44177 ServFail 0/1/1 (117)
19:42:17.681458 IP vyrazu-35-ThinkCentre-M70t.38887 > _gateway.domain: 44177+ [1au] PTR? 78.251.65.172.in-addr.arpa. (55)
19:42:17.685216 IP vyrazu-35-ThinkCentre-M70t.41786 > ec2-3-6-30-85.ap-south-1.compute.amazonaws.com.http: Flags [.], ack 1, win 501, options [nop,nop,TS val 3268732064 ecr 1456125653], length 0
19:42:17.686594 IP vyrazu-35-ThinkCentre-M70t.39097 > _gateway.domain: 56541+ [1au] HTTPS? github.com. (39)
19:42:17.686652 IP vyrazu-35-ThinkCentre-M70t.45877 > _gateway.domain: 30678+ [1au] A? github.com. (39)
19:42:17.686698 IP vyrazu-35-ThinkCentre-M70t.53492 > _gateway.domain: 46550+ [1au] AAAA? github.com. (39)
19:42:17.701851 IP _gateway.domain > vyrazu-35-ThinkCentre-M70t.39097: 56541 0/1/1 (126)
19:42:17.704385 IP _gateway.domain > vyrazu-35-ThinkCentre-M70t.53492: 46550 0/1/1 (126)
19:42:17.718025 IP ec2-3-6-30-85.ap-south-1.compute.amazonaws.com.http > vyrazu-35-ThinkCentre-M70t.41786: Flags [.], ack 1, win 2098, options [nop,nop,TS val 1456126687 ecr 3268723855], length 0
19:42:17.725568 IP _gateway.domain > vyrazu-35-ThinkCentre-M70t.38887: 44177 ServFail 0/1/1 (117)
19:42:17.725722 IP vyrazu-35-ThinkCentre-M70t.38887 > _gateway.domain: 44177+ PTR? 78.251.65.172.in-addr.arpa. (44)
19:42:17.738219 IP vyrazu-35-ThinkCentre-M70t.60774 > ec2-3-6-30-85.ap-south-1.compute.amazonaws.com.http: Flags [.], ack 1, win 501, options [nop,nop,TS val 3268732117 ecr 1456125681], length 0
19:42:17.740006 IP _gateway.domain > vyrazu-35-ThinkCentre-M70t.45877: 30678 1/0/1 A 20.207.73.82 (55)
19:42:17.740482 IP vyrazu-35-ThinkCentre-M70t.60670 > 20.207.73.82.https: Flags [S], seq 823461742, win 64240, options [mss 1460,sackOK,TS val 2445264054 ecr 0,nop,wscale 7], length 0
19:42:17.764448 IP _gateway.domain > vyrazu-35-ThinkCentre-M70t.38887: 44177 ServFail 0/1/0 (106)
19:42:17.765456 IP vyrazu-35-ThinkCentre-M70t.36183 > _gateway.domain: 57287+ [1au] PTR? 78.251.65.172.in-addr.arpa. (55)
19:42:17.767250 IP vyrazu-35-ThinkCentre-M70t.53220 > ec2-3-6-115-182.ap-south-1.compute.amazonaws.com.http: Flags [.], ack 1, win 501, options [nop,nop,TS val 4239953831 ecr 35758767], length 0
19:42:17.770352 IP ec2-3-6-30-85.ap-south-1.compute.amazonaws.com.http > vyrazu-35-ThinkCentre-M70t.60774: Flags [.], ack 1, win 2168, options [nop,nop,TS val 1456126740 ecr 3268717470], length 0
19:42:17.778790 IP 20.207.73.82.https > vyrazu-35-ThinkCentre-M70t.60670: Flags [S.], seq 1100743912, ack 823461743, win 65535, options [mss 1436,sackOK,TS val 447885454 ecr 2445264054,nop,wscale 10], length 0
19:42:17.778853 IP vyrazu-35-ThinkCentre-M70t.60670 > 20.207.73.82.https: Flags [.], ack 1, win 502, options [nop,nop,TS val 2445264092 ecr 447885454], length 0
19:42:17.780664 IP vyrazu-35-ThinkCentre-M70t.60670 > 20.207.73.82.https: Flags [P.], seq 1:1896, ack 1, win 502, options [nop,nop,TS val 2445264094 ecr 447885454], length 1895
19:42:17.799677 IP ec2-3-6-115-182.ap-south-1.compute.amazonaws.com.http > vyrazu-35-ThinkCentre-M70t.53220: Flags [.], ack 1, win 2239, options [nop,nop,TS val 35759801 ecr 4239945409], length 0
19:42:17.803297 IP vyrazu-35-ThinkCentre-M70t.57250 > ec2-3-6-115-182.ap-south-1.compute.amazonaws.com.http: Flags [.], ack 1, win 501, options [nop,nop,TS val 4239953867 ecr 35758787], length 0
19:42:17.809131 IP _gateway.domain > vyrazu-35-ThinkCentre-M70t.36183: 57287 ServFail 0/1/1 (117)
19:42:17.809333 IP vyrazu-35-ThinkCentre-M70t.36183 > _gateway.domain: 57287+ [1au] PTR? 78.251.65.172.in-addr.arpa. (55)
19:42:17.819336 IP 20.207.73.82.https > vyrazu-35-ThinkCentre-M70t.60670: Flags [.], ack 1896, win 68, options [nop,nop,TS val 447885495 ecr 2445264094], length 0
19:42:17.819733 IP 20.207.73.82.https > vyrazu-35-ThinkCentre-M70t.60670: Flags [.], seq 1:1425, ack 1896, win 68, options [nop,nop,TS val 447885495 ecr 2445264094], length 1424
19:42:17.819776 IP vyrazu-35-ThinkCentre-M70t.60670 > 20.207.73.82.https: Flags [.], ack 1425, win 491, options [nop,nop,TS val 2445264133 ecr 447885495], length 0
19:42:17.820740 IP 20.207.73.82.https > vyrazu-35-ThinkCentre-M70t.60670: Flags [P.], seq 1425:2849, ack 1896, win 68, options [nop,nop,TS val 447885495 ecr 2445264094], length 1424
19:42:17.820742 IP 20.207.73.82.https > vyrazu-35-ThinkCentre-M70t.60670: Flags [P.], seq 2849:3491, ack 1896, win 68, options [nop,nop,TS val 447885495 ecr 2445264094], length 642
19:42:17.820782 IP vyrazu-35-ThinkCentre-M70t.60670 > 20.207.73.82.https: Flags [.], ack 2849, win 480, options [nop,nop,TS val 2445264134 ecr 447885495], length 0
19:42:17.820819 IP vyrazu-35-ThinkCentre-M70t.60670 > 20.207.73.82.https: Flags [.], ack 3491, win 475, options [nop,nop,TS val 2445264134 ecr 447885495], length 0
19:42:17.824673 IP vyrazu-35-ThinkCentre-M70t.60670 > 20.207.73.82.https: Flags [P.], seq 1896:1960, ack 3491, win 475, options [nop,nop,TS val 2445264138 ecr 447885495], length 64
19:42:17.825742 IP vyrazu-35-ThinkCentre-M70t.60670 > 20.207.73.82.https: Flags [P.], seq 1960:2052, ack 3491, win 475, options [nop,nop,TS val 2445264139 ecr 447885495], length 92
19:42:17.831603 IP vyrazu-35-ThinkCentre-M70t.37068 > pnbomb-bb-in-f14.1e100.net.https: Flags [P.], seq 39:134, ack 40, win 436, options [nop,nop,TS val 1457591327 ecr 3203104242], length 95
19:42:17.831665 IP vyrazu-35-ThinkCentre-M70t.37068 > pnbomb-bb-in-f14.1e100.net.https: Flags [P.], seq 134:459, ack 40, win 436, options [nop,nop,TS val 1457591327 ecr 3203104242], length 325
19:42:17.838478 IP ec2-3-6-115-182.ap-south-1.compute.amazonaws.com.http > vyrazu-35-ThinkCentre-M70t.57250: Flags [.], ack 1, win 3646, options [nop,nop,TS val 35759840 ecr 4239939650], length 0
19:42:17.838480 IP 192.168.1.168.mdns > mdns.mcast.net.mdns: 0 [1a] [3q] PTR (QM)? _rdlink._tcp.local. PTR (QM)? _companion-link._tcp.local. PTR (QM)? lb._dns-sd._udp.local. (106)
19:42:17.838483 IP6 fe80::86d:f15a:13b4:fd2c.mdns > ff02::fb.mdns: 0 [1a] [3q] PTR (QM)? _rdlink._tcp.local. PTR (QM)? _companion-link._tcp.local. PTR (QM)? lb._dns-sd._udp.local. (106)
19:42:17.853012 IP _gateway.domain > vyrazu-35-ThinkCentre-M70t.36183: 57287 ServFail 0/1/1 (117)
19:42:17.853246 IP vyrazu-35-ThinkCentre-M70t.36183 > _gateway.domain: 57287+ PTR? 78.251.65.172.in-addr.arpa. (44)
19:42:17.863252 IP 20.207.73.82.https > vyrazu-35-ThinkCentre-M70t.60670: Flags [P.], seq 3491:3570, ack 1960, win 68, options [nop,nop,TS val 447885539 ecr 2445264138], length 79
19:42:17.863834 IP 20.207.73.82.https > vyrazu-35-ThinkCentre-M70t.60670: Flags [P.], seq 3570:3649, ack 1960, win 68, options [nop,nop,TS val 447885539 ecr 2445264138], length 79
19:42:17.864320 IP 20.207.73.82.https > vyrazu-35-ThinkCentre-M70t.60670: Flags [P.], seq 3649:3713, ack 2052, win 68, options [nop,nop,TS val 447885540 ecr 2445264139], length 64
19:42:17.864695 IP vyrazu-35-ThinkCentre-M70t.60670 > 20.207.73.82.https: Flags [.], ack 3713, win 474, options [nop,nop,TS val 2445264178 ecr 447885539], length 0
19:42:17.864788 IP vyrazu-35-ThinkCentre-M70t.60670 > 20.207.73.82.https: Flags [P.], seq 2052:2083, ack 3713, win 474, options [nop,nop,TS val 2445264178 ecr 447885539], length 31
19:42:17.867535 IP pnbomb-bb-in-f14.1e100.net.https > vyrazu-35-ThinkCentre-M70t.37068: Flags [.], ack 459, win 1040, options [nop,nop,TS val 3203109792 ecr 1457591327], length 0
19:42:17.875996 IP vyrazu-35-ThinkCentre-M70t.35450 > bom12s11-in-f4.1e100.net.https: Flags [P.], seq 264:358, ack 1356, win 289, options [nop,nop,TS val 4258686037 ecr 152255207], length 94
19:42:17.891704 IP _gateway.domain > vyrazu-35-ThinkCentre-M70t.36183: 57287 ServFail 0/1/0 (106)
19:42:17.892948 IP vyrazu-35-ThinkCentre-M70t.49600 > _gateway.domain: 31371+ [1au] PTR? 23.35.18.104.in-addr.arpa. (54)
19:42:17.912678 IP bom12s11-in-f4.1e100.net.https > vyrazu-35-ThinkCentre-M70t.35450: Flags [.], ack 358, win 1042, options [nop,nop,TS val 152255643 ecr 4258686037], length 0
19:42:17.940050 IP _gateway.domain > vyrazu-35-ThinkCentre-M70t.49600: 31371 ServFail 0/1/1 (116)
19:42:17.940109 IP vyrazu-35-ThinkCentre-M70t.49600 > _gateway.domain: 31371+ [1au] PTR? 23.35.18.104.in-addr.arpa. (54)
19:42:17.947386 IP 20.207.73.82.https > vyrazu-35-ThinkCentre-M70t.60670: Flags [.], ack 2083, win 68, options [nop,nop,TS val 447885623 ecr 2445264178], length 0
19:42:17.950293 IP vyrazu-35-ThinkCentre-M70t.34916 > ec2-3-6-30-85.ap-south-1.compute.amazonaws.com.http: Flags [.], ack 1, win 501, options [nop,nop,TS val 3268732329 ecr 1456125919], length 0
19:42:17.960287 IP vyrazu-35-ThinkCentre-M70t.57330 > ec2-3-6-98-232.ap-south-1.compute.amazonaws.com.http: Flags [.], ack 1, win 501, options [nop,nop,TS val 4263174209 ecr 3143429433], length 0
19:42:17.962278 IP vyrazu-35-ThinkCentre-M70t.53798 > ec2-3-6-115-64.ap-south-1.compute.amazonaws.com.http: Flags [.], ack 1, win 501, options [nop,nop,TS val 3327822189 ecr 2970386432], length 0
19:42:17.962322 IP vyrazu-35-ThinkCentre-M70t.38390 > ec2-3-6-115-64.ap-south-1.compute.amazonaws.com.http: Flags [.], ack 1, win 501, options [nop,nop,TS val 3327822189 ecr 2970386432], length 0
19:42:17.975386 IP pnbomb-bb-in-f14.1e100.net.https > vyrazu-35-ThinkCentre-M70t.37068: Flags [P.], seq 40:111, ack 459, win 1040, options [nop,nop,TS val 3203109900 ecr 1457591327], length 71
19:42:17.975388 IP pnbomb-bb-in-f14.1e100.net.https > vyrazu-35-ThinkCentre-M70t.37068: Flags [P.], seq 111:501, ack 459, win 1040, options [nop,nop,TS val 3203109900 ecr 1457591327], length 390
19:42:17.975438 IP vyrazu-35-ThinkCentre-M70t.37068 > pnbomb-bb-in-f14.1e100.net.https: Flags [.], ack 111, win 436, options [nop,nop,TS val 1457591471 ecr 3203109900], length 0
19:42:17.975475 IP vyrazu-35-ThinkCentre-M70t.37068 > pnbomb-bb-in-f14.1e100.net.https: Flags [.], ack 501, win 433, options [nop,nop,TS val 1457591471 ecr 3203109900], length 0
19:42:17.978834 IP pnbomb-bb-in-f14.1e100.net.https > vyrazu-35-ThinkCentre-M70t.37068: Flags [P.], seq 501:532, ack 459, win 1040, options [nop,nop,TS val 3203109903 ecr 1457591327], length 31
19:42:17.978835 IP pnbomb-bb-in-f14.1e100.net.https > vyrazu-35-ThinkCentre-M70t.37068: Flags [P.], seq 532:571, ack 459, win 1040, options [nop,nop,TS val 3203109903 ecr 1457591327], length 39
19:42:17.978872 IP vyrazu-35-ThinkCentre-M70t.37068 > pnbomb-bb-in-f14.1e100.net.https: Flags [.], ack 532, win 433, options [nop,nop,TS val 1457591474 ecr 3203109903], length 0
19:42:17.978898 IP vyrazu-35-ThinkCentre-M70t.37068 > pnbomb-bb-in-f14.1e100.net.https: Flags [.], ack 571, win 433, options [nop,nop,TS val 1457591474 ecr 3203109903], length 0
19:42:17.979256 IP vyrazu-35-ThinkCentre-M70t.37068 > pnbomb-bb-in-f14.1e100.net.https: Flags [P.], seq 459:498, ack 571, win 433, options [nop,nop,TS val 1457591475 ecr 3203109903], length 39
19:42:17.982461 IP _gateway.domain > vyrazu-35-ThinkCentre-M70t.49600: 31371 ServFail 0/1/1 (116)
19:42:17.982634 IP vyrazu-35-ThinkCentre-M70t.49600 > _gateway.domain: 31371+ PTR? 23.35.18.104.in-addr.arpa. (43)
19:42:17.983040 IP ec2-3-6-30-85.ap-south-1.compute.amazonaws.com.http > vyrazu-35-ThinkCentre-M70t.34916: Flags [.], ack 1, win 442, options [nop,nop,TS val 1456126952 ecr 3268730896], length 0
19:42:17.992837 IP ec2-3-6-98-232.ap-south-1.compute.amazonaws.com.http > vyrazu-35-ThinkCentre-M70t.57330: Flags [.], ack 1, win 442, options [nop,nop,TS val 3143430466 ecr 4263162544], length 0
19:42:17.994275 IP vyrazu-35-ThinkCentre-M70t.59792 > ec2-3-6-122-107.ap-south-1.compute.amazonaws.com.http: Flags [.], ack 1, win 501, options [nop,nop,TS val 215691190 ecr 1118640767], length 0
19:42:17.997536 IP ec2-3-6-115-64.ap-south-1.compute.amazonaws.com.http > vyrazu-35-ThinkCentre-M70t.38390: Flags [.], ack 1, win 2383, options [nop,nop,TS val 2970387467 ecr 3327819257], length 0
19:42:17.997537 IP ec2-3-6-115-64.ap-south-1.compute.amazonaws.com.http > vyrazu-35-ThinkCentre-M70t.53798: Flags [.], ack 1, win 1704, options [nop,nop,TS val 2970387467 ecr 3327810300], length 0
19:42:18.009862 IP bom12s11-in-f4.1e100.net.https > vyrazu-35-ThinkCentre-M70t.35450: Flags [P.], seq 1356:1584, ack 358, win 1042, options [nop,nop,TS val 152255740 ecr 4258686037], length 228
19:42:18.009864 IP bom12s11-in-f4.1e100.net.https > vyrazu-35-ThinkCentre-M70t.35450: Flags [P.], seq 1584:2673, ack 358, win 1042, options [nop,nop,TS val 152255741 ecr 4258686037], length 1089
19:42:18.010366 IP bom12s11-in-f4.1e100.net.https > vyrazu-35-ThinkCentre-M70t.35450: Flags [P.], seq 2673:2705, ack 358, win 1042, options [nop,nop,TS val 152255741 ecr 4258686037], length 32
19:42:18.010368 IP bom12s11-in-f4.1e100.net.https > vyrazu-35-ThinkCentre-M70t.35450: Flags [P.], seq 2705:2736, ack 358, win 1042, options [nop,nop,TS val 152255741 ecr 4258686037], length 31
19:42:18.010369 IP bom12s11-in-f4.1e100.net.https > vyrazu-35-ThinkCentre-M70t.35450: Flags [P.], seq 2736:2775, ack 358, win 1042, options [nop,nop,TS val 152255741 ecr 4258686037], length 39
19:42:18.010434 IP vyrazu-35-ThinkCentre-M70t.35450 > bom12s11-in-f4.1e100.net.https: Flags [.], ack 2775, win 278, options [nop,nop,TS val 4258686172 ecr 152255740], length 0
19:42:18.010677 IP vyrazu-35-ThinkCentre-M70t.35450 > bom12s11-in-f4.1e100.net.https: Flags [P.], seq 358:397, ack 2775, win 280, options [nop,nop,TS val 4258686172 ecr 152255740], length 39
19:42:18.019277 IP pnbomb-bb-in-f14.1e100.net.https > vyrazu-35-ThinkCentre-M70t.37068: Flags [.], ack 498, win 1040, options [nop,nop,TS val 3203109944 ecr 1457591475], length 0
19:42:18.023467 IP _gateway.domain > vyrazu-35-ThinkCentre-M70t.49600: 31371 ServFail 0/1/0 (105)
19:42:18.024491 IP vyrazu-35-ThinkCentre-M70t.51222 > _gateway.domain: 64346+ [1au] PTR? 23.35.18.104.in-addr.arpa. (54)
19:42:18.028881 IP ec2-3-6-122-107.ap-south-1.compute.amazonaws.com.http > vyrazu-35-ThinkCentre-M70t.59792: Flags [.], ack 1, win 448, options [nop,nop,TS val 1118641821 ecr 215681993], length 0
19:42:18.046791 IP6 fe80::86d:f15a:13b4:fd2c.mdns > ff02::fb.mdns: 0*- [0q] 6/0/2 (Cache flush) TXT "identifier=4004CBC1-0278-4E14-B589-35CE60842C39" "authTag=Ec8F9SP+" "ver=24" "minVer=8" "flags=0", PTR _remotepairing._tcp.local., PTR 4004CBC1-0278-4E14-B589-35CE60842C39._remotepairing._tcp.local., (Cache flush) SRV Vasus-iPhone-13.local.:49152 0 0, (Cache flush) AAAA fe80::86d:f15a:13b4:fd2c, (Cache flush) A 192.168.1.168 (347)
19:42:18.046792 IP bom12s11-in-f4.1e100.net.https > vyrazu-35-ThinkCentre-M70t.35450: Flags [.], ack 397, win 1042, options [nop,nop,TS val 152255778 ecr 4258686172], length 0
19:42:18.053758 IP vyrazu-35-ThinkCentre-M70t.34066 > hkg07s51-in-f14.1e100.net.https: Flags [P.], seq 526018865:526018983, ack 2092587084, win 447, options [nop,nop,TS val 2502087683 ecr 4079389022], length 118
19:42:18.054018 IP vyrazu-35-ThinkCentre-M70t.34066 > hkg07s51-in-f14.1e100.net.https: Flags [P.], seq 118:271, ack 1, win 447, options [nop,nop,TS val 2502087683 ecr 4079389022], length 153
19:42:18.054510 IP vyrazu-35-ThinkCentre-M70t.34066 > hkg07s51-in-f14.1e100.net.https: Flags [P.], seq 271:306, ack 1, win 447, options [nop,nop,TS val 2502087684 ecr 4079389022], length 35
19:42:18.072210 IP _gateway.domain > vyrazu-35-ThinkCentre-M70t.51222: 64346 ServFail 0/1/1 (116)
19:42:18.072502 IP vyrazu-35-ThinkCentre-M70t.51222 > _gateway.domain: 64346+ [1au] PTR? 23.35.18.104.in-addr.arpa. (54)
19:42:18.091372 IP hkg07s51-in-f14.1e100.net.https > vyrazu-35-ThinkCentre-M70t.34066: Flags [.], ack 306, win 1041, options [nop,nop,TS val 4079413714 ecr 2502087683], length 0
19:42:18.108628 IP vyrazu-35-ThinkCentre-M70t.35450 > bom12s11-in-f4.1e100.net.https: Flags [P.], seq 397:492, ack 2775, win 280, options [nop,nop,TS val 4258686270 ecr 152255778], length 95
19:42:18.115487 IP _gateway.domain > vyrazu-35-ThinkCentre-M70t.51222: 64346 ServFail 0/1/1 (116)
19:42:18.115646 IP vyrazu-35-ThinkCentre-M70t.51222 > _gateway.domain: 64346+ PTR? 23.35.18.104.in-addr.arpa. (43)
19:42:18.144844 IP bom12s11-in-f4.1e100.net.https > vyrazu-35-ThinkCentre-M70t.35450: Flags [.], ack 492, win 1042, options [nop,nop,TS val 152255876 ecr 4258686270], length 0
19:42:18.157452 IP _gateway.domain > vyrazu-35-ThinkCentre-M70t.51222: 64346 ServFail 0/1/0 (105)
19:42:18.157823 IP vyrazu-35-ThinkCentre-M70t.59411 > _gateway.domain: 18690+ [1au] PTR? 10.192.250.142.in-addr.arpa. (56)
19:42:18.200468 IP _gateway.domain > vyrazu-35-ThinkCentre-M70t.59411: 18690 1/0/1 PTR bom12s14-in-f10.1e100.net. (95)
19:42:18.201050 IP vyrazu-35-ThinkCentre-M70t.42358 > _gateway.domain: 20310+ [1au] PTR? 142.207.250.142.in-addr.arpa. (57)
19:42:18.204282 IP vyrazu-35-ThinkCentre-M70t.49294 > ec2-3-6-115-64.ap-south-1.compute.amazonaws.com.http: Flags [.], ack 1, win 501, options [nop,nop,TS val 3327822431 ecr 2970386674], length 0
19:42:18.212397 IP 104.18.16.5.https > vyrazu-35-ThinkCentre-M70t.47332: Flags [P.], seq 60:120, ack 1, win 17, options [nop,nop,TS val 2147758549 ecr 4177528818], length 60
19:42:18.212445 IP vyrazu-35-ThinkCentre-M70t.47332 > 104.18.16.5.https: Flags [.], ack 120, win 452, options [nop,nop,TS val 4177532742 ecr 2147758549], length 0
19:42:18.213844 IP vyrazu-35-ThinkCentre-M70t.47332 > 104.18.16.5.https: Flags [P.], seq 1:233, ack 120, win 452, options [nop,nop,TS val 4177532743 ecr 2147758549], length 232
19:42:18.244499 IP ec2-3-6-115-64.ap-south-1.compute.amazonaws.com.http > vyrazu-35-ThinkCentre-M70t.49294: Flags [.], ack 1, win 442, options [nop,nop,TS val 2970387714 ecr 3327817970], length 0
19:42:18.247091 ARP, Request who-has 192.168.1.57 tell _gateway, length 28
19:42:18.249059 IP _gateway.domain > vyrazu-35-ThinkCentre-M70t.42358: 20310 1/0/1 PTR pnbomb-bb-in-f14.1e100.net. (97)
19:42:18.250210 IP vyrazu-35-ThinkCentre-M70t.48315 > _gateway.domain: 25063+ [1au] PTR? 66.183.250.142.in-addr.arpa. (56)
19:42:18.250897 IP 104.18.16.5.https > vyrazu-35-ThinkCentre-M70t.47332: Flags [.], ack 233, win 17, options [nop,nop,TS val 2147758587 ecr 4177532743], length 0
19:42:18.274823 IP bom12s11-in-f4.1e100.net.https > vyrazu-35-ThinkCentre-M70t.35450: Flags [P.], seq 2775:3002, ack 492, win 1042, options [nop,nop,TS val 152256006 ecr 4258686270], length 227
19:42:18.274826 IP bom12s11-in-f4.1e100.net.https > vyrazu-35-ThinkCentre-M70t.35450: Flags [P.], seq 3002:4402, ack 492, win 1042, options [nop,nop,TS val 152256006 ecr 4258686270], length 1400
19:42:18.275072 IP vyrazu-35-ThinkCentre-M70t.35450 > bom12s11-in-f4.1e100.net.https: Flags [.], ack 4402, win 270, options [nop,nop,TS val 4258686436 ecr 152256006], length 0
19:42:18.275767 IP bom12s11-in-f4.1e100.net.https > vyrazu-35-ThinkCentre-M70t.35450: Flags [P.], seq 4402:4553, ack 492, win 1042, options [nop,nop,TS val 152256007 ecr 4258686270], length 151
19:42:18.275769 IP bom12s11-in-f4.1e100.net.https > vyrazu-35-ThinkCentre-M70t.35450: Flags [P.], seq 4553:4592, ack 492, win 1042, options [nop,nop,TS val 152256007 ecr 4258686270], length 39
19:42:18.276051 IP vyrazu-35-ThinkCentre-M70t.35450 > bom12s11-in-f4.1e100.net.https: Flags [.], ack 4592, win 280, options [nop,nop,TS val 4258686437 ecr 152256007], length 0
19:42:18.276147 IP vyrazu-35-ThinkCentre-M70t.35450 > bom12s11-in-f4.1e100.net.https: Flags [P.], seq 492:531, ack 4592, win 280, options [nop,nop,TS val 4258686437 ecr 152256007], length 39
19:42:18.289928 IP vyrazu-35-ThinkCentre-M70t.52452 > _gateway.domain: 60795+ [1au] A? lh3.googleusercontent.com. (54)
19:42:18.290166 IP vyrazu-35-ThinkCentre-M70t.42589 > _gateway.domain: 10677+ [1au] AAAA? lh3.googleusercontent.com. (54)
19:42:18.295922 IP _gateway.domain > vyrazu-35-ThinkCentre-M70t.48315: 25063 1/0/1 PTR bom12s12-in-f2.1e100.net. (94)
19:42:18.296901 IP vyrazu-35-ThinkCentre-M70t.43146 > _gateway.domain: 62811+ [1au] PTR? 78.183.250.142.in-addr.arpa. (56)
19:42:18.306185 IP _gateway.domain > vyrazu-35-ThinkCentre-M70t.52452: 60795 2/0/1 CNAME googlehosted.l.googleusercontent.com., A 142.250.77.65 (120)
19:42:18.308137 IP _gateway.domain > vyrazu-35-ThinkCentre-M70t.42589: 10677 2/0/1 CNAME googlehosted.l.googleusercontent.com., AAAA 2404:6800:4009:821::2001 (132)
19:42:18.311581 IP vyrazu-35-ThinkCentre-M70t.35653 > _gateway.domain: 59640+ [1au] AAAA? github.com. (39)
19:42:18.312238 IP bom12s11-in-f4.1e100.net.https > vyrazu-35-ThinkCentre-M70t.35450: Flags [.], ack 531, win 1042, options [nop,nop,TS val 152256043 ecr 4258686437], length 0
19:42:18.313289 IP vyrazu-35-ThinkCentre-M70t.60670 > 20.207.73.82.https: Flags [P.], seq 2083:3903, ack 3713, win 474, options [nop,nop,TS val 2445264627 ecr 447885623], length 1820
19:42:18.313796 IP vyrazu-35-ThinkCentre-M70t.48231 > _gateway.domain: 362+ [1au] HTTPS? github.githubassets.com. (52)
19:42:18.313854 IP vyrazu-35-ThinkCentre-M70t.60271 > _gateway.domain: 33679+ [1au] HTTPS? avatars.githubusercontent.com. (58)
19:42:18.313972 IP vyrazu-35-ThinkCentre-M70t.60101 > _gateway.domain: 48358+ [1au] AAAA? github.githubassets.com. (52)
19:42:18.314020 IP vyrazu-35-ThinkCentre-M70t.37248 > _gateway.domain: 44559+ [1au] A? avatars.githubusercontent.com. (58)
19:42:18.314067 IP vyrazu-35-ThinkCentre-M70t.54345 > _gateway.domain: 45272+ [1au] AAAA? avatars.githubusercontent.com. (58)
19:42:18.314429 IP _gateway.domain > vyrazu-35-ThinkCentre-M70t.43146: 62811 1/0/1 PTR bom12s12-in-f14.1e100.net. (95)
19:42:18.315156 IP vyrazu-35-ThinkCentre-M70t.60364 > _gateway.domain: 33212+ [1au] PTR? 1.1.168.192.in-addr.arpa. (53)
19:42:18.319349 IP 52.109.56.2.https > vyrazu-35-ThinkCentre-M70t.42772: Flags [P.], seq 2178919783:2178919822, ack 3072559147, win 501, options [nop,nop,TS val 1596877706 ecr 3676515981], length 39
19:42:18.319551 IP vyrazu-35-ThinkCentre-M70t.42772 > 52.109.56.2.https: Flags [P.], seq 1:40, ack 39, win 370, options [nop,nop,TS val 3676577590 ecr 1596877706], length 39
19:42:18.326641 IP _gateway.domain > vyrazu-35-ThinkCentre-M70t.60364: 33212 NXDomain* 0/0/1 (53)
19:42:18.327578 IP vyrazu-35-ThinkCentre-M70t.57862 > _gateway.domain: 18672+ [1au] PTR? b.f.0.0.0.0.0.0.0.0.0.0.0.0.0.0.0.0.0.0.0.0.0.0.0.0.0.0.2.0.f.f.ip6.arpa. (101)
19:42:18.329274 IP _gateway.domain > vyrazu-35-ThinkCentre-M70t.35653: 59640 0/1/1 (126)
19:42:18.333342 IP _gateway.domain > vyrazu-35-ThinkCentre-M70t.54345: 45272 4/0/1 AAAA 2606:50c0:8003::154, AAAA 2606:50c0:8001::154, AAAA 2606:50c0:8000::154, AAAA 2606:50c0:8002::154 (170)
19:42:18.353403 IP 20.207.73.82.https > vyrazu-35-ThinkCentre-M70t.60670: Flags [.], ack 3903, win 72, options [nop,nop,TS val 447886029 ecr 2445264627], length 0
19:42:18.359343 IP 52.109.56.2.https > vyrazu-35-ThinkCentre-M70t.42772: Flags [.], ack 40, win 501, options [nop,nop,TS val 1596877745 ecr 3676577590], length 0
19:42:18.366532 IP _gateway.domain > vyrazu-35-ThinkCentre-M70t.48231: 362 0/1/1 (137)
19:42:18.366885 IP _gateway.domain > vyrazu-35-ThinkCentre-M70t.60101: 48358 0/1/1 (134)
19:42:18.366895 IP _gateway.domain > vyrazu-35-ThinkCentre-M70t.60271: 33679 0/1/1 (143)
19:42:18.366897 IP _gateway.domain > vyrazu-35-ThinkCentre-M70t.37248: 44559 4/0/1 A 185.199.108.133, A 185.199.111.133, A 185.199.109.133, A 185.199.110.133 (122)
19:42:18.375152 IP _gateway.domain > vyrazu-35-ThinkCentre-M70t.57862: 18672 ServFail 0/1/1 (165)
19:42:18.375273 IP vyrazu-35-ThinkCentre-M70t.57862 > _gateway.domain: 18672+ [1au] PTR? b.f.0.0.0.0.0.0.0.0.0.0.0.0.0.0.0.0.0.0.0.0.0.0.0.0.0.0.2.0.f.f.ip6.arpa. (101)
19:42:18.415920 IP _gateway.domain > vyrazu-35-ThinkCentre-M70t.57862: 18672 ServFail 0/1/1 (165)
19:42:18.416236 IP vyrazu-35-ThinkCentre-M70t.57862 > _gateway.domain: 18672+ PTR? b.f.0.0.0.0.0.0.0.0.0.0.0.0.0.0.0.0.0.0.0.0.0.0.0.0.0.0.2.0.f.f.ip6.arpa. (90)
19:42:18.436906 IP ec2-3-6-30-85.ap-south-1.compute.amazonaws.com.http > vyrazu-35-ThinkCentre-M70t.60774: Flags [.], ack 1, win 2168, options [nop,nop,TS val 1456127407 ecr 3268717470], length 0
19:42:18.436941 IP vyrazu-35-ThinkCentre-M70t.60774 > ec2-3-6-30-85.ap-south-1.compute.amazonaws.com.http: Flags [.], ack 1, win 501, options [nop,nop,TS val 3268732815 ecr 1456126740], length 0
19:42:18.442217 IP vyrazu-35-ThinkCentre-M70t.54482 > ec2-3-6-115-182.ap-south-1.compute.amazonaws.com.http: Flags [.], ack 1, win 501, options [nop,nop,TS val 4239954506 ecr 35759433], length 0
19:42:18.455779 IP _gateway.domain > vyrazu-35-ThinkCentre-M70t.57862: 18672 ServFail 0/1/0 (154)
19:42:18.457559 IP vyrazu-35-ThinkCentre-M70t.52475 > _gateway.domain: 47420+ [1au] PTR? b.f.0.0.0.0.0.0.0.0.0.0.0.0.0.0.0.0.0.0.0.0.0.0.0.0.0.0.2.0.f.f.ip6.arpa. (101)
19:42:18.484286 IP ec2-3-6-115-182.ap-south-1.compute.amazonaws.com.http > vyrazu-35-ThinkCentre-M70t.54482: Flags [.], ack 1, win 1769, options [nop,nop,TS val 35760485 ecr 4239942200], length 0
19:42:18.504087 IP _gateway.domain > vyrazu-35-ThinkCentre-M70t.52475: 47420 ServFail 0/1/1 (165)
19:42:18.504363 IP vyrazu-35-ThinkCentre-M70t.52475 > _gateway.domain: 47420+ [1au] PTR? b.f.0.0.0.0.0.0.0.0.0.0.0.0.0.0.0.0.0.0.0.0.0.0.0.0.0.0.2.0.f.f.ip6.arpa. (101)
19:42:18.544668 IP _gateway.domain > vyrazu-35-ThinkCentre-M70t.52475: 47420 ServFail 0/1/1 (165)
19:42:18.544767 IP vyrazu-35-ThinkCentre-M70t.52475 > _gateway.domain: 47420+ PTR? b.f.0.0.0.0.0.0.0.0.0.0.0.0.0.0.0.0.0.0.0.0.0.0.0.0.0.0.2.0.f.f.ip6.arpa. (90)
19:42:18.571668 IP ec2-3-71-145-122.eu-central-1.compute.amazonaws.com.https > vyrazu-35-ThinkCentre-M70t.48418: Flags [P.], seq 1:273, ack 246, win 442, options [nop,nop,TS val 1047291556 ecr 3128082843], length 272
19:42:18.571687 IP vyrazu-35-ThinkCentre-M70t.48418 > ec2-3-71-145-122.eu-central-1.compute.amazonaws.com.https: Flags [.], ack 273, win 346, options [nop,nop,TS val 3128084700 ecr 1047291556], length 0
19:42:18.584221 IP _gateway.domain > vyrazu-35-ThinkCentre-M70t.52475: 47420 ServFail 0/1/0 (154)
19:42:18.585019 IP vyrazu-35-ThinkCentre-M70t.55810 > _gateway.domain: 13158+ [1au] PTR? 168.1.168.192.in-addr.arpa. (55)
19:42:18.587472 IP 172.65.251.78.https > vyrazu-35-ThinkCentre-M70t.34006: Flags [.], ack 1873319985, win 19, options [nop,nop,TS val 669222308 ecr 3509785141], length 0
19:42:18.587486 IP vyrazu-35-ThinkCentre-M70t.34006 > 172.65.251.78.https: Flags [.], ack 1, win 14005, options [nop,nop,TS val 3509800529 ecr 669206919], length 0
19:42:18.589097 IP _gateway.domain > vyrazu-35-ThinkCentre-M70t.55810: 13158 NXDomain* 0/0/1 (55)
19:42:18.590271 IP vyrazu-35-ThinkCentre-M70t.34773 > _gateway.domain: 50887+ [1au] PTR? 5.16.18.104.in-addr.arpa. (53)
19:42:18.632063 IP _gateway.domain > vyrazu-35-ThinkCentre-M70t.34773: 50887 ServFail 0/1/1 (115)
19:42:18.632348 IP vyrazu-35-ThinkCentre-M70t.34773 > _gateway.domain: 50887+ [1au] PTR? 5.16.18.104.in-addr.arpa. (53)
19:42:18.677466 IP _gateway.domain > vyrazu-35-ThinkCentre-M70t.34773: 50887 ServFail 0/1/1 (115)
19:42:18.677651 IP vyrazu-35-ThinkCentre-M70t.34773 > _gateway.domain: 50887+ PTR? 5.16.18.104.in-addr.arpa. (42)
19:42:18.717457 IP _gateway.domain > vyrazu-35-ThinkCentre-M70t.34773: 50887 ServFail 0/1/0 (104)
19:42:18.718203 IP vyrazu-35-ThinkCentre-M70t.41786 > ec2-3-6-30-85.ap-south-1.compute.amazonaws.com.http: Flags [.], ack 1, win 501, options [nop,nop,TS val 3268733097 ecr 1456126687], length 0
19:42:18.718666 IP vyrazu-35-ThinkCentre-M70t.41311 > _gateway.domain: 2480+ [1au] PTR? 5.16.18.104.in-addr.arpa. (53)
19:42:18.750691 IP ec2-3-6-30-85.ap-south-1.compute.amazonaws.com.http > vyrazu-35-ThinkCentre-M70t.41786: Flags [.], ack 1, win 2098, options [nop,nop,TS val 1456127720 ecr 3268723855], length 0
19:42:18.766087 IP _gateway.domain > vyrazu-35-ThinkCentre-M70t.41311: 2480 ServFail 0/1/1 (115)
19:42:18.766288 IP vyrazu-35-ThinkCentre-M70t.41311 > _gateway.domain: 2480+ [1au] PTR? 5.16.18.104.in-addr.arpa. (53)
19:42:18.771216 IP vyrazu-35-ThinkCentre-M70t.60774 > ec2-3-6-30-85.ap-south-1.compute.amazonaws.com.http: Flags [.], ack 1, win 501, options [nop,nop,TS val 3268733150 ecr 1456126740], length 0
19:42:18.779346 IP 20.207.73.82.https > vyrazu-35-ThinkCentre-M70t.60670: Flags [.], seq 3713:5137, ack 3903, win 72, options [nop,nop,TS val 447886455 ecr 2445264627], length 1424
19:42:18.780197 IP 20.207.73.82.https > vyrazu-35-ThinkCentre-M70t.60670: Flags [.], seq 5137:17953, ack 3903, win 72, options [nop,nop,TS val 447886455 ecr 2445264627], length 12816
19:42:18.780313 IP vyrazu-35-ThinkCentre-M70t.60670 > 20.207.73.82.https: Flags [.], ack 17953, win 363, options [nop,nop,TS val 2445265094 ecr 447886455], length 0
19:42:18.802879 IP ec2-3-6-30-85.ap-south-1.compute.amazonaws.com.http > vyrazu-35-ThinkCentre-M70t.60774: Flags [.], ack 1, win 2168, options [nop,nop,TS val 1456127772 ecr 3268732815], length 0
19:42:18.807381 IP _gateway.domain > vyrazu-35-ThinkCentre-M70t.41311: 2480 ServFail 0/1/1 (115)
19:42:18.807520 IP vyrazu-35-ThinkCentre-M70t.41311 > _gateway.domain: 2480+ PTR? 5.16.18.104.in-addr.arpa. (42)
19:42:18.808197 IP vyrazu-35-ThinkCentre-M70t.35436 > bom12s11-in-f4.1e100.net.https: Flags [P.], seq 6509:6704, ack 59917, win 3039, options [nop,nop,TS val 4258686969 ecr 3921070878], length 195
19:42:18.809003 IP vyrazu-35-ThinkCentre-M70t.35436 > bom12s11-in-f4.1e100.net.https: Flags [P.], seq 6704:6735, ack 59917, win 3039, options [nop,nop,TS val 4258686970 ecr 3921070878], length 31
19:42:18.819851 IP 20.207.73.82.https > vyrazu-35-ThinkCentre-M70t.60670: Flags [P.], seq 17953:20801, ack 3903, win 72, options [nop,nop,TS val 447886494 ecr 2445265094], length 2848
19:42:18.819852 IP 20.207.73.82.https > vyrazu-35-ThinkCentre-M70t.60670: Flags [P.], seq 20801:23649, ack 3903, win 72, options [nop,nop,TS val 447886494 ecr 2445265094], length 2848
19:42:18.819853 IP 20.207.73.82.https > vyrazu-35-ThinkCentre-M70t.60670: Flags [P.], seq 23649:26497, ack 3903, win 72, options [nop,nop,TS val 447886494 ecr 2445265094], length 2848
19:42:18.819853 IP 20.207.73.82.https > vyrazu-35-ThinkCentre-M70t.60670: Flags [P.], seq 26497:29345, ack 3903, win 72, options [nop,nop,TS val 447886494 ecr 2445265094], length 2848
19:42:18.819895 IP 20.207.73.82.https > vyrazu-35-ThinkCentre-M70t.60670: Flags [P.], seq 29345:32193, ack 3903, win 72, options [nop,nop,TS val 447886494 ecr 2445265094], length 2848
19:42:18.819897 IP 20.207.73.82.https > vyrazu-35-ThinkCentre-M70t.60670: Flags [P.], seq 32193:35041, ack 3903, win 72, options [nop,nop,TS val 447886494 ecr 2445265094], length 2848
19:42:18.819898 IP 20.207.73.82.https > vyrazu-35-ThinkCentre-M70t.60670: Flags [P.], seq 35041:37889, ack 3903, win 72, options [nop,nop,TS val 447886494 ecr 2445265094], length 2848
19:42:18.819899 IP 20.207.73.82.https > vyrazu-35-ThinkCentre-M70t.60670: Flags [P.], seq 37889:40737, ack 3903, win 72, options [nop,nop,TS val 447886494 ecr 2445265094], length 2848
19:42:18.819914 IP 20.207.73.82.https > vyrazu-35-ThinkCentre-M70t.60670: Flags [P.], seq 40737:43585, ack 3903, win 72, options [nop,nop,TS val 447886494 ecr 2445265094], length 2848
19:42:18.819916 IP 20.207.73.82.https > vyrazu-35-ThinkCentre-M70t.60670: Flags [P.], seq 43585:46433, ack 3903, win 72, options [nop,nop,TS val 447886494 ecr 2445265094], length 2848
19:42:18.819942 IP vyrazu-35-ThinkCentre-M70t.60670 > 20.207.73.82.https: Flags [.], ack 46433, win 288, options [nop,nop,TS val 2445265133 ecr 447886494], length 0
19:42:18.823159 IP vyrazu-35-ThinkCentre-M70t.37834 > _gateway.domain: 36423+ [1au] HTTPS? github.githubassets.com. (52)
19:42:18.823249 IP vyrazu-35-ThinkCentre-M70t.44025 > _gateway.domain: 5498+ [1au] HTTPS? avatars.githubusercontent.com. (58)
19:42:18.823386 IP vyrazu-35-ThinkCentre-M70t.48612 > _gateway.domain: 25504+ [1au] AAAA? github.githubassets.com. (52)
19:42:18.824056 IP vyrazu-35-ThinkCentre-M70t.45330 > _gateway.domain: 40402+ [1au] HTTPS? github-cloud.s3.amazonaws.com. (58)
19:42:18.824254 IP vyrazu-35-ThinkCentre-M70t.55899 > _gateway.domain: 18833+ [1au] A? github-cloud.s3.amazonaws.com. (58)
19:42:18.824314 IP vyrazu-35-ThinkCentre-M70t.55099 > _gateway.domain: 34792+ [1au] AAAA? github-cloud.s3.amazonaws.com. (58)
19:42:18.824366 IP vyrazu-35-ThinkCentre-M70t.41921 > _gateway.domain: 13259+ [1au] HTTPS? user-images.githubusercontent.com. (62)
19:42:18.826242 IP vyrazu-35-ThinkCentre-M70t.53220 > ec2-3-6-115-182.ap-south-1.compute.amazonaws.com.http: Flags [.], ack 1, win 501, options [nop,nop,TS val 4239954890 ecr 35759801], length 0
19:42:18.840185 IP vyrazu-35-ThinkCentre-M70t.57250 > ec2-3-6-115-182.ap-south-1.compute.amazonaws.com.http: Flags [.], ack 1, win 501, options [nop,nop,TS val 4239954904 ecr 35759840], length 0
19:42:18.842092 IP _gateway.domain > vyrazu-35-ThinkCentre-M70t.48612: 25504 0/1/1 (137)
19:42:18.842459 IP _gateway.domain > vyrazu-35-ThinkCentre-M70t.37834: 36423 0/1/1 (137)
19:42:18.842460 IP _gateway.domain > vyrazu-35-ThinkCentre-M70t.44025: 5498 0/1/1 (143)
19:42:18.842484 IP _gateway.domain > vyrazu-35-ThinkCentre-M70t.45330: 40402 2/1/1 CNAME s3-1-w.amazonaws.com., CNAME s3-w.us-east-1.amazonaws.com. (218)
19:42:18.842702 IP vyrazu-35-ThinkCentre-M70t.36882 > _gateway.domain: 40936+ [1au] HTTPS? s3-w.us-east-1.amazonaws.com. (57)
19:42:18.842915 IP vyrazu-35-ThinkCentre-M70t.35556 > cdn-185-199-108-154.github.com.https: Flags [S], seq 2906694362, win 64240, options [mss 1460,sackOK,TS val 687642576 ecr 0,nop,wscale 7], length 0
19:42:18.843145 IP vyrazu-35-ThinkCentre-M70t.41416 > cdn-185-199-108-133.github.com.https: Flags [S], seq 3482609173, win 64240, options [mss 1460,sackOK,TS val 4277180820 ecr 0,nop,wscale 7], length 0
19:42:18.844697 IP bom12s11-in-f4.1e100.net.https > vyrazu-35-ThinkCentre-M70t.35436: Flags [.], ack 6704, win 998, options [nop,nop,TS val 3921072307 ecr 4258686969], length 0
19:42:18.844836 IP bom12s11-in-f4.1e100.net.https > vyrazu-35-ThinkCentre-M70t.35436: Flags [.], ack 6735, win 998, options [nop,nop,TS val 3921072307 ecr 4258686970], length 0
19:42:18.845291 IP cdn-185-199-108-154.github.com.https > vyrazu-35-ThinkCentre-M70t.35556: Flags [S.], seq 182373295, ack 2906694363, win 65535, options [mss 1460,sackOK,TS val 929796615 ecr 687642576,nop,wscale 9], length 0
19:42:18.845305 IP vyrazu-35-ThinkCentre-M70t.35556 > cdn-185-199-108-154.github.com.https: Flags [.], ack 1, win 502, options [nop,nop,TS val 687642579 ecr 929796615], length 0
19:42:18.845831 IP vyrazu-35-ThinkCentre-M70t.35556 > cdn-185-199-108-154.github.com.https: Flags [P.], seq 1:1909, ack 1, win 502, options [nop,nop,TS val 687642579 ecr 929796615], length 1908
19:42:18.846024 IP cdn-185-199-108-133.github.com.https > vyrazu-35-ThinkCentre-M70t.41416: Flags [S.], seq 3231330113, ack 3482609174, win 65535, options [mss 1460,sackOK,TS val 1668776424 ecr 4277180820,nop,wscale 9], length 0
19:42:18.846033 IP vyrazu-35-ThinkCentre-M70t.41416 > cdn-185-199-108-133.github.com.https: Flags [.], ack 1, win 502, options [nop,nop,TS val 4277180823 ecr 1668776424], length 0
19:42:18.846565 IP vyrazu-35-ThinkCentre-M70t.41416 > cdn-185-199-108-133.github.com.https: Flags [P.], seq 1:1915, ack 1, win 502, options [nop,nop,TS val 4277180824 ecr 1668776424], length 1914
19:42:18.848016 IP cdn-185-199-108-154.github.com.https > vyrazu-35-ThinkCentre-M70t.35556: Flags [.], ack 1449, win 289, options [nop,nop,TS val 929796617 ecr 687642579], length 0
19:42:18.849799 IP _gateway.domain > vyrazu-35-ThinkCentre-M70t.41311: 2480 ServFail 0/1/0 (104)
19:42:18.850833 IP vyrazu-35-ThinkCentre-M70t.33750 > _gateway.domain: 11658+ [1au] PTR? 14.241.247.162.in-addr.arpa. (56)
19:42:18.850968 IP cdn-185-199-108-154.github.com.https > vyrazu-35-ThinkCentre-M70t.35556: Flags [.], ack 1909, win 295, options [nop,nop,TS val 929796618 ecr 687642579], length 0
19:42:18.853649 IP cdn-185-199-108-154.github.com.https > vyrazu-35-ThinkCentre-M70t.35556: Flags [P.], seq 1:6922, ack 1909, win 295, options [nop,nop,TS val 929796620 ecr 687642579], length 6921
19:42:18.853658 IP cdn-185-199-108-133.github.com.https > vyrazu-35-ThinkCentre-M70t.41416: Flags [.], ack 1915, win 291, options [nop,nop,TS val 1668776428 ecr 4277180824], length 0
19:42:18.853661 IP vyrazu-35-ThinkCentre-M70t.35556 > cdn-185-199-108-154.github.com.https: Flags [.], ack 6922, win 448, options [nop,nop,TS val 687642587 ecr 929796620], length 0
19:42:18.854976 IP vyrazu-35-ThinkCentre-M70t.41432 > cdn-185-199-108-133.github.com.https: Flags [S], seq 3262068651, win 64240, options [mss 1460,sackOK,TS val 4277180832 ecr 0,nop,wscale 7], length 0
19:42:18.855190 IP vyrazu-35-ThinkCentre-M70t.35556 > cdn-185-199-108-154.github.com.https: Flags [P.], seq 1909:1973, ack 6922, win 448, options [nop,nop,TS val 687642589 ecr 929796620], length 64
19:42:18.855516 IP vyrazu-35-ThinkCentre-M70t.35558 > cdn-185-199-108-154.github.com.https: Flags [S], seq 4278985574, win 64240, options [mss 1460,sackOK,TS val 687642589 ecr 0,nop,wscale 7], length 0
19:42:18.855632 IP vyrazu-35-ThinkCentre-M70t.35570 > cdn-185-199-108-154.github.com.https: Flags [S], seq 801718071, win 64240, options [mss 1460,sackOK,TS val 687642589 ecr 0,nop,wscale 7], length 0
19:42:18.855981 IP cdn-185-199-108-133.github.com.https > vyrazu-35-ThinkCentre-M70t.41416: Flags [P.], seq 1:6992, ack 1915, win 291, options [nop,nop,TS val 1668776430 ecr 4277180824], length 6991
19:42:18.856001 IP vyrazu-35-ThinkCentre-M70t.41416 > cdn-185-199-108-133.github.com.https: Flags [.], ack 6992, win 448, options [nop,nop,TS val 4277180833 ecr 1668776430], length 0
19:42:18.856010 IP vyrazu-35-ThinkCentre-M70t.35556 > cdn-185-199-108-154.github.com.https: Flags [P.], seq 1973:2065, ack 6922, win 448, options [nop,nop,TS val 687642589 ecr 929796620], length 92
19:42:18.856341 IP vyrazu-35-ThinkCentre-M70t.35556 > cdn-185-199-108-154.github.com.https: Flags [P.], seq 2065:2360, ack 6922, win 448, options [nop,nop,TS val 687642590 ecr 929796620], length 295
19:42:18.858131 IP _gateway.domain > vyrazu-35-ThinkCentre-M70t.36882: 40936 0/1/1 (141)
19:42:18.859329 IP cdn-185-199-108-133.github.com.https > vyrazu-35-ThinkCentre-M70t.41432: Flags [S.], seq 3924990363, ack 3262068652, win 65535, options [mss 1460,sackOK,TS val 2654993074 ecr 4277180832,nop,wscale 9], length 0
19:42:18.859351 IP vyrazu-35-ThinkCentre-M70t.41432 > cdn-185-199-108-133.github.com.https: Flags [.], ack 1, win 502, options [nop,nop,TS val 4277180837 ecr 2654993074], length 0
19:42:18.859719 IP vyrazu-35-ThinkCentre-M70t.41432 > cdn-185-199-108-133.github.com.https: Flags [P.], seq 1:1915, ack 1, win 502, options [nop,nop,TS val 4277180837 ecr 2654993074], length 1914
19:42:18.859963 IP vyrazu-35-ThinkCentre-M70t.41416 > cdn-185-199-108-133.github.com.https: Flags [P.], seq 1915:1979, ack 6992, win 448, options [nop,nop,TS val 4277180837 ecr 1668776430], length 64
19:42:18.860615 IP vyrazu-35-ThinkCentre-M70t.41416 > cdn-185-199-108-133.github.com.https: Flags [P.], seq 1979:2071, ack 6992, win 448, options [nop,nop,TS val 4277180838 ecr 1668776430], length 92
19:42:18.862153 IP 20.207.73.82.https > vyrazu-35-ThinkCentre-M70t.60670: Flags [P.], seq 46433:47404, ack 3903, win 72, options [nop,nop,TS val 447886534 ecr 2445265133], length 971
19:42:18.863460 IP ec2-3-6-115-182.ap-south-1.compute.amazonaws.com.http > vyrazu-35-ThinkCentre-M70t.53220: Flags [.], ack 1, win 2239, options [nop,nop,TS val 35760861 ecr 4239945409], length 0
19:42:18.865194 IP vyrazu-35-ThinkCentre-M70t.35556 > cdn-185-199-108-154.github.com.https: Flags [P.], seq 2065:2360, ack 6922, win 448, options [nop,nop,TS val 687642599 ecr 929796620], length 295
19:42:18.867540 IP cdn-185-199-108-154.github.com.https > vyrazu-35-ThinkCentre-M70t.35558: Flags [S.], seq 304848055, ack 4278985575, win 65535, options [mss 1460,sackOK,TS val 3506631300 ecr 687642589,nop,wscale 9], length 0
19:42:18.867540 IP cdn-185-199-108-133.github.com.https > vyrazu-35-ThinkCentre-M70t.41432: Flags [.], ack 1449, win 289, options [nop,nop,TS val 2654993078 ecr 4277180837], length 0
19:42:18.867540 IP cdn-185-199-108-154.github.com.https > vyrazu-35-ThinkCentre-M70t.35570: Flags [S.], seq 2162381647, ack 801718072, win 65535, options [mss 1460,sackOK,TS val 3741016964 ecr 687642589,nop,wscale 9], length 0
19:42:18.867541 IP cdn-185-199-108-133.github.com.https > vyrazu-35-ThinkCentre-M70t.41432: Flags [.], ack 1915, win 295, options [nop,nop,TS val 2654993079 ecr 4277180837], length 0
19:42:18.867553 IP cdn-185-199-108-154.github.com.https > vyrazu-35-ThinkCentre-M70t.35556: Flags [.], ack 1973, win 295, options [nop,nop,TS val 929796628 ecr 687642589], length 0
19:42:18.867553 IP cdn-185-199-108-154.github.com.https > vyrazu-35-ThinkCentre-M70t.35556: Flags [.], ack 2065, win 295, options [nop,nop,TS val 929796629 ecr 687642589], length 0
19:42:18.867553 IP cdn-185-199-108-154.github.com.https > vyrazu-35-ThinkCentre-M70t.35556: Flags [.], ack 2360, win 300, options [nop,nop,TS val 929796629 ecr 687642590], length 0
19:42:18.867554 IP cdn-185-199-108-154.github.com.https > vyrazu-35-ThinkCentre-M70t.35556: Flags [P.], seq 6922:6987, ack 2360, win 300, options [nop,nop,TS val 929796629 ecr 687642590], length 65
19:42:18.867554 IP cdn-185-199-108-154.github.com.https > vyrazu-35-ThinkCentre-M70t.35556: Flags [P.], seq 6987:7393, ack 2360, win 300, options [nop,nop,TS val 929796630 ecr 687642590], length 406
19:42:18.867559 IP cdn-185-199-108-154.github.com.https > vyrazu-35-ThinkCentre-M70t.35556: Flags [P.], seq 7393:23313, ack 2360, win 300, options [nop,nop,TS val 929796630 ecr 687642590], length 15920
19:42:18.867556 IP cdn-185-199-108-133.github.com.https > vyrazu-35-ThinkCentre-M70t.41416: Flags [.], ack 2071, win 291, options [nop,nop,TS val 1668776442 ecr 4277180838], length 0
19:42:18.867556 IP cdn-185-199-108-133.github.com.https > vyrazu-35-ThinkCentre-M70t.41416: Flags [P.], seq 6992:7057, ack 2071, win 291, options [nop,nop,TS val 1668776442 ecr 4277180838], length 65
19:42:18.867570 IP vyrazu-35-ThinkCentre-M70t.35570 > cdn-185-199-108-154.github.com.https: Flags [.], ack 1, win 502, options [nop,nop,TS val 687642601 ecr 3741016964], length 0
19:42:18.867580 IP vyrazu-35-ThinkCentre-M70t.35558 > cdn-185-199-108-154.github.com.https: Flags [.], ack 1, win 502, options [nop,nop,TS val 687642601 ecr 3506631300], length 0
19:42:18.867620 IP vyrazu-35-ThinkCentre-M70t.35556 > cdn-185-199-108-154.github.com.https: Flags [.], ack 23313, win 320, options [nop,nop,TS val 687642601 ecr 929796629], length 0
19:42:18.867654 IP vyrazu-35-ThinkCentre-M70t.35556 > cdn-185-199-108-154.github.com.https: Flags [P.], seq 2360:2391, ack 23313, win 320, options [nop,nop,TS val 687642601 ecr 929796629], length 31
19:42:18.867894 IP vyrazu-35-ThinkCentre-M70t.41416 > cdn-185-199-108-133.github.com.https: Flags [P.], seq 2071:2102, ack 7057, win 448, options [nop,nop,TS val 4277180845 ecr 1668776442], length 31
19:42:18.868700 IP vyrazu-35-ThinkCentre-M70t.35570 > cdn-185-199-108-154.github.com.https: Flags [P.], seq 1:2352, ack 1, win 502, options [nop,nop,TS val 687642602 ecr 3741016964], length 2351
19:42:18.869160 IP cdn-185-199-108-133.github.com.https > vyrazu-35-ThinkCentre-M70t.41432: Flags [P.], seq 1:6992, ack 1915, win 295, options [nop,nop,TS val 2654993082 ecr 4277180837], length 6991
19:42:18.869173 IP vyrazu-35-ThinkCentre-M70t.41432 > cdn-185-199-108-133.github.com.https: Flags [.], ack 6992, win 448, options [nop,nop,TS val 4277180846 ecr 2654993082], length 0
19:42:18.869201 IP vyrazu-35-ThinkCentre-M70t.35558 > cdn-185-199-108-154.github.com.https: Flags [P.], seq 1:2352, ack 1, win 502, options [nop,nop,TS val 687642603 ecr 3506631300], length 2351
19:42:18.870344 IP vyrazu-35-ThinkCentre-M70t.41432 > cdn-185-199-108-133.github.com.https: Flags [P.], seq 1915:1979, ack 6992, win 448, options [nop,nop,TS val 4277180848 ecr 2654993082], length 64
19:42:18.870344 IP cdn-185-199-108-154.github.com.https > vyrazu-35-ThinkCentre-M70t.35556: Flags [.], ack 2360, win 300, options [nop,nop,TS val 929796638 ecr 687642599,nop,nop,sack 1 {2065:2360}], length 0
19:42:18.870579 IP vyrazu-35-ThinkCentre-M70t.41432 > cdn-185-199-108-133.github.com.https: Flags [P.], seq 1979:2088, ack 6992, win 448, options [nop,nop,TS val 4277180848 ecr 2654993082], length 109
19:42:18.871420 IP cdn-185-199-108-154.github.com.https > vyrazu-35-ThinkCentre-M70t.35556: Flags [.], ack 2391, win 300, options [nop,nop,TS val 929796639 ecr 687642601], length 0
19:42:18.871421 IP cdn-185-199-108-133.github.com.https > vyrazu-35-ThinkCentre-M70t.41416: Flags [.], ack 2102, win 291, options [nop,nop,TS val 1668776448 ecr 4277180845], length 0
19:42:18.871883 IP cdn-185-199-108-154.github.com.https > vyrazu-35-ThinkCentre-M70t.35570: Flags [.], ack 2352, win 292, options [nop,nop,TS val 3741016977 ecr 687642602], length 0
19:42:18.871884 IP cdn-185-199-108-154.github.com.https > vyrazu-35-ThinkCentre-M70t.35570: Flags [P.], seq 1:1542, ack 2352, win 292, options [nop,nop,TS val 3741016977 ecr 687642602], length 1541
19:42:18.871895 IP vyrazu-35-ThinkCentre-M70t.35570 > cdn-185-199-108-154.github.com.https: Flags [.], ack 1542, win 490, options [nop,nop,TS val 687642605 ecr 3741016977], length 0
19:42:18.872329 IP vyrazu-35-ThinkCentre-M70t.41416 > cdn-185-199-108-133.github.com.https: Flags [P.], seq 2102:2435, ack 7057, win 448, options [nop,nop,TS val 4277180850 ecr 1668776448], length 333
19:42:18.872586 IP cdn-185-199-108-154.github.com.https > vyrazu-35-ThinkCentre-M70t.35558: Flags [.], ack 2352, win 292, options [nop,nop,TS val 3506631313 ecr 687642603], length 0
19:42:18.873181 IP vyrazu-35-ThinkCentre-M70t.35570 > cdn-185-199-108-154.github.com.https: Flags [P.], seq 2352:2416, ack 1542, win 490, options [nop,nop,TS val 687642607 ecr 3741016977], length 64
19:42:18.873331 IP cdn-185-199-108-154.github.com.https > vyrazu-35-ThinkCentre-M70t.35558: Flags [.], seq 1:1445, ack 2352, win 292, options [nop,nop,TS val 3506631314 ecr 687642603], length 1444
19:42:18.873343 IP vyrazu-35-ThinkCentre-M70t.35558 > cdn-185-199-108-154.github.com.https: Flags [.], ack 1445, win 491, options [nop,nop,TS val 687642607 ecr 3506631314], length 0
19:42:18.873363 IP vyrazu-35-ThinkCentre-M70t.41432 > cdn-185-199-108-133.github.com.https: Flags [P.], seq 2088:2112, ack 6992, win 448, options [nop,nop,TS val 4277180851 ecr 2654993082], length 24
19:42:18.873378 IP vyrazu-35-ThinkCentre-M70t.41432 > cdn-185-199-108-133.github.com.https: Flags [F.], seq 2112, ack 6992, win 448, options [nop,nop,TS val 4277180851 ecr 2654993082], length 0
19:42:18.874564 IP cdn-185-199-108-154.github.com.https > vyrazu-35-ThinkCentre-M70t.35558: Flags [P.], seq 1445:1542, ack 2352, win 292, options [nop,nop,TS val 3506631314 ecr 687642603], length 97
19:42:18.874564 IP vyrazu-35-ThinkCentre-M70t.35558 > cdn-185-199-108-154.github.com.https: Flags [P.], seq 2352:2416, ack 1445, win 491, options [nop,nop,TS val 687642608 ecr 3506631314], length 64
19:42:18.874565 IP cdn-185-199-108-133.github.com.https > vyrazu-35-ThinkCentre-M70t.41432: Flags [.], ack 2088, win 295, options [nop,nop,TS val 2654993089 ecr 4277180848], length 0
19:42:18.874565 IP cdn-185-199-108-133.github.com.https > vyrazu-35-ThinkCentre-M70t.41432: Flags [P.], seq 6992:7057, ack 2088, win 295, options [nop,nop,TS val 2654993089 ecr 4277180848], length 65
19:42:18.874594 IP vyrazu-35-ThinkCentre-M70t.41432 > cdn-185-199-108-133.github.com.https: Flags [R], seq 3262070739, win 0, length 0
19:42:18.874679 IP vyrazu-35-ThinkCentre-M70t.35570 > cdn-185-199-108-154.github.com.https: Flags [P.], seq 2416:2508, ack 1542, win 490, options [nop,nop,TS val 687642608 ecr 3741016977], length 92
19:42:18.876021 IP vyrazu-35-ThinkCentre-M70t.35558 > cdn-185-199-108-154.github.com.https: Flags [P.], seq 2416:2440, ack 1542, win 491, options [nop,nop,TS val 687642609 ecr 3506631314], length 24
19:42:18.876031 IP vyrazu-35-ThinkCentre-M70t.35558 > cdn-185-199-108-154.github.com.https: Flags [F.], seq 2440, ack 1542, win 491, options [nop,nop,TS val 687642609 ecr 3506631314], length 0
19:42:18.876417 IP ec2-3-6-115-182.ap-south-1.compute.amazonaws.com.http > vyrazu-35-ThinkCentre-M70t.57250: Flags [.], ack 1, win 3646, options [nop,nop,TS val 35760876 ecr 4239939650], length 0
19:42:18.877542 IP cdn-185-199-108-133.github.com.https > vyrazu-35-ThinkCentre-M70t.41432: Flags [.], ack 2113, win 295, options [nop,nop,TS val 2654993092 ecr 4277180851], length 0
19:42:18.877542 IP cdn-185-199-108-133.github.com.https > vyrazu-35-ThinkCentre-M70t.41432: Flags [P.], seq 7057:7081, ack 2113, win 295, options [nop,nop,TS val 2654993092 ecr 4277180851], length 24
19:42:18.877542 IP cdn-185-199-108-133.github.com.https > vyrazu-35-ThinkCentre-M70t.41432: Flags [F.], seq 7081, ack 2113, win 295, options [nop,nop,TS val 2654993092 ecr 4277180851], length 0
19:42:18.877548 IP cdn-185-199-108-154.github.com.https > vyrazu-35-ThinkCentre-M70t.35570: Flags [.], ack 2416, win 292, options [nop,nop,TS val 3741016981 ecr 687642607], length 0
19:42:18.877551 IP cdn-185-199-108-133.github.com.https > vyrazu-35-ThinkCentre-M70t.41416: Flags [.], ack 2435, win 296, options [nop,nop,TS val 1668776453 ecr 4277180850], length 0
19:42:18.877551 IP vyrazu-35-ThinkCentre-M70t.41432 > cdn-185-199-108-133.github.com.https: Flags [R], seq 3262070764, win 0, length 0
19:42:18.877552 IP cdn-185-199-108-133.github.com.https > vyrazu-35-ThinkCentre-M70t.41416: Flags [P.], seq 7057:7651, ack 2435, win 296, options [nop,nop,TS val 1668776454 ecr 4277180850], length 594
19:42:18.877554 IP cdn-185-199-108-133.github.com.https > vyrazu-35-ThinkCentre-M70t.41416: Flags [.], seq 7651:11983, ack 2435, win 296, options [nop,nop,TS val 1668776455 ecr 4277180850], length 4332
19:42:18.877559 IP vyrazu-35-ThinkCentre-M70t.41432 > cdn-185-199-108-133.github.com.https: Flags [R], seq 3262070764, win 0, length 0
19:42:18.877562 IP vyrazu-35-ThinkCentre-M70t.41432 > cdn-185-199-108-133.github.com.https: Flags [R], seq 3262070764, win 0, length 0
19:42:18.877591 IP vyrazu-35-ThinkCentre-M70t.41416 > cdn-185-199-108-133.github.com.https: Flags [.], ack 11983, win 410, options [nop,nop,TS val 4277180855 ecr 1668776454], length 0
19:42:18.878940 IP cdn-185-199-108-133.github.com.https > vyrazu-35-ThinkCentre-M70t.41416: Flags [.], seq 11983:16315, ack 2435, win 296, options [nop,nop,TS val 1668776455 ecr 4277180850], length 4332
19:42:18.878964 IP vyrazu-35-ThinkCentre-M70t.41416 > cdn-185-199-108-133.github.com.https: Flags [.], ack 16315, win 377, options [nop,nop,TS val 4277180856 ecr 1668776455], length 0
19:42:18.879992 IP cdn-185-199-108-154.github.com.https > vyrazu-35-ThinkCentre-M70t.35570: Flags [.], ack 2508, win 292, options [nop,nop,TS val 3741016983 ecr 687642608], length 0
19:42:18.879992 IP cdn-185-199-108-154.github.com.https > vyrazu-35-ThinkCentre-M70t.35570: Flags [P.], seq 1542:1607, ack 2508, win 292, options [nop,nop,TS val 3741016984 ecr 687642608], length 65
19:42:18.879996 IP cdn-185-199-108-133.github.com.https > vyrazu-35-ThinkCentre-M70t.41416: Flags [P.], seq 16315:24979, ack 2435, win 296, options [nop,nop,TS val 1668776455 ecr 4277180850], length 8664
19:42:18.879997 IP cdn-185-199-108-133.github.com.https > vyrazu-35-ThinkCentre-M70t.41416: Flags [P.], seq 24979:25782, ack 2435, win 296, options [nop,nop,TS val 1668776455 ecr 4277180850], length 803
19:42:18.879997 IP cdn-185-199-108-154.github.com.https > vyrazu-35-ThinkCentre-M70t.35558: Flags [.], ack 2416, win 292, options [nop,nop,TS val 3506631318 ecr 687642608], length 0
19:42:18.879997 IP cdn-185-199-108-154.github.com.https > vyrazu-35-ThinkCentre-M70t.35558: Flags [.], ack 2441, win 292, options [nop,nop,TS val 3506631320 ecr 687642609], length 0
19:42:18.879997 IP cdn-185-199-108-154.github.com.https > vyrazu-35-ThinkCentre-M70t.35558: Flags [P.], seq 1542:1566, ack 2441, win 292, options [nop,nop,TS val 3506631320 ecr 687642609], length 24
19:42:18.879998 IP cdn-185-199-108-154.github.com.https > vyrazu-35-ThinkCentre-M70t.35558: Flags [F.], seq 1566, ack 2441, win 292, options [nop,nop,TS val 3506631320 ecr 687642609], length 0
19:42:18.880017 IP vyrazu-35-ThinkCentre-M70t.35558 > cdn-185-199-108-154.github.com.https: Flags [R], seq 4278988015, win 0, length 0
19:42:18.880025 IP vyrazu-35-ThinkCentre-M70t.41416 > cdn-185-199-108-133.github.com.https: Flags [.], ack 25782, win 304, options [nop,nop,TS val 4277180857 ecr 1668776455], length 0
19:42:18.880030 IP vyrazu-35-ThinkCentre-M70t.35558 > cdn-185-199-108-154.github.com.https: Flags [R], seq 4278988015, win 0, length 0
19:42:18.880105 IP vyrazu-35-ThinkCentre-M70t.35570 > cdn-185-199-108-154.github.com.https: Flags [P.], seq 2508:2539, ack 1607, win 490, options [nop,nop,TS val 687642613 ecr 3741016984], length 31
19:42:18.881535 IP _gateway.domain > vyrazu-35-ThinkCentre-M70t.55899: 18833 10/0/1 CNAME s3-1-w.amazonaws.com., CNAME s3-w.us-east-1.amazonaws.com., A 52.217.124.25, A 3.5.21.107, A 16.15.217.18, A 52.217.201.1, A 3.5.3.161, A 16.15.193.180, A 3.5.29.214, A 52.216.78.92 (262)
19:42:18.881935 IP _gateway.domain > vyrazu-35-ThinkCentre-M70t.41921: 13259 0/1/1 (147)
19:42:18.881937 IP _gateway.domain > vyrazu-35-ThinkCentre-M70t.55099: 34792 2/1/1 CNAME s3-1-w.amazonaws.com., CNAME s3-w.us-east-1.amazonaws.com. (218)
19:42:18.882133 IP vyrazu-35-ThinkCentre-M70t.47644 > _gateway.domain: 52643+ [1au] AAAA? s3-w.us-east-1.amazonaws.com. (57)
19:42:18.882798 IP cdn-185-199-108-154.github.com.https > vyrazu-35-ThinkCentre-M70t.35570: Flags [.], ack 2539, win 292, options [nop,nop,TS val 3741016988 ecr 687642613], length 0
19:42:18.893555 IP _gateway.domain > vyrazu-35-ThinkCentre-M70t.47644: 52643 0/1/1 (141)
19:42:18.896988 IP _gateway.domain > vyrazu-35-ThinkCentre-M70t.33750: 11658 ServFail 0/1/1 (121)
19:42:18.897038 IP vyrazu-35-ThinkCentre-M70t.33750 > _gateway.domain: 11658+ [1au] PTR? 14.241.247.162.in-addr.arpa. (56)
19:42:18.902194 IP vyrazu-35-ThinkCentre-M70t.60670 > 20.207.73.82.https: Flags [.], ack 47404, win 311, options [nop,nop,TS val 2445265216 ecr 447886534], length 0
19:42:18.911668 IP bom12s11-in-f4.1e100.net.https > vyrazu-35-ThinkCentre-M70t.35436: Flags [P.], seq 59917:60142, ack 6735, win 998, options [nop,nop,TS val 3921072374 ecr 4258686970], length 225
19:42:18.911807 IP bom12s11-in-f4.1e100.net.https > vyrazu-35-ThinkCentre-M70t.35436: Flags [P.], seq 60142:60173, ack 6735, win 998, options [nop,nop,TS val 3921072374 ecr 4258686970], length 31
19:42:18.911833 IP vyrazu-35-ThinkCentre-M70t.35436 > bom12s11-in-f4.1e100.net.https: Flags [.], ack 60173, win 3039, options [nop,nop,TS val 4258687073 ecr 3921072374], length 0
19:42:18.912108 IP bom12s11-in-f4.1e100.net.https > vyrazu-35-ThinkCentre-M70t.35436: Flags [P.], seq 60173:60212, ack 6735, win 998, options [nop,nop,TS val 3921072374 ecr 4258686970], length 39
19:42:18.912153 IP vyrazu-35-ThinkCentre-M70t.35436 > bom12s11-in-f4.1e100.net.https: Flags [P.], seq 6735:6774, ack 60212, win 3039, options [nop,nop,TS val 4258687073 ecr 3921072374], length 39
19:42:18.940505 IP _gateway.domain > vyrazu-35-ThinkCentre-M70t.33750: 11658 ServFail 0/1/1 (121)
19:42:18.940575 IP vyrazu-35-ThinkCentre-M70t.33750 > _gateway.domain: 11658+ PTR? 14.241.247.162.in-addr.arpa. (45)
19:42:18.945926 IP ec2-3-6-115-182.ap-south-1.compute.amazonaws.com.http > vyrazu-35-ThinkCentre-M70t.57250: Flags [.], ack 1, win 3646, options [nop,nop,TS val 35760948 ecr 4239939650], length 0
19:42:18.945938 IP vyrazu-35-ThinkCentre-M70t.57250 > ec2-3-6-115-182.ap-south-1.compute.amazonaws.com.http: Flags [.], ack 1, win 501, options [nop,nop,TS val 4239955009 ecr 35760876], length 0
19:42:18.947508 IP bom12s11-in-f4.1e100.net.https > vyrazu-35-ThinkCentre-M70t.35436: Flags [.], ack 6774, win 998, options [nop,nop,TS val 3921072410 ecr 4258687073], length 0
19:42:18.980515 IP _gateway.domain > vyrazu-35-ThinkCentre-M70t.33750: 11658 ServFail 0/1/0 (110)
19:42:18.980903 IP vyrazu-35-ThinkCentre-M70t.37650 > _gateway.domain: 57009+ [1au] PTR? 14.241.247.162.in-addr.arpa. (56)
19:42:18.984217 IP vyrazu-35-ThinkCentre-M70t.34916 > ec2-3-6-30-85.ap-south-1.compute.amazonaws.com.http: Flags [.], ack 1, win 501, options [nop,nop,TS val 3268733363 ecr 1456126952], length 0
19:42:19.016469 IP ec2-3-6-30-85.ap-south-1.compute.amazonaws.com.http > vyrazu-35-ThinkCentre-M70t.34916: Flags [.], ack 1, win 442, options [nop,nop,TS val 1456127986 ecr 3268730896], length 0
19:42:19.018182 IP vyrazu-35-ThinkCentre-M70t.53798 > ec2-3-6-115-64.ap-south-1.compute.amazonaws.com.http: Flags [.], ack 1, win 501, options [nop,nop,TS val 3327823245 ecr 2970387467], length 0
19:42:19.018197 IP vyrazu-35-ThinkCentre-M70t.38390 > ec2-3-6-115-64.ap-south-1.compute.amazonaws.com.http: Flags [.], ack 1, win 501, options [nop,nop,TS val 3327823245 ecr 2970387467], length 0
19:42:19.018206 IP vyrazu-35-ThinkCentre-M70t.57330 > ec2-3-6-98-232.ap-south-1.compute.amazonaws.com.http: Flags [.], ack 1, win 501, options [nop,nop,TS val 4263175267 ecr 3143430466], length 0
19:42:19.024844 IP vyrazu-35-ThinkCentre-M70t.54152 > lb-140-82-113-26-iad.github.com.https: Flags [P.], seq 2138597718:2138597907, ack 1380903534, win 470, options [nop,nop,TS val 860567017 ecr 2005416237], length 189
19:42:19.025029 IP _gateway.domain > vyrazu-35-ThinkCentre-M70t.37650: 57009 ServFail 0/1/1 (121)
19:42:19.025086 IP vyrazu-35-ThinkCentre-M70t.37650 > _gateway.domain: 57009+ [1au] PTR? 14.241.247.162.in-addr.arpa. (56)
19:42:19.029178 IP vyrazu-35-ThinkCentre-M70t.59792 > ec2-3-6-122-107.ap-south-1.compute.amazonaws.com.http: Flags [.], ack 1, win 501, options [nop,nop,TS val 215692225 ecr 1118641821], length 0
19:42:19.050739 IP ec2-3-6-98-232.ap-south-1.compute.amazonaws.com.http > vyrazu-35-ThinkCentre-M70t.57330: Flags [.], ack 1, win 442, options [nop,nop,TS val 3143431524 ecr 4263162544], length 0
19:42:19.052293 IP ec2-3-6-115-64.ap-south-1.compute.amazonaws.com.http > vyrazu-35-ThinkCentre-M70t.53798: Flags [.], ack 1, win 1704, options [nop,nop,TS val 2970388522 ecr 3327810300], length 0
19:42:19.052605 IP ec2-3-6-115-64.ap-south-1.compute.amazonaws.com.http > vyrazu-35-ThinkCentre-M70t.38390: Flags [.], ack 1, win 2383, options [nop,nop,TS val 2970388522 ecr 3327819257], length 0
19:42:19.052995 IP vyrazu-35-ThinkCentre-M70t.35556 > cdn-185-199-108-154.github.com.https: Flags [P.], seq 2391:2491, ack 23313, win 328, options [nop,nop,TS val 687642786 ecr 929796639], length 100
19:42:19.054979 IP cdn-185-199-108-154.github.com.https > vyrazu-35-ThinkCentre-M70t.35556: Flags [.], ack 2491, win 300, options [nop,nop,TS val 929796824 ecr 687642786], length 0
19:42:19.055531 IP cdn-185-199-108-154.github.com.https > vyrazu-35-ThinkCentre-M70t.35556: Flags [P.], seq 23313:23505, ack 2491, win 300, options [nop,nop,TS val 929796825 ecr 687642786], length 192
19:42:19.056203 IP cdn-185-199-108-154.github.com.https > vyrazu-35-ThinkCentre-M70t.35556: Flags [P.], seq 23505:31849, ack 2491, win 300, options [nop,nop,TS val 929796825 ecr 687642786], length 8344
19:42:19.056240 IP vyrazu-35-ThinkCentre-M70t.35556 > cdn-185-199-108-154.github.com.https: Flags [.], ack 31849, win 265, options [nop,nop,TS val 687642790 ecr 929796825], length 0
19:42:19.063319 IP ec2-3-6-122-107.ap-south-1.compute.amazonaws.com.http > vyrazu-35-ThinkCentre-M70t.59792: Flags [.], ack 1, win 448, options [nop,nop,TS val 1118642855 ecr 215681993], length 0
19:42:19.067790 IP6 fe80::86d:f15a:13b4:fd2c.mdns > ff02::fb.mdns: 0*- [0q] 6/0/2 (Cache flush) TXT "identifier=4004CBC1-0278-4E14-B589-35CE60842C39" "authTag=Ec8F9SP+" "ver=24" "minVer=8" "flags=0", PTR _remotepairing._tcp.local., PTR 4004CBC1-0278-4E14-B589-35CE60842C39._remotepairing._tcp.local., (Cache flush) SRV Vasus-iPhone-13.local.:49152 0 0, (Cache flush) AAAA fe80::86d:f15a:13b4:fd2c, (Cache flush) A 192.168.1.168 (347)
19:42:19.067792 IP _gateway.domain > vyrazu-35-ThinkCentre-M70t.37650: 57009 ServFail 0/1/1 (121)
19:42:19.067899 IP vyrazu-35-ThinkCentre-M70t.37650 > _gateway.domain: 57009+ PTR? 14.241.247.162.in-addr.arpa. (45)
19:42:19.072522 IP vyrazu-35-ThinkCentre-M70t.60670 > 20.207.73.82.https: Flags [P.], seq 3903:5085, ack 47404, win 311, options [nop,nop,TS val 2445265386 ecr 447886534], length 1182
19:42:19.072674 IP vyrazu-35-ThinkCentre-M70t.35570 > cdn-185-199-108-154.github.com.https: Flags [P.], seq 2539:2868, ack 1607, win 490, options [nop,nop,TS val 687642806 ecr 3741016988], length 329
19:42:19.072909 IP vyrazu-35-ThinkCentre-M70t.60670 > 20.207.73.82.https: Flags [P.], seq 5085:5120, ack 47404, win 311, options [nop,nop,TS val 2445265386 ecr 447886534], length 35
19:42:19.076042 IP vyrazu-35-ThinkCentre-M70t.35570 > cdn-185-199-108-154.github.com.https: Flags [P.], seq 2868:2903, ack 1607, win 490, options [nop,nop,TS val 687642809 ecr 3741016988], length 35
19:42:19.076807 IP cdn-185-199-108-154.github.com.https > vyrazu-35-ThinkCentre-M70t.35570: Flags [.], ack 2868, win 298, options [nop,nop,TS val 3741017181 ecr 687642806], length 0
19:42:19.077275 IP cdn-185-199-108-154.github.com.https > vyrazu-35-ThinkCentre-M70t.35570: Flags [P.], seq 1607:1995, ack 2868, win 298, options [nop,nop,TS val 3741017182 ecr 687642806], length 388
19:42:19.077276 IP cdn-185-199-108-154.github.com.https > vyrazu-35-ThinkCentre-M70t.35570: Flags [P.], seq 1995:2985, ack 2868, win 298, options [nop,nop,TS val 3741017182 ecr 687642806], length 990
19:42:19.077416 IP vyrazu-35-ThinkCentre-M70t.35570 > cdn-185-199-108-154.github.com.https: Flags [.], ack 2985, win 480, options [nop,nop,TS val 687642811 ecr 3741017182], length 0
19:42:19.078390 IP cdn-185-199-108-154.github.com.https > vyrazu-35-ThinkCentre-M70t.35570: Flags [.], ack 2903, win 298, options [nop,nop,TS val 3741017184 ecr 687642809], length 0
19:42:19.109186 IP _gateway.domain > vyrazu-35-ThinkCentre-M70t.37650: 57009 ServFail 0/1/0 (110)
19:42:19.109662 IP vyrazu-35-ThinkCentre-M70t.48077 > _gateway.domain: 21587+ [1au] PTR? 36.183.250.142.in-addr.arpa. (56)
19:42:19.111281 IP 20.207.73.82.https > vyrazu-35-ThinkCentre-M70t.60670: Flags [.], ack 5085, win 75, options [nop,nop,TS val 447886786 ecr 2445265386], length 0
19:42:19.112346 IP 20.207.73.82.https > vyrazu-35-ThinkCentre-M70t.60670: Flags [.], ack 5120, win 75, options [nop,nop,TS val 447886787 ecr 2445265386], length 0
19:42:19.122747 IP _gateway.domain > vyrazu-35-ThinkCentre-M70t.48077: 21587 1/0/1 PTR bom12s11-in-f4.1e100.net. (94)
19:42:19.123280 IP vyrazu-35-ThinkCentre-M70t.47027 > _gateway.domain: 7523+ [1au] PTR? 122.145.71.3.in-addr.arpa. (54)
19:42:19.123873 IP vyrazu-35-ThinkCentre-M70t.33678 > _gateway.domain: 42224+ [1au] HTTPS? collector.github.com. (49)
19:42:19.123931 IP vyrazu-35-ThinkCentre-M70t.48827 > _gateway.domain: 22145+ [1au] A? collector.github.com. (49)
19:42:19.123988 IP vyrazu-35-ThinkCentre-M70t.52448 > _gateway.domain: 9705+ [1au] AAAA? collector.github.com. (49)
19:42:19.135408 IP vyrazu-35-ThinkCentre-M70t.60670 > 20.207.73.82.https: Flags [P.], seq 5120:5602, ack 47404, win 311, options [nop,nop,TS val 2445265449 ecr 447886787], length 482
19:42:19.138480 IP _gateway.domain > vyrazu-35-ThinkCentre-M70t.33678: 42224 1/1/1 CNAME glb-db52c2cf8be544.github.com. (169)
19:42:19.138553 IP vyrazu-35-ThinkCentre-M70t.60670 > 20.207.73.82.https: Flags [P.], seq 5602:5756, ack 47404, win 311, options [nop,nop,TS val 2445265452 ecr 447886787], length 154
19:42:19.138681 IP vyrazu-35-ThinkCentre-M70t.56825 > _gateway.domain: 16925+ [1au] HTTPS? glb-db52c2cf8be544.github.com. (58)
19:42:19.138829 IP _gateway.domain > vyrazu-35-ThinkCentre-M70t.48827: 22145 2/0/1 CNAME glb-db52c2cf8be544.github.com., A 140.82.113.21 (98)
19:42:19.139152 IP vyrazu-35-ThinkCentre-M70t.60996 > lb-140-82-113-21-iad.github.com.https: Flags [S], seq 1046075578, win 64240, options [mss 1460,sackOK,TS val 3967812709 ecr 0,nop,wscale 7], length 0
19:42:19.141203 IP _gateway.domain > vyrazu-35-ThinkCentre-M70t.52448: 9705 1/1/1 CNAME glb-db52c2cf8be544.github.com. (169)
19:42:19.141610 IP vyrazu-35-ThinkCentre-M70t.38090 > _gateway.domain: 29170+ [1au] AAAA? glb-db52c2cf8be544.github.com. (58)
19:42:19.151184 IP vyrazu-35-ThinkCentre-M70t.60670 > 20.207.73.82.https: Flags [P.], seq 5756:5963, ack 47404, win 311, options [nop,nop,TS val 2445265464 ecr 447886787], length 207
19:42:19.152100 IP _gateway.domain > vyrazu-35-ThinkCentre-M70t.56825: 16925 0/1/1 (145)
19:42:19.155365 IP _gateway.domain > vyrazu-35-ThinkCentre-M70t.38090: 29170 0/1/1 (145)
19:42:19.161841 IP vyrazu-35-ThinkCentre-M70t.60670 > 20.207.73.82.https: Flags [P.], seq 5963:6126, ack 47404, win 311, options [nop,nop,TS val 2445265475 ecr 447886787], length 163
19:42:19.162372 IP vyrazu-35-ThinkCentre-M70t.60670 > 20.207.73.82.https: Flags [P.], seq 6126:6306, ack 47404, win 311, options [nop,nop,TS val 2445265476 ecr 447886787], length 180
19:42:19.162687 IP vyrazu-35-ThinkCentre-M70t.60670 > 20.207.73.82.https: Flags [P.], seq 6306:6486, ack 47404, win 311, options [nop,nop,TS val 2445265476 ecr 447886787], length 180
19:42:19.162991 IP vyrazu-35-ThinkCentre-M70t.60670 > 20.207.73.82.https: Flags [P.], seq 6486:6663, ack 47404, win 311, options [nop,nop,TS val 2445265476 ecr 447886787], length 177
19:42:19.163748 IP vyrazu-35-ThinkCentre-M70t.35556 > cdn-185-199-108-154.github.com.https: Flags [P.], seq 2491:2625, ack 31849, win 328, options [nop,nop,TS val 687642897 ecr 929796825], length 134
19:42:19.164059 IP vyrazu-35-ThinkCentre-M70t.35556 > cdn-185-199-108-154.github.com.https: Flags [P.], seq 2625:2726, ack 31849, win 328, options [nop,nop,TS val 687642897 ecr 929796825], length 101
19:42:19.164217 IP vyrazu-35-ThinkCentre-M70t.35556 > cdn-185-199-108-154.github.com.https: Flags [P.], seq 2726:2855, ack 31849, win 328, options [nop,nop,TS val 687642898 ecr 929796825], length 129
19:42:19.164384 IP vyrazu-35-ThinkCentre-M70t.35556 > cdn-185-199-108-154.github.com.https: Flags [P.], seq 2855:2996, ack 31849, win 328, options [nop,nop,TS val 687642898 ecr 929796825], length 141
19:42:19.165198 IP vyrazu-35-ThinkCentre-M70t.35556 > cdn-185-199-108-154.github.com.https: Flags [P.], seq 2996:3031, ack 31849, win 328, options [nop,nop,TS val 687642899 ecr 929796825], length 35
19:42:19.166408 IP cdn-185-199-108-154.github.com.https > vyrazu-35-ThinkCentre-M70t.35556: Flags [.], ack 2625, win 306, options [nop,nop,TS val 929796935 ecr 687642897], length 0
19:42:19.166409 IP cdn-185-199-108-154.github.com.https > vyrazu-35-ThinkCentre-M70t.35556: Flags [.], ack 2726, win 306, options [nop,nop,TS val 929796935 ecr 687642897], length 0
19:42:19.167025 IP cdn-185-199-108-154.github.com.https > vyrazu-35-ThinkCentre-M70t.35556: Flags [.], ack 2855, win 312, options [nop,nop,TS val 929796936 ecr 687642898], length 0
19:42:19.167201 IP cdn-185-199-108-154.github.com.https > vyrazu-35-ThinkCentre-M70t.35556: Flags [.], ack 2996, win 317, options [nop,nop,TS val 929796936 ecr 687642898], length 0
19:42:19.168388 IP cdn-185-199-108-154.github.com.https > vyrazu-35-ThinkCentre-M70t.35556: Flags [.], ack 3031, win 317, options [nop,nop,TS val 929796937 ecr 687642899], length 0
19:42:19.168390 IP cdn-185-199-108-154.github.com.https > vyrazu-35-ThinkCentre-M70t.35556: Flags [P.], seq 31849:32317, ack 3031, win 317, options [nop,nop,TS val 929796937 ecr 687642899], length 468
19:42:19.169289 IP cdn-185-199-108-154.github.com.https > vyrazu-35-ThinkCentre-M70t.35556: Flags [P.], seq 32317:46470, ack 3031, win 317, options [nop,nop,TS val 929796937 ecr 687642899], length 14153
19:42:19.169377 IP vyrazu-35-ThinkCentre-M70t.35556 > cdn-185-199-108-154.github.com.https: Flags [.], ack 46470, win 224, options [nop,nop,TS val 687642903 ecr 929796937], length 0
19:42:19.173906 IP 20.207.73.82.https > vyrazu-35-ThinkCentre-M70t.60670: Flags [.], ack 5602, win 77, options [nop,nop,TS val 447886849 ecr 2445265449], length 0
19:42:19.174322 IP vyrazu-35-ThinkCentre-M70t.60670 > 20.207.73.82.https: Flags [P.], seq 6663:7290, ack 47404, win 311, options [nop,nop,TS val 2445265488 ecr 447886849], length 627
19:42:19.175171 IP vyrazu-35-ThinkCentre-M70t.60670 > 20.207.73.82.https: Flags [P.], seq 7290:7483, ack 47404, win 311, options [nop,nop,TS val 2445265488 ecr 447886849], length 193
19:42:19.176878 IP 20.207.73.82.https > vyrazu-35-ThinkCentre-M70t.60670: Flags [.], ack 5756, win 80, options [nop,nop,TS val 447886852 ecr 2445265452], length 0
19:42:19.177290 IP _gateway.domain > vyrazu-35-ThinkCentre-M70t.47027: 7523 1/0/1 PTR ec2-3-71-145-122.eu-central-1.compute.amazonaws.com. (119)
19:42:19.177900 IP vyrazu-35-ThinkCentre-M70t.56769 > _gateway.domain: 36471+ [1au] PTR? 57.1.168.192.in-addr.arpa. (54)
19:42:19.185343 IP _gateway.domain > vyrazu-35-ThinkCentre-M70t.56769: 36471 NXDomain* 0/0/1 (54)
19:42:19.186363 IP vyrazu-35-ThinkCentre-M70t.58021 > _gateway.domain: 49554+ [1au] PTR? 49.42.251.142.in-addr.arpa. (55)
19:42:19.189846 IP 20.207.73.82.https > vyrazu-35-ThinkCentre-M70t.60670: Flags [.], ack 5963, win 83, options [nop,nop,TS val 447886865 ecr 2445265464], length 0
19:42:19.200118 IP 20.207.73.82.https > vyrazu-35-ThinkCentre-M70t.60670: Flags [.], ack 6126, win 86, options [nop,nop,TS val 447886875 ecr 2445265475], length 0
19:42:19.201018 IP 20.207.73.82.https > vyrazu-35-ThinkCentre-M70t.60670: Flags [.], ack 6306, win 88, options [nop,nop,TS val 447886876 ecr 2445265476], length 0
19:42:19.201018 IP 20.207.73.82.https > vyrazu-35-ThinkCentre-M70t.60670: Flags [.], ack 6486, win 91, options [nop,nop,TS val 447886876 ecr 2445265476], length 0
19:42:19.201018 IP 20.207.73.82.https > vyrazu-35-ThinkCentre-M70t.60670: Flags [.], ack 6663, win 94, options [nop,nop,TS val 447886876 ecr 2445265476], length 0
19:42:19.210197 IP vyrazu-35-ThinkCentre-M70t.59762 > 151.101.2.132.https: Flags [.], ack 114710009, win 367, options [nop,nop,TS val 753350728 ecr 295571524], length 0
19:42:19.213855 IP 20.207.73.82.https > vyrazu-35-ThinkCentre-M70t.60670: Flags [.], ack 7290, win 97, options [nop,nop,TS val 447886889 ecr 2445265488], length 0
19:42:19.213855 IP 20.207.73.82.https > vyrazu-35-ThinkCentre-M70t.60670: Flags [.], ack 7483, win 100, options [nop,nop,TS val 447886889 ecr 2445265488], length 0
19:42:19.233118 IP _gateway.domain > vyrazu-35-ThinkCentre-M70t.58021: 49554 1/0/1 PTR bom12s20-in-f17.1e100.net. (94)
19:42:19.233730 IP vyrazu-35-ThinkCentre-M70t.49967 > _gateway.domain: 6520+ [1au] PTR? 3.192.250.142.in-addr.arpa. (55)
19:42:19.245214 IP vyrazu-35-ThinkCentre-M70t.49294 > ec2-3-6-115-64.ap-south-1.compute.amazonaws.com.http: Flags [.], ack 1, win 501, options [nop,nop,TS val 3327823472 ecr 2970387714], length 0
19:42:19.249266 IP 151.101.2.132.https > vyrazu-35-ThinkCentre-M70t.59762: Flags [.], ack 1, win 306, options [nop,nop,TS val 295619652 ecr 753257524], length 0
19:42:19.260180 IP vyrazu-35-ThinkCentre-M70t.50110 > si-in-f188.1e100.net.5228: Flags [.], ack 48796232, win 441, options [nop,nop,TS val 470560354 ecr 267240679], length 0
19:42:19.271144 ARP, Request who-has 192.168.1.57 tell _gateway, length 28
19:42:19.276021 IP vyrazu-35-ThinkCentre-M70t.51631 > _gateway.domain: 40590+ [1au] HTTPS? api.github.com. (43)
19:42:19.276095 IP vyrazu-35-ThinkCentre-M70t.45924 > _gateway.domain: 16646+ [1au] A? api.github.com. (43)
19:42:19.276180 IP vyrazu-35-ThinkCentre-M70t.44170 > _gateway.domain: 5480+ [1au] AAAA? api.github.com. (43)
19:42:19.279074 IP _gateway.domain > vyrazu-35-ThinkCentre-M70t.49967: 6520 1/0/1 PTR bom12s14-in-f3.1e100.net. (93)
19:42:19.279702 IP vyrazu-35-ThinkCentre-M70t.56710 > _gateway.domain: 45246+ [1au] PTR? 234.42.251.142.in-addr.arpa. (56)
19:42:19.284899 IP ec2-3-6-115-64.ap-south-1.compute.amazonaws.com.http > vyrazu-35-ThinkCentre-M70t.49294: Flags [.], ack 1, win 442, options [nop,nop,TS val 2970388755 ecr 3327817970], length 0
19:42:19.287438 IP lb-140-82-113-26-iad.github.com.https > vyrazu-35-ThinkCentre-M70t.54152: Flags [.], ack 189, win 85, options [nop,nop,TS val 2005464985 ecr 860567017], length 0
19:42:19.288011 IP lb-140-82-113-26-iad.github.com.https > vyrazu-35-ThinkCentre-M70t.54152: Flags [P.], seq 1:74, ack 189, win 85, options [nop,nop,TS val 2005464986 ecr 860567017], length 73
19:42:19.290005 IP _gateway.domain > vyrazu-35-ThinkCentre-M70t.44170: 5480 0/1/1 (130)
19:42:19.323101 IP _gateway.domain > vyrazu-35-ThinkCentre-M70t.51631: 40590 0/1/1 (130)
19:42:19.326734 IP _gateway.domain > vyrazu-35-ThinkCentre-M70t.56710: 45246 2/0/1 PTR pnbomb-aw-in-f10.1e100.net., PTR tsa01s11-in-f10.1e100.net. (126)
19:42:19.328214 IP vyrazu-35-ThinkCentre-M70t.54152 > lb-140-82-113-26-iad.github.com.https: Flags [.], ack 74, win 470, options [nop,nop,TS val 860567321 ecr 2005464986], length 0
19:42:19.329279 IP _gateway.domain > vyrazu-35-ThinkCentre-M70t.45924: 16646 1/0/1 A 20.207.73.85 (59)
19:42:19.331077 IP vyrazu-35-ThinkCentre-M70t.41062 > 20.207.73.85.https: Flags [S], seq 2837501724, win 64240, options [mss 1460,sackOK,TS val 3501362331 ecr 0,nop,wscale 7], length 0
19:42:19.331706 IP vyrazu-35-ThinkCentre-M70t.52873 > _gateway.domain: 681+ [1au] PTR? 82.73.207.20.in-addr.arpa. (54)
19:42:19.355188 IP si-in-f188.1e100.net.5228 > vyrazu-35-ThinkCentre-M70t.50110: Flags [.], ack 1, win 1044, options [nop,nop,TS val 267285775 ecr 470421224], length 0
19:42:19.371068 IP 20.207.73.85.https > vyrazu-35-ThinkCentre-M70t.41062: Flags [S.], seq 2694815116, ack 2837501725, win 65535, options [mss 1436,sackOK,TS val 447887047 ecr 3501362331,nop,wscale 10], length 0
19:42:19.371103 IP vyrazu-35-ThinkCentre-M70t.41062 > 20.207.73.85.https: Flags [.], ack 1, win 502, options [nop,nop,TS val 3501362371 ecr 447887047], length 0
19:42:19.371735 IP vyrazu-35-ThinkCentre-M70t.41062 > 20.207.73.85.https: Flags [P.], seq 1:2071, ack 1, win 502, options [nop,nop,TS val 3501362372 ecr 447887047], length 2070
19:42:19.380080 IP _gateway.domain > vyrazu-35-ThinkCentre-M70t.52873: 681 ServFail 0/1/1 (143)
19:42:19.380190 IP vyrazu-35-ThinkCentre-M70t.52873 > _gateway.domain: 681+ [1au] PTR? 82.73.207.20.in-addr.arpa. (54)
19:42:19.399185 IP lb-140-82-113-21-iad.github.com.https > vyrazu-35-ThinkCentre-M70t.60996: Flags [S.], seq 3378137971, ack 1046075579, win 65535, options [mss 1436,sackOK,TS val 715680748 ecr 3967812709,nop,wscale 10], length 0
19:42:19.399226 IP vyrazu-35-ThinkCentre-M70t.60996 > lb-140-82-113-21-iad.github.com.https: Flags [.], ack 1, win 502, options [nop,nop,TS val 3967812970 ecr 715680748], length 0
19:42:19.399922 IP vyrazu-35-ThinkCentre-M70t.60996 > lb-140-82-113-21-iad.github.com.https: Flags [P.], seq 1:1906, ack 1, win 502, options [nop,nop,TS val 3967812970 ecr 715680748], length 1905
19:42:19.411016 IP 20.207.73.85.https > vyrazu-35-ThinkCentre-M70t.41062: Flags [.], ack 2071, win 69, options [nop,nop,TS val 447887087 ecr 3501362372], length 0
19:42:19.411419 IP 20.207.73.85.https > vyrazu-35-ThinkCentre-M70t.41062: Flags [.], seq 1:1425, ack 2071, win 69, options [nop,nop,TS val 447887088 ecr 3501362372], length 1424
19:42:19.411433 IP vyrazu-35-ThinkCentre-M70t.41062 > 20.207.73.85.https: Flags [.], ack 1425, win 491, options [nop,nop,TS val 3501362412 ecr 447887088], length 0
19:42:19.412222 IP 20.207.73.85.https > vyrazu-35-ThinkCentre-M70t.41062: Flags [P.], seq 1425:2849, ack 2071, win 69, options [nop,nop,TS val 447887088 ecr 3501362372], length 1424
19:42:19.412224 IP 20.207.73.85.https > vyrazu-35-ThinkCentre-M70t.41062: Flags [P.], seq 2849:3490, ack 2071, win 69, options [nop,nop,TS val 447887088 ecr 3501362372], length 641
19:42:19.412251 IP vyrazu-35-ThinkCentre-M70t.41062 > 20.207.73.85.https: Flags [.], ack 2849, win 480, options [nop,nop,TS val 3501362413 ecr 447887088], length 0
19:42:19.412259 IP vyrazu-35-ThinkCentre-M70t.41062 > 20.207.73.85.https: Flags [.], ack 3490, win 475, options [nop,nop,TS val 3501362413 ecr 447887088], length 0
19:42:19.412898 IP vyrazu-35-ThinkCentre-M70t.41062 > 20.207.73.85.https: Flags [P.], seq 2071:2135, ack 3490, win 475, options [nop,nop,TS val 3501362413 ecr 447887088], length 64
19:42:19.413209 IP vyrazu-35-ThinkCentre-M70t.41062 > 20.207.73.85.https: Flags [P.], seq 2135:2227, ack 3490, win 475, options [nop,nop,TS val 3501362414 ecr 447887088], length 92
19:42:19.413228 IP vyrazu-35-ThinkCentre-M70t.41062 > 20.207.73.85.https: Flags [P.], seq 2227:2815, ack 3490, win 475, options [nop,nop,TS val 3501362414 ecr 447887088], length 588
19:42:19.413239 IP vyrazu-35-ThinkCentre-M70t.41062 > 20.207.73.85.https: Flags [P.], seq 2815:4612, ack 3490, win 475, options [nop,nop,TS val 3501362414 ecr 447887088], length 1797
19:42:19.414724 IP 20.207.73.82.https > vyrazu-35-ThinkCentre-M70t.60670: Flags [P.], seq 47404:52617, ack 7483, win 100, options [nop,nop,TS val 447887089 ecr 2445265488], length 5213
19:42:19.414732 IP vyrazu-35-ThinkCentre-M70t.60670 > 20.207.73.82.https: Flags [.], ack 52617, win 392, options [nop,nop,TS val 2445265728 ecr 447887089], length 0
19:42:19.416477 IP 20.207.73.82.https > vyrazu-35-ThinkCentre-M70t.60670: Flags [P.], seq 52617:57950, ack 7483, win 100, options [nop,nop,TS val 447887092 ecr 2445265488], length 5333
19:42:19.416485 IP vyrazu-35-ThinkCentre-M70t.60670 > 20.207.73.82.https: Flags [.], ack 57950, win 476, options [nop,nop,TS val 2445265730 ecr 447887092], length 0
19:42:19.421410 IP _gateway.domain > vyrazu-35-ThinkCentre-M70t.52873: 681 ServFail 0/1/1 (140)
19:42:19.421697 IP vyrazu-35-ThinkCentre-M70t.52873 > _gateway.domain: 681+ PTR? 82.73.207.20.in-addr.arpa. (43)
19:42:19.422008 IP 20.207.73.82.https > vyrazu-35-ThinkCentre-M70t.60670: Flags [P.], seq 57950:63283, ack 7483, win 100, options [nop,nop,TS val 447887097 ecr 2445265488], length 5333
19:42:19.422020 IP vyrazu-35-ThinkCentre-M70t.60670 > 20.207.73.82.https: Flags [.], ack 63283, win 559, options [nop,nop,TS val 2445265735 ecr 447887097], length 0
19:42:19.422756 IP 20.207.73.82.https > vyrazu-35-ThinkCentre-M70t.60670: Flags [P.], seq 63283:68500, ack 7483, win 100, options [nop,nop,TS val 447887098 ecr 2445265488], length 5217
19:42:19.422764 IP vyrazu-35-ThinkCentre-M70t.60670 > 20.207.73.82.https: Flags [.], ack 68500, win 640, options [nop,nop,TS val 2445265736 ecr 447887098], length 0
19:42:19.424256 IP 20.207.73.82.https > vyrazu-35-ThinkCentre-M70t.60670: Flags [P.], seq 68500:75460, ack 7483, win 100, options [nop,nop,TS val 447887099 ecr 2445265488], length 6960
19:42:19.424258 IP 20.207.73.82.https > vyrazu-35-ThinkCentre-M70t.60670: Flags [P.], seq 75460:77917, ack 7483, win 100, options [nop,nop,TS val 447887099 ecr 2445265488], length 2457
19:42:19.424290 IP vyrazu-35-ThinkCentre-M70t.60670 > 20.207.73.82.https: Flags [.], ack 75460, win 749, options [nop,nop,TS val 2445265738 ecr 447887099], length 0
19:42:19.424313 IP vyrazu-35-ThinkCentre-M70t.60670 > 20.207.73.82.https: Flags [.], ack 77917, win 788, options [nop,nop,TS val 2445265738 ecr 447887099], length 0
19:42:19.431652 IP 20.207.73.82.https > vyrazu-35-ThinkCentre-M70t.60670: Flags [P.], seq 77917:83190, ack 7483, win 100, options [nop,nop,TS val 447887107 ecr 2445265488], length 5273
19:42:19.431666 IP vyrazu-35-ThinkCentre-M70t.60670 > 20.207.73.82.https: Flags [.], ack 83190, win 870, options [nop,nop,TS val 2445265745 ecr 447887107], length 0
19:42:19.447206 IP vyrazu-35-ThinkCentre-M70t.41416 > cdn-185-199-108-133.github.com.https: Flags [P.], seq 2435:2515, ack 25782, win 332, options [nop,nop,TS val 4277181425 ecr 1668776455], length 80
19:42:19.448937 IP cdn-185-199-108-133.github.com.https > vyrazu-35-ThinkCentre-M70t.41416: Flags [.], ack 2515, win 296, options [nop,nop,TS val 1668777027 ecr 4277181425], length 0
19:42:19.450556 IP cdn-185-199-108-133.github.com.https > vyrazu-35-ThinkCentre-M70t.41416: Flags [P.], seq 25782:26028, ack 2515, win 296, options [nop,nop,TS val 1668777028 ecr 4277181425], length 246
19:42:19.450557 IP cdn-185-199-108-133.github.com.https > vyrazu-35-ThinkCentre-M70t.41416: Flags [P.], seq 26028:26761, ack 2515, win 296, options [nop,nop,TS val 1668777028 ecr 4277181425], length 733
19:42:19.450762 IP vyrazu-35-ThinkCentre-M70t.41416 > cdn-185-199-108-133.github.com.https: Flags [.], ack 26761, win 332, options [nop,nop,TS val 4277181428 ecr 1668777028], length 0
19:42:19.451567 IP 20.207.73.85.https > vyrazu-35-ThinkCentre-M70t.41062: Flags [P.], seq 3490:3569, ack 2135, win 69, options [nop,nop,TS val 447887128 ecr 3501362413], length 79
19:42:19.451878 IP 20.207.73.85.https > vyrazu-35-ThinkCentre-M70t.41062: Flags [P.], seq 3569:3648, ack 2135, win 69, options [nop,nop,TS val 447887128 ecr 3501362413], length 79
19:42:19.451918 IP vyrazu-35-ThinkCentre-M70t.41062 > 20.207.73.85.https: Flags [.], ack 3648, win 474, options [nop,nop,TS val 3501362452 ecr 447887128], length 0
19:42:19.452998 IP 20.207.73.85.https > vyrazu-35-ThinkCentre-M70t.41062: Flags [.], ack 2815, win 71, options [nop,nop,TS val 447887129 ecr 3501362414], length 0
19:42:19.453397 IP 20.207.73.85.https > vyrazu-35-ThinkCentre-M70t.41062: Flags [.], ack 4612, win 75, options [nop,nop,TS val 447887129 ecr 3501362414], length 0
19:42:19.453762 IP 20.207.73.85.https > vyrazu-35-ThinkCentre-M70t.41062: Flags [P.], seq 3648:3712, ack 4612, win 75, options [nop,nop,TS val 447887129 ecr 3501362414], length 64
19:42:19.453763 IP 20.207.73.85.https > vyrazu-35-ThinkCentre-M70t.41062: Flags [P.], seq 3712:3760, ack 4612, win 75, options [nop,nop,TS val 447887129 ecr 3501362414], length 48
19:42:19.453811 IP vyrazu-35-ThinkCentre-M70t.41062 > 20.207.73.85.https: Flags [P.], seq 4612:4643, ack 3760, win 474, options [nop,nop,TS val 3501362454 ecr 447887129], length 31
19:42:19.461653 IP _gateway.domain > vyrazu-35-ThinkCentre-M70t.52873: 681 ServFail 0/1/0 (129)
19:42:19.462110 IP 20.207.73.82.https > vyrazu-35-ThinkCentre-M70t.60670: Flags [P.], seq 83190:88521, ack 7483, win 100, options [nop,nop,TS val 447887137 ecr 2445265736], length 5331
19:42:19.462128 IP vyrazu-35-ThinkCentre-M70t.60670 > 20.207.73.82.https: Flags [.], ack 88521, win 953, options [nop,nop,TS val 2445265775 ecr 447887137], length 0
19:42:19.462319 IP vyrazu-35-ThinkCentre-M70t.33995 > _gateway.domain: 55306+ [1au] PTR? 82.73.207.20.in-addr.arpa. (54)
19:42:19.486206 IP vyrazu-35-ThinkCentre-M70t.54482 > ec2-3-6-115-182.ap-south-1.compute.amazonaws.com.http: Flags [.], ack 1, win 501, options [nop,nop,TS val 4239955550 ecr 35760485], length 0
19:42:19.506104 IP _gateway.domain > vyrazu-35-ThinkCentre-M70t.33995: 55306 ServFail 0/1/1 (140)
19:42:19.506216 IP vyrazu-35-ThinkCentre-M70t.33995 > _gateway.domain: 55306+ [1au] PTR? 82.73.207.20.in-addr.arpa. (54)
19:42:19.526858 IP ec2-3-6-115-182.ap-south-1.compute.amazonaws.com.http > vyrazu-35-ThinkCentre-M70t.54482: Flags [.], ack 1, win 1769, options [nop,nop,TS val 35761528 ecr 4239942200], length 0
19:42:19.534483 IP 20.207.73.85.https > vyrazu-35-ThinkCentre-M70t.41062: Flags [.], ack 4643, win 75, options [nop,nop,TS val 447887211 ecr 3501362454], length 0
19:42:19.549085 IP 20.207.73.82.https > vyrazu-35-ThinkCentre-M70t.60670: Flags [P.], seq 88521:95481, ack 7483, win 100, options [nop,nop,TS val 447887224 ecr 2445265775], length 6960
19:42:19.549087 IP 20.207.73.82.https > vyrazu-35-ThinkCentre-M70t.60670: Flags [P.], seq 95481:97179, ack 7483, win 100, options [nop,nop,TS val 447887224 ecr 2445265775], length 1698
19:42:19.549110 IP vyrazu-35-ThinkCentre-M70t.60670 > 20.207.73.82.https: Flags [.], ack 95481, win 1062, options [nop,nop,TS val 2445265862 ecr 447887224], length 0
19:42:19.549127 IP vyrazu-35-ThinkCentre-M70t.60670 > 20.207.73.82.https: Flags [.], ack 97179, win 1088, options [nop,nop,TS val 2445265862 ecr 447887224], length 0
19:42:19.551953 IP _gateway.domain > vyrazu-35-ThinkCentre-M70t.33995: 55306 ServFail 0/1/1 (140)
19:42:19.552054 IP vyrazu-35-ThinkCentre-M70t.33995 > _gateway.domain: 55306+ PTR? 82.73.207.20.in-addr.arpa. (43)
19:42:19.592373 IP _gateway.domain > vyrazu-35-ThinkCentre-M70t.33995: 55306 ServFail 0/1/0 (129)
19:42:19.593048 IP vyrazu-35-ThinkCentre-M70t.42623 > _gateway.domain: 43094+ [1au] PTR? 78.220.251.142.in-addr.arpa. (56)
19:42:19.599725 IP vyrazu-35-ThinkCentre-M70t.60670 > 20.207.73.82.https: Flags [P.], seq 7483:8676, ack 97179, win 1088, options [nop,nop,TS val 2445265913 ecr 447887224], length 1193
19:42:19.608829 IP 20.207.73.82.https > vyrazu-35-ThinkCentre-M70t.60670: Flags [.], seq 97179:108571, ack 7483, win 100, options [nop,nop,TS val 447887283 ecr 2445265862], length 11392
19:42:19.608849 IP vyrazu-35-ThinkCentre-M70t.60670 > 20.207.73.82.https: Flags [.], ack 108571, win 1106, options [nop,nop,TS val 2445265922 ecr 447887283], length 0
19:42:19.610574 IP 20.207.73.82.https > vyrazu-35-ThinkCentre-M70t.60670: Flags [.], seq 108571:111419, ack 7483, win 100, options [nop,nop,TS val 447887283 ecr 2445265862], length 2848
19:42:19.610575 IP 20.207.73.82.https > vyrazu-35-ThinkCentre-M70t.60670: Flags [P.], seq 111419:113441, ack 7483, win 100, options [nop,nop,TS val 447887284 ecr 2445265862], length 2022
19:42:19.610584 IP vyrazu-35-ThinkCentre-M70t.60670 > 20.207.73.82.https: Flags [.], ack 111419, win 1151, options [nop,nop,TS val 2445265924 ecr 447887283], length 0
19:42:19.610591 IP vyrazu-35-ThinkCentre-M70t.60670 > 20.207.73.82.https: Flags [.], ack 113441, win 1142, options [nop,nop,TS val 2445265924 ecr 447887284], length 0
19:42:19.621844 IP vyrazu-35-ThinkCentre-M70t.41416 > cdn-185-199-108-133.github.com.https: Flags [P.], seq 2515:2594, ack 26761, win 332, options [nop,nop,TS val 4277181599 ecr 1668777028], length 79
19:42:19.621971 IP vyrazu-35-ThinkCentre-M70t.41416 > cdn-185-199-108-133.github.com.https: Flags [P.], seq 2594:2674, ack 26761, win 332, options [nop,nop,TS val 4277181599 ecr 1668777028], length 80
19:42:19.625281 IP cdn-185-199-108-133.github.com.https > vyrazu-35-ThinkCentre-M70t.41416: Flags [.], ack 2594, win 296, options [nop,nop,TS val 1668777203 ecr 4277181599], length 0
19:42:19.626332 IP cdn-185-199-108-133.github.com.https > vyrazu-35-ThinkCentre-M70t.41416: Flags [P.], seq 26761:26999, ack 2594, win 296, options [nop,nop,TS val 1668777203 ecr 4277181599], length 238
19:42:19.626332 IP cdn-185-199-108-133.github.com.https > vyrazu-35-ThinkCentre-M70t.41416: Flags [P.], seq 26999:27651, ack 2594, win 296, options [nop,nop,TS val 1668777203 ecr 4277181599], length 652
19:42:19.626332 IP cdn-185-199-108-133.github.com.https > vyrazu-35-ThinkCentre-M70t.41416: Flags [.], ack 2674, win 296, options [nop,nop,TS val 1668777203 ecr 4277181599], length 0
19:42:19.626511 IP vyrazu-35-ThinkCentre-M70t.41416 > cdn-185-199-108-133.github.com.https: Flags [.], ack 27651, win 332, options [nop,nop,TS val 4277181604 ecr 1668777203], length 0
19:42:19.628294 IP cdn-185-199-108-133.github.com.https > vyrazu-35-ThinkCentre-M70t.41416: Flags [P.], seq 27651:28142, ack 2674, win 296, options [nop,nop,TS val 1668777204 ecr 4277181599], length 491
19:42:19.628295 IP cdn-185-199-108-133.github.com.https > vyrazu-35-ThinkCentre-M70t.41416: Flags [P.], seq 28142:32136, ack 2674, win 296, options [nop,nop,TS val 1668777204 ecr 4277181599], length 3994
19:42:19.628350 IP vyrazu-35-ThinkCentre-M70t.41416 > cdn-185-199-108-133.github.com.https: Flags [.], ack 32136, win 297, options [nop,nop,TS val 4277181606 ecr 1668777204], length 0
19:42:19.638163 IP _gateway.domain > vyrazu-35-ThinkCentre-M70t.42623: 43094 2/0/1 PTR hkg07s51-in-f14.1e100.net., PTR pnbomb-bd-in-f14.1e100.net. (126)
19:42:19.638727 IP vyrazu-35-ThinkCentre-M70t.50527 > _gateway.domain: 39506+ [1au] PTR? 2.56.109.52.in-addr.arpa. (53)
19:42:19.640037 IP 20.207.73.82.https > vyrazu-35-ThinkCentre-M70t.60670: Flags [.], ack 8676, win 102, options [nop,nop,TS val 447887315 ecr 2445265913], length 0
19:42:19.655761 IP 20.207.73.85.https > vyrazu-35-ThinkCentre-M70t.41062: Flags [P.], seq 3760:4731, ack 4643, win 75, options [nop,nop,TS val 447887331 ecr 3501362454], length 971
19:42:19.660659 IP lb-140-82-113-21-iad.github.com.https > vyrazu-35-ThinkCentre-M70t.60996: Flags [.], ack 1906, win 68, options [nop,nop,TS val 715681009 ecr 3967812970], length 0
19:42:19.662098 IP lb-140-82-113-21-iad.github.com.https > vyrazu-35-ThinkCentre-M70t.60996: Flags [P.], seq 1:2849, ack 1906, win 68, options [nop,nop,TS val 715681010 ecr 3967812970], length 2848
19:42:19.662099 IP lb-140-82-113-21-iad.github.com.https > vyrazu-35-ThinkCentre-M70t.60996: Flags [P.], seq 2849:4097, ack 1906, win 68, options [nop,nop,TS val 715681010 ecr 3967812970], length 1248
19:42:19.662115 IP vyrazu-35-ThinkCentre-M70t.60996 > lb-140-82-113-21-iad.github.com.https: Flags [.], ack 2849, win 480, options [nop,nop,TS val 3967813232 ecr 715681010], length 0
19:42:19.662126 IP vyrazu-35-ThinkCentre-M70t.60996 > lb-140-82-113-21-iad.github.com.https: Flags [.], ack 4097, win 471, options [nop,nop,TS val 3967813232 ecr 715681010], length 0
19:42:19.666198 IP lb-140-82-113-21-iad.github.com.https > vyrazu-35-ThinkCentre-M70t.60996: Flags [.], seq 4097:5521, ack 1906, win 68, options [nop,nop,TS val 715681014 ecr 3967812970], length 1424
19:42:19.666206 IP vyrazu-35-ThinkCentre-M70t.60996 > lb-140-82-113-21-iad.github.com.https: Flags [.], ack 5521, win 460, options [nop,nop,TS val 3967813237 ecr 715681014], length 0
19:42:19.668552 IP lb-140-82-113-21-iad.github.com.https > vyrazu-35-ThinkCentre-M70t.60996: Flags [P.], seq 5521:5636, ack 1906, win 68, options [nop,nop,TS val 715681014 ecr 3967812970], length 115
19:42:19.668575 IP vyrazu-35-ThinkCentre-M70t.60996 > lb-140-82-113-21-iad.github.com.https: Flags [.], ack 5636, win 460, options [nop,nop,TS val 3967813239 ecr 715681014], length 0
19:42:19.668906 IP vyrazu-35-ThinkCentre-M70t.60996 > lb-140-82-113-21-iad.github.com.https: Flags [P.], seq 1906:1970, ack 5636, win 460, options [nop,nop,TS val 3967813239 ecr 715681014], length 64
19:42:19.669186 IP vyrazu-35-ThinkCentre-M70t.60996 > lb-140-82-113-21-iad.github.com.https: Flags [P.], seq 1970:2062, ack 5636, win 460, options [nop,nop,TS val 3967813240 ecr 715681014], length 92
19:42:19.669207 IP vyrazu-35-ThinkCentre-M70t.60996 > lb-140-82-113-21-iad.github.com.https: Flags [P.], seq 2062:3381, ack 5636, win 460, options [nop,nop,TS val 3967813240 ecr 715681014], length 1319
19:42:19.689454 IP _gateway.domain > vyrazu-35-ThinkCentre-M70t.50527: 39506 ServFail 0/1/1 (127)
19:42:19.689479 IP 192.168.1.168.mdns > mdns.mcast.net.mdns: 0*- [0q] 2/0/2 (Cache flush) PTR Vasus-iPhone-13.local., (Cache flush) PTR Vasus-iPhone-13.local. (191)
19:42:19.689492 IP6 fe80::86d:f15a:13b4:fd2c.mdns > ff02::fb.mdns: 0*- [0q] 2/0/2 (Cache flush) PTR Vasus-iPhone-13.local., (Cache flush) PTR Vasus-iPhone-13.local. (191)
19:42:19.689543 IP vyrazu-35-ThinkCentre-M70t.50527 > _gateway.domain: 39506+ [1au] PTR? 2.56.109.52.in-addr.arpa. (53)
19:42:19.698287 IP vyrazu-35-ThinkCentre-M70t.41062 > 20.207.73.85.https: Flags [.], ack 4731, win 467, options [nop,nop,TS val 3501362699 ecr 447887331], length 0
19:42:19.730479 IP _gateway.domain > vyrazu-35-ThinkCentre-M70t.50527: 39506 ServFail 0/1/1 (127)
19:42:19.730623 IP vyrazu-35-ThinkCentre-M70t.50527 > _gateway.domain: 39506+ PTR? 2.56.109.52.in-addr.arpa. (42)
19:42:19.752212 IP vyrazu-35-ThinkCentre-M70t.41786 > ec2-3-6-30-85.ap-south-1.compute.amazonaws.com.http: Flags [.], ack 1, win 501, options [nop,nop,TS val 3268734131 ecr 1456127720], length 0
19:42:19.771903 IP _gateway.domain > vyrazu-35-ThinkCentre-M70t.50527: 39506 ServFail 0/1/0 (116)
19:42:19.772985 IP vyrazu-35-ThinkCentre-M70t.36781 > _gateway.domain: 23065+ [1au] PTR? 2.56.109.52.in-addr.arpa. (53)
19:42:19.783028 IP vyrazu-35-ThinkCentre-M70t.44016 > bom12s19-in-f14.1e100.net.https: Flags [P.], seq 2767630322:2767630361, ack 389257161, win 280, options [nop,nop,TS val 807828354 ecr 3831758993], length 39
19:42:19.784324 IP ec2-3-6-30-85.ap-south-1.compute.amazonaws.com.http > vyrazu-35-ThinkCentre-M70t.41786: Flags [.], ack 1, win 2098, options [nop,nop,TS val 1456128754 ecr 3268723855], length 0
19:42:19.803252 IP vyrazu-35-ThinkCentre-M70t.60774 > ec2-3-6-30-85.ap-south-1.compute.amazonaws.com.http: Flags [.], ack 1, win 501, options [nop,nop,TS val 3268734182 ecr 1456127772], length 0
19:42:19.818669 IP _gateway.domain > vyrazu-35-ThinkCentre-M70t.36781: 23065 ServFail 0/1/1 (127)
19:42:19.818861 IP vyrazu-35-ThinkCentre-M70t.36781 > _gateway.domain: 23065+ [1au] PTR? 2.56.109.52.in-addr.arpa. (53)
19:42:19.820113 IP bom12s19-in-f14.1e100.net.https > vyrazu-35-ThinkCentre-M70t.44016: Flags [.], ack 39, win 998, options [nop,nop,TS val 3831817045 ecr 807828354], length 0
19:42:19.820114 IP bom12s19-in-f14.1e100.net.https > vyrazu-35-ThinkCentre-M70t.44016: Flags [P.], seq 1:40, ack 39, win 998, options [nop,nop,TS val 3831817045 ecr 807828354], length 39
19:42:19.836373 IP ec2-3-6-30-85.ap-south-1.compute.amazonaws.com.http > vyrazu-35-ThinkCentre-M70t.60774: Flags [.], ack 1, win 2168, options [nop,nop,TS val 1456128805 ecr 3268732815], length 0
19:42:19.860218 IP vyrazu-35-ThinkCentre-M70t.44016 > bom12s19-in-f14.1e100.net.https: Flags [.], ack 40, win 280, options [nop,nop,TS val 807828432 ecr 3831817045], length 0
19:42:19.862128 IP _gateway.domain > vyrazu-35-ThinkCentre-M70t.36781: 23065 ServFail 0/1/1 (127)
19:42:19.862256 IP vyrazu-35-ThinkCentre-M70t.36781 > _gateway.domain: 23065+ PTR? 2.56.109.52.in-addr.arpa. (42)
19:42:19.864179 IP vyrazu-35-ThinkCentre-M70t.53220 > ec2-3-6-115-182.ap-south-1.compute.amazonaws.com.http: Flags [.], ack 1, win 501, options [nop,nop,TS val 4239955928 ecr 35760861], length 0
19:42:19.877180 IP vyrazu-35-ThinkCentre-M70t.57250 > ec2-3-6-115-182.ap-south-1.compute.amazonaws.com.http: Flags [.], ack 1, win 501, options [nop,nop,TS val 4239955941 ecr 35760876], length 0
19:42:19.897213 IP ec2-3-6-115-182.ap-south-1.compute.amazonaws.com.http > vyrazu-35-ThinkCentre-M70t.53220: Flags [.], ack 1, win 2239, options [nop,nop,TS val 35761898 ecr 4239945409], length 0
19:42:19.901525 IP _gateway.domain > vyrazu-35-ThinkCentre-M70t.36781: 23065 ServFail 0/1/0 (116)
19:42:19.902240 IP vyrazu-35-ThinkCentre-M70t.54615 > _gateway.domain: 56715+ [1au] PTR? 154.108.199.185.in-addr.arpa. (57)
19:42:19.912139 IP ec2-3-6-115-182.ap-south-1.compute.amazonaws.com.http > vyrazu-35-ThinkCentre-M70t.57250: Flags [.], ack 1, win 3646, options [nop,nop,TS val 35761914 ecr 4239955009], length 0
19:42:19.929530 IP lb-140-82-113-21-iad.github.com.https > vyrazu-35-ThinkCentre-M70t.60996: Flags [P.], seq 5636:5715, ack 1970, win 68, options [nop,nop,TS val 715681278 ecr 3967813239], length 79
19:42:19.930751 IP lb-140-82-113-21-iad.github.com.https > vyrazu-35-ThinkCentre-M70t.60996: Flags [P.], seq 5715:5794, ack 1970, win 68, options [nop,nop,TS val 715681278 ecr 3967813239], length 79
19:42:19.930810 IP vyrazu-35-ThinkCentre-M70t.60996 > lb-140-82-113-21-iad.github.com.https: Flags [.], ack 5794, win 459, options [nop,nop,TS val 3967813501 ecr 715681278], length 0
19:42:19.932206 IP lb-140-82-113-21-iad.github.com.https > vyrazu-35-ThinkCentre-M70t.60996: Flags [P.], seq 5794:5858, ack 2062, win 68, options [nop,nop,TS val 715681279 ecr 3967813240], length 64
19:42:19.932206 IP lb-140-82-113-21-iad.github.com.https > vyrazu-35-ThinkCentre-M70t.60996: Flags [P.], seq 5858:5906, ack 3381, win 71, options [nop,nop,TS val 715681279 ecr 3967813240], length 48
19:42:19.932319 IP vyrazu-35-ThinkCentre-M70t.60996 > lb-140-82-113-21-iad.github.com.https: Flags [P.], seq 3381:3412, ack 5906, win 459, options [nop,nop,TS val 3967813503 ecr 715681279], length 31
19:42:19.935341 IP lb-140-82-113-21-iad.github.com.https > vyrazu-35-ThinkCentre-M70t.60996: Flags [P.], seq 5906:6383, ack 3381, win 71, options [nop,nop,TS val 715681283 ecr 3967813240], length 477
19:42:19.940486 IP 20.207.73.82.https > vyrazu-35-ThinkCentre-M70t.60670: Flags [P.], seq 113441:118692, ack 8676, win 102, options [nop,nop,TS val 447887614 ecr 2445265924], length 5251
19:42:19.940507 IP vyrazu-35-ThinkCentre-M70t.60670 > 20.207.73.82.https: Flags [.], ack 118692, win 1142, options [nop,nop,TS val 2445266254 ecr 447887614], length 0
19:42:19.949393 IP _gateway.domain > vyrazu-35-ThinkCentre-M70t.54615: 56715 1/0/1 PTR cdn-185-199-108-154.github.com. (101)
19:42:19.949804 IP vyrazu-35-ThinkCentre-M70t.53847 > _gateway.domain: 54215+ [1au] PTR? 133.108.199.185.in-addr.arpa. (57)
19:42:19.977246 IP vyrazu-35-ThinkCentre-M70t.60996 > lb-140-82-113-21-iad.github.com.https: Flags [.], ack 6383, win 456, options [nop,nop,TS val 3967813548 ecr 715681283], length 0
19:42:19.995883 IP _gateway.domain > vyrazu-35-ThinkCentre-M70t.53847: 54215 1/0/1 PTR cdn-185-199-108-133.github.com. (101)
19:42:19.997246 IP vyrazu-35-ThinkCentre-M70t.53708 > _gateway.domain: 26220+ [1au] PTR? 26.113.82.140.in-addr.arpa. (55)
19:42:20.042273 IP vyrazu-35-ThinkCentre-M70t.34916 > ec2-3-6-30-85.ap-south-1.compute.amazonaws.com.http: Flags [.], ack 1, win 501, options [nop,nop,TS val 3268734421 ecr 1456127986], length 0
19:42:20.045345 IP _gateway.domain > vyrazu-35-ThinkCentre-M70t.53708: 26220 1/0/1 PTR lb-140-82-113-26-iad.github.com. (100)
19:42:20.045884 IP vyrazu-35-ThinkCentre-M70t.43237 > _gateway.domain: 52160+ [1au] PTR? 21.113.82.140.in-addr.arpa. (55)
19:42:20.051236 IP vyrazu-35-ThinkCentre-M70t.57330 > ec2-3-6-98-232.ap-south-1.compute.amazonaws.com.http: Flags [.], ack 1, win 501, options [nop,nop,TS val 4263176300 ecr 3143431524], length 0
19:42:20.053183 IP vyrazu-35-ThinkCentre-M70t.38390 > ec2-3-6-115-64.ap-south-1.compute.amazonaws.com.http: Flags [.], ack 1, win 501, options [nop,nop,TS val 3327824280 ecr 2970388522], length 0
19:42:20.053202 IP vyrazu-35-ThinkCentre-M70t.53798 > ec2-3-6-115-64.ap-south-1.compute.amazonaws.com.http: Flags [.], ack 1, win 501, options [nop,nop,TS val 3327824280 ecr 2970388522], length 0
19:42:20.064209 IP vyrazu-35-ThinkCentre-M70t.59792 > ec2-3-6-122-107.ap-south-1.compute.amazonaws.com.http: Flags [.], ack 1, win 501, options [nop,nop,TS val 215693260 ecr 1118642855], length 0
19:42:20.074212 IP ec2-3-6-30-85.ap-south-1.compute.amazonaws.com.http > vyrazu-35-ThinkCentre-M70t.34916: Flags [.], ack 1, win 442, options [nop,nop,TS val 1456129044 ecr 3268730896], length 0
19:42:20.084424 IP ec2-3-6-98-232.ap-south-1.compute.amazonaws.com.http > vyrazu-35-ThinkCentre-M70t.57330: Flags [.], ack 1, win 442, options [nop,nop,TS val 3143432558 ecr 4263162544], length 0
19:42:20.087895 IP ec2-3-6-115-64.ap-south-1.compute.amazonaws.com.http > vyrazu-35-ThinkCentre-M70t.53798: Flags [.], ack 1, win 1704, options [nop,nop,TS val 2970389558 ecr 3327810300], length 0
19:42:20.088326 IP ec2-3-6-115-64.ap-south-1.compute.amazonaws.com.http > vyrazu-35-ThinkCentre-M70t.38390: Flags [.], ack 1, win 2383, options [nop,nop,TS val 2970389558 ecr 3327819257], length 0
19:42:20.092074 IP _gateway.domain > vyrazu-35-ThinkCentre-M70t.43237: 52160 1/0/1 PTR lb-140-82-113-21-iad.github.com. (100)
19:42:20.092676 IP vyrazu-35-ThinkCentre-M70t.36747 > _gateway.domain: 20930+ [1au] PTR? 132.2.101.151.in-addr.arpa. (55)
19:42:20.099258 IP ec2-3-6-122-107.ap-south-1.compute.amazonaws.com.http > vyrazu-35-ThinkCentre-M70t.59792: Flags [.], ack 1, win 448, options [nop,nop,TS val 1118643891 ecr 215681993], length 0
19:42:20.138171 IP _gateway.domain > vyrazu-35-ThinkCentre-M70t.36747: 20930 ServFail 0/1/1 (115)
19:42:20.138245 IP vyrazu-35-ThinkCentre-M70t.36747 > _gateway.domain: 20930+ [1au] PTR? 132.2.101.151.in-addr.arpa. (55)
19:42:20.180744 IP _gateway.domain > vyrazu-35-ThinkCentre-M70t.36747: 20930 ServFail 0/1/1 (115)
19:42:20.180947 IP vyrazu-35-ThinkCentre-M70t.36747 > _gateway.domain: 20930+ PTR? 132.2.101.151.in-addr.arpa. (44)
19:42:20.223690 IP _gateway.domain > vyrazu-35-ThinkCentre-M70t.36747: 20930 ServFail 0/1/0 (104)
19:42:20.224046 IP vyrazu-35-ThinkCentre-M70t.41385 > _gateway.domain: 11097+ [1au] PTR? 132.2.101.151.in-addr.arpa. (55)
19:42:20.234575 IP lb-140-82-113-21-iad.github.com.https > vyrazu-35-ThinkCentre-M70t.60996: Flags [.], ack 3412, win 71, options [nop,nop,TS val 715681583 ecr 3967813503], length 0
19:42:20.270924 IP _gateway.domain > vyrazu-35-ThinkCentre-M70t.41385: 11097 ServFail 0/1/1 (115)
19:42:20.271022 IP vyrazu-35-ThinkCentre-M70t.41385 > _gateway.domain: 11097+ [1au] PTR? 132.2.101.151.in-addr.arpa. (55)
19:42:20.298204 IP vyrazu-35-ThinkCentre-M70t.49294 > ec2-3-6-115-64.ap-south-1.compute.amazonaws.com.http: Flags [.], ack 1, win 501, options [nop,nop,TS val 3327824525 ecr 2970388755], length 0
19:42:20.298317 ARP, Request who-has 192.168.1.57 tell _gateway, length 28
19:42:20.303278 IP ec2-13-233-205-122.ap-south-1.compute.amazonaws.com.https > vyrazu-35-ThinkCentre-M70t.41286: Flags [P.], seq 3124150065:3124150121, ack 4217498610, win 442, options [nop,nop,TS val 659039339 ecr 2597253168], length 56
19:42:20.303413 IP vyrazu-35-ThinkCentre-M70t.41286 > ec2-13-233-205-122.ap-south-1.compute.amazonaws.com.https: Flags [P.], seq 1:35, ack 56, win 3768, options [nop,nop,TS val 2597262946 ecr 659039339], length 34
19:42:20.303428 IP vyrazu-35-ThinkCentre-M70t.41286 > ec2-13-233-205-122.ap-south-1.compute.amazonaws.com.https: Flags [P.], seq 35:91, ack 56, win 3768, options [nop,nop,TS val 2597262946 ecr 659039339], length 56
19:42:20.320655 IP _gateway.domain > vyrazu-35-ThinkCentre-M70t.41385: 11097 ServFail 0/1/1 (115)
19:42:20.320737 IP vyrazu-35-ThinkCentre-M70t.41385 > _gateway.domain: 11097+ PTR? 132.2.101.151.in-addr.arpa. (44)
19:42:20.336114 IP ec2-13-233-205-122.ap-south-1.compute.amazonaws.com.https > vyrazu-35-ThinkCentre-M70t.41286: Flags [.], ack 35, win 442, options [nop,nop,TS val 659039372 ecr 2597262946], length 0
19:42:20.336115 IP ec2-13-233-205-122.ap-south-1.compute.amazonaws.com.https > vyrazu-35-ThinkCentre-M70t.41286: Flags [.], ack 91, win 442, options [nop,nop,TS val 659039372 ecr 2597262946], length 0
19:42:20.336115 IP ec2-13-233-205-122.ap-south-1.compute.amazonaws.com.https > vyrazu-35-ThinkCentre-M70t.41286: Flags [P.], seq 56:90, ack 91, win 442, options [nop,nop,TS val 659039372 ecr 2597262946], length 34
19:42:20.339095 IP ec2-3-6-115-64.ap-south-1.compute.amazonaws.com.http > vyrazu-35-ThinkCentre-M70t.49294: Flags [.], ack 1, win 442, options [nop,nop,TS val 2970389808 ecr 3327817970], length 0
19:42:20.362514 IP _gateway.domain > vyrazu-35-ThinkCentre-M70t.41385: 11097 ServFail 0/1/0 (104)
19:42:20.362955 IP vyrazu-35-ThinkCentre-M70t.36595 > _gateway.domain: 29714+ [1au] PTR? 188.194.217.172.in-addr.arpa. (57)
19:42:20.375121 IP _gateway.domain > vyrazu-35-ThinkCentre-M70t.36595: 29714 1/0/1 PTR si-in-f188.1e100.net. (91)
19:42:20.375622 IP vyrazu-35-ThinkCentre-M70t.51024 > _gateway.domain: 22282+ [1au] PTR? 85.73.207.20.in-addr.arpa. (54)
19:42:20.382183 IP vyrazu-35-ThinkCentre-M70t.41286 > ec2-13-233-205-122.ap-south-1.compute.amazonaws.com.https: Flags [.], ack 90, win 3768, options [nop,nop,TS val 2597263025 ecr 659039372], length 0
19:42:20.428472 IP _gateway.domain > vyrazu-35-ThinkCentre-M70t.51024: 22282 ServFail 0/1/1 (140)
19:42:20.428545 IP vyrazu-35-ThinkCentre-M70t.51024 > _gateway.domain: 22282+ [1au] PTR? 85.73.207.20.in-addr.arpa. (54)
19:42:20.474960 IP _gateway.domain > vyrazu-35-ThinkCentre-M70t.51024: 22282 ServFail 0/1/1 (140)
19:42:20.475144 IP vyrazu-35-ThinkCentre-M70t.51024 > _gateway.domain: 22282+ PTR? 85.73.207.20.in-addr.arpa. (43)
19:42:20.493367 IP vyrazu-35-ThinkCentre-M70t.41286 > ec2-13-233-205-122.ap-south-1.compute.amazonaws.com.https: Flags [P.], seq 91:121, ack 90, win 3768, options [nop,nop,TS val 2597263136 ecr 659039372], length 30
19:42:20.494984 IP vyrazu-35-ThinkCentre-M70t.41286 > ec2-13-233-205-122.ap-south-1.compute.amazonaws.com.https: Flags [P.], seq 121:147, ack 90, win 3768, options [nop,nop,TS val 2597263137 ecr 659039372], length 26
19:42:20.519119 IP _gateway.domain > vyrazu-35-ThinkCentre-M70t.51024: 22282 ServFail 0/1/0 (129)
19:42:20.520292 IP vyrazu-35-ThinkCentre-M70t.33715 > _gateway.domain: 9895+ [1au] PTR? 85.73.207.20.in-addr.arpa. (54)
19:42:20.527094 IP ec2-13-233-205-122.ap-south-1.compute.amazonaws.com.https > vyrazu-35-ThinkCentre-M70t.41286: Flags [.], ack 147, win 442, options [nop,nop,TS val 659039564 ecr 2597263136], length 0
19:42:20.527096 IP ec2-13-233-205-122.ap-south-1.compute.amazonaws.com.https > vyrazu-35-ThinkCentre-M70t.41286: Flags [P.], seq 90:124, ack 147, win 442, options [nop,nop,TS val 659039564 ecr 2597263136], length 34
19:42:20.527097 IP ec2-13-233-205-122.ap-south-1.compute.amazonaws.com.https > vyrazu-35-ThinkCentre-M70t.41286: Flags [P.], seq 124:180, ack 147, win 442, options [nop,nop,TS val 659039564 ecr 2597263136], length 56
19:42:20.527162 IP vyrazu-35-ThinkCentre-M70t.41286 > ec2-13-233-205-122.ap-south-1.compute.amazonaws.com.https: Flags [.], ack 124, win 3768, options [nop,nop,TS val 2597263169 ecr 659039564], length 0
19:42:20.527208 IP vyrazu-35-ThinkCentre-M70t.41286 > ec2-13-233-205-122.ap-south-1.compute.amazonaws.com.https: Flags [.], ack 180, win 3768, options [nop,nop,TS val 2597263170 ecr 659039564], length 0
19:42:20.527219 IP vyrazu-35-ThinkCentre-M70t.54482 > ec2-3-6-115-182.ap-south-1.compute.amazonaws.com.http: Flags [.], ack 1, win 501, options [nop,nop,TS val 4239956591 ecr 35761528], length 0
19:42:20.527465 IP vyrazu-35-ThinkCentre-M70t.41286 > ec2-13-233-205-122.ap-south-1.compute.amazonaws.com.https: Flags [P.], seq 147:181, ack 180, win 3768, options [nop,nop,TS val 2597263170 ecr 659039564], length 34
19:42:20.564419 IP _gateway.domain > vyrazu-35-ThinkCentre-M70t.33715: 9895 ServFail 0/1/1 (140)
19:42:20.564508 IP vyrazu-35-ThinkCentre-M70t.33715 > _gateway.domain: 9895+ [1au] PTR? 85.73.207.20.in-addr.arpa. (54)
19:42:20.569024 IP ec2-3-6-115-182.ap-south-1.compute.amazonaws.com.http > vyrazu-35-ThinkCentre-M70t.54482: Flags [.], ack 1, win 1769, options [nop,nop,TS val 35762571 ecr 4239942200], length 0
19:42:20.606913 IP _gateway.domain > vyrazu-35-ThinkCentre-M70t.33715: 9895 ServFail 0/1/1 (140)
19:42:20.607117 IP vyrazu-35-ThinkCentre-M70t.33715 > _gateway.domain: 9895+ PTR? 85.73.207.20.in-addr.arpa. (43)
19:42:20.617072 IP ec2-13-233-205-122.ap-south-1.compute.amazonaws.com.https > vyrazu-35-ThinkCentre-M70t.41286: Flags [.], ack 181, win 442, options [nop,nop,TS val 659039654 ecr 2597263170], length 0
19:42:20.648481 IP _gateway.domain > vyrazu-35-ThinkCentre-M70t.33715: 9895 ServFail 0/1/0 (129)
19:42:20.653187 IP vyrazu-35-ThinkCentre-M70t.43707 > _gateway.domain: 31851+ [1au] PTR? 14.42.251.142.in-addr.arpa. (55)
19:42:20.699462 IP _gateway.domain > vyrazu-35-ThinkCentre-M70t.43707: 31851 1/0/1 PTR bom12s19-in-f14.1e100.net. (94)
19:42:20.701657 IP vyrazu-35-ThinkCentre-M70t.44542 > _gateway.domain: 61268+ [1au] PTR? 122.205.233.13.in-addr.arpa. (56)
19:42:20.706226 IP vyrazu-35-ThinkCentre-M70t.41062 > 20.207.73.85.https: Flags [P.], seq 4643:4778, ack 4731, win 467, options [nop,nop,TS val 3501363707 ecr 447887331], length 135
19:42:20.706289 IP vyrazu-35-ThinkCentre-M70t.41062 > 20.207.73.85.https: Flags [P.], seq 4778:5048, ack 4731, win 467, options [nop,nop,TS val 3501363707 ecr 447887331], length 270
19:42:20.707868 IP vyrazu-35-ThinkCentre-M70t.41062 > 20.207.73.85.https: Flags [P.], seq 5048:6417, ack 4731, win 467, options [nop,nop,TS val 3501363708 ecr 447887331], length 1369
19:42:20.708416 IP vyrazu-35-ThinkCentre-M70t.41062 > 20.207.73.85.https: Flags [P.], seq 6417:6529, ack 4731, win 467, options [nop,nop,TS val 3501363709 ecr 447887331], length 112
19:42:20.746339 IP 20.207.73.85.https > vyrazu-35-ThinkCentre-M70t.41062: Flags [.], ack 4778, win 78, options [nop,nop,TS val 447888422 ecr 3501363707], length 0
19:42:20.747835 IP 20.207.73.85.https > vyrazu-35-ThinkCentre-M70t.41062: Flags [.], ack 5048, win 80, options [nop,nop,TS val 447888423 ecr 3501363707], length 0
19:42:20.747836 IP 20.207.73.85.https > vyrazu-35-ThinkCentre-M70t.41062: Flags [.], ack 6417, win 83, options [nop,nop,TS val 447888423 ecr 3501363708], length 0
19:42:20.747837 IP 20.207.73.85.https > vyrazu-35-ThinkCentre-M70t.41062: Flags [.], ack 6529, win 83, options [nop,nop,TS val 447888423 ecr 3501363709], length 0
19:42:20.747837 IP 20.207.73.85.https > vyrazu-35-ThinkCentre-M70t.41062: Flags [P.], seq 4731:4792, ack 6529, win 83, options [nop,nop,TS val 447888423 ecr 3501363709], length 61
19:42:20.747914 IP vyrazu-35-ThinkCentre-M70t.41062 > 20.207.73.85.https: Flags [.], ack 4792, win 467, options [nop,nop,TS val 3501363748 ecr 447888423], length 0
19:42:20.752147 IP _gateway.domain > vyrazu-35-ThinkCentre-M70t.44542: 61268 1/0/1 PTR ec2-13-233-205-122.ap-south-1.compute.amazonaws.com. (121)
19:42:20.783656 IP vyrazu-35-ThinkCentre-M70t.46636 > sa-in-f84.1e100.net.https: Flags [P.], seq 4136416301:4136416340, ack 3659639734, win 458, options [nop,nop,TS val 378851851 ecr 2772682847], length 39
19:42:20.783803 IP vyrazu-35-ThinkCentre-M70t.54636 > 104.18.87.42.https: Flags [P.], seq 1849514892:1849514931, ack 1525991725, win 471, options [nop,nop,TS val 1604279658 ecr 1768164133], length 39
19:42:20.783874 IP vyrazu-35-ThinkCentre-M70t.54638 > 104.18.87.42.https: Flags [P.], seq 3261117812:3261117851, ack 1205913010, win 472, options [nop,nop,TS val 1604279658 ecr 1806356334], length 39
19:42:20.783937 IP vyrazu-35-ThinkCentre-M70t.55254 > 172.64.155.119.https: Flags [P.], seq 502093901:502093940, ack 4009794689, win 470, options [nop,nop,TS val 3815746772 ecr 715773040], length 39
19:42:20.784163 IP vyrazu-35-ThinkCentre-M70t.49656 > bom12s19-in-f8.1e100.net.https: Flags [P.], seq 3777146464:3777146503, ack 3152211375, win 454, options [nop,nop,TS val 2269597315 ecr 4098823311], length 39
19:42:20.784324 IP vyrazu-35-ThinkCentre-M70t.58660 > 172.64.152.233.https: Flags [P.], seq 1037494881:1037494920, ack 1082765873, win 474, options [nop,nop,TS val 2907077318 ecr 2317193373], length 39
19:42:20.810279 IP vyrazu-35-ThinkCentre-M70t.41786 > ec2-3-6-30-85.ap-south-1.compute.amazonaws.com.http: Flags [.], ack 1, win 501, options [nop,nop,TS val 3268735189 ecr 1456128754], length 0
19:42:20.820061 IP 104.18.87.42.https > vyrazu-35-ThinkCentre-M70t.54638: Flags [.], ack 39, win 17, options [nop,nop,TS val 1806414708 ecr 1604279658], length 0
19:42:20.820429 IP bom12s19-in-f8.1e100.net.https > vyrazu-35-ThinkCentre-M70t.49656: Flags [.], ack 39, win 1044, options [nop,nop,TS val 4098881683 ecr 2269597315], length 0
19:42:20.820431 IP bom12s19-in-f8.1e100.net.https > vyrazu-35-ThinkCentre-M70t.49656: Flags [P.], seq 1:40, ack 39, win 1044, options [nop,nop,TS val 4098881683 ecr 2269597315], length 39
19:42:20.820594 IP 104.18.87.42.https > vyrazu-35-ThinkCentre-M70t.54638: Flags [P.], seq 1:40, ack 39, win 17, options [nop,nop,TS val 1806414708 ecr 1604279658], length 39
19:42:20.820622 IP 172.64.155.119.https > vyrazu-35-ThinkCentre-M70t.55254: Flags [.], ack 39, win 16, options [nop,nop,TS val 715831023 ecr 3815746772], length 0
19:42:20.820624 IP 172.64.155.119.https > vyrazu-35-ThinkCentre-M70t.55254: Flags [P.], seq 1:40, ack 39, win 16, options [nop,nop,TS val 715831023 ecr 3815746772], length 39
19:42:20.820634 IP vyrazu-35-ThinkCentre-M70t.54638 > 104.18.87.42.https: Flags [.], ack 40, win 472, options [nop,nop,TS val 1604279695 ecr 1806414708], length 0
19:42:20.820760 IP 104.18.87.42.https > vyrazu-35-ThinkCentre-M70t.54636: Flags [.], ack 39, win 16, options [nop,nop,TS val 1768222508 ecr 1604279658], length 0
19:42:20.820762 IP 104.18.87.42.https > vyrazu-35-ThinkCentre-M70t.54636: Flags [P.], seq 1:40, ack 39, win 16, options [nop,nop,TS val 1768222508 ecr 1604279658], length 39
19:42:20.820804 IP vyrazu-35-ThinkCentre-M70t.54636 > 104.18.87.42.https: Flags [.], ack 40, win 471, options [nop,nop,TS val 1604279695 ecr 1768222508], length 0
19:42:20.821155 IP 172.64.152.233.https > vyrazu-35-ThinkCentre-M70t.58660: Flags [.], ack 39, win 17, options [nop,nop,TS val 2317251437 ecr 2907077318], length 0
19:42:20.821156 IP 172.64.152.233.https > vyrazu-35-ThinkCentre-M70t.58660: Flags [P.], seq 1:40, ack 39, win 17, options [nop,nop,TS val 2317251438 ecr 2907077318], length 39
19:42:20.837275 IP vyrazu-35-ThinkCentre-M70t.60774 > ec2-3-6-30-85.ap-south-1.compute.amazonaws.com.http: Flags [.], ack 1, win 501, options [nop,nop,TS val 3268735216 ecr 1456128805], length 0
19:42:20.842464 IP ec2-3-6-30-85.ap-south-1.compute.amazonaws.com.http > vyrazu-35-ThinkCentre-M70t.41786: Flags [.], ack 1, win 2098, options [nop,nop,TS val 1456129812 ecr 3268723855], length 0
19:42:20.861275 IP vyrazu-35-ThinkCentre-M70t.55254 > 172.64.155.119.https: Flags [.], ack 40, win 470, options [nop,nop,TS val 3815746850 ecr 715831023], length 0
19:42:20.861314 IP vyrazu-35-ThinkCentre-M70t.49656 > bom12s19-in-f8.1e100.net.https: Flags [.], ack 40, win 454, options [nop,nop,TS val 2269597393 ecr 4098881683], length 0
19:42:20.864278 IP vyrazu-35-ThinkCentre-M70t.58660 > 172.64.152.233.https: Flags [.], ack 40, win 474, options [nop,nop,TS val 2907077398 ecr 2317251438], length 0
19:42:20.869616 IP ec2-3-6-30-85.ap-south-1.compute.amazonaws.com.http > vyrazu-35-ThinkCentre-M70t.60774: Flags [.], ack 1, win 2168, options [nop,nop,TS val 1456129839 ecr 3268732815], length 0
19:42:20.879514 IP sa-in-f84.1e100.net.https > vyrazu-35-ThinkCentre-M70t.46636: Flags [.], ack 39, win 1044, options [nop,nop,TS val 2772740918 ecr 378851851], length 0
19:42:20.879926 IP sa-in-f84.1e100.net.https > vyrazu-35-ThinkCentre-M70t.46636: Flags [P.], seq 1:40, ack 39, win 1044, options [nop,nop,TS val 2772740918 ecr 378851851], length 39
19:42:20.898208 IP vyrazu-35-ThinkCentre-M70t.53220 > ec2-3-6-115-182.ap-south-1.compute.amazonaws.com.http: Flags [.], ack 1, win 501, options [nop,nop,TS val 4239956962 ecr 35761898], length 0
19:42:20.914238 IP 192.168.1.168.mdns > mdns.mcast.net.mdns: 0 [1a] [3q] PTR (QM)? _rdlink._tcp.local. PTR (QM)? _companion-link._tcp.local. PTR (QM)? lb._dns-sd._udp.local. (106)
19:42:20.914239 IP 192.168.1.168.mdns > mdns.mcast.net.mdns: 0*- [0q] 6/0/2 (Cache flush) TXT "identifier=4004CBC1-0278-4E14-B589-35CE60842C39" "authTag=Ec8F9SP+" "ver=24" "minVer=8" "flags=0", PTR _remotepairing._tcp.local., PTR 4004CBC1-0278-4E14-B589-35CE60842C39._remotepairing._tcp.local., (Cache flush) SRV Vasus-iPhone-13.local.:49152 0 0, (Cache flush) AAAA fe80::86d:f15a:13b4:fd2c, (Cache flush) A 192.168.1.168 (347)
19:42:20.914240 IP6 fe80::86d:f15a:13b4:fd2c.mdns > ff02::fb.mdns: 0 [1a] [3q] PTR (QM)? _rdlink._tcp.local. PTR (QM)? _companion-link._tcp.local. PTR (QM)? lb._dns-sd._udp.local. (106)
19:42:20.914242 IP6 fe80::86d:f15a:13b4:fd2c.mdns > ff02::fb.mdns: 0*- [0q] 6/0/2 (Cache flush) TXT "identifier=4004CBC1-0278-4E14-B589-35CE60842C39" "authTag=Ec8F9SP+" "ver=24" "minVer=8" "flags=0", PTR _remotepairing._tcp.local., PTR 4004CBC1-0278-4E14-B589-35CE60842C39._remotepairing._tcp.local., (Cache flush) SRV Vasus-iPhone-13.local.:49152 0 0, (Cache flush) AAAA fe80::86d:f15a:13b4:fd2c, (Cache flush) A 192.168.1.168 (347)
19:42:20.920223 IP vyrazu-35-ThinkCentre-M70t.46636 > sa-in-f84.1e100.net.https: Flags [.], ack 40, win 458, options [nop,nop,TS val 378851988 ecr 2772740918], length 0
19:42:20.932100 IP ec2-3-6-115-182.ap-south-1.compute.amazonaws.com.http > vyrazu-35-ThinkCentre-M70t.53220: Flags [.], ack 1, win 2239, options [nop,nop,TS val 35762933 ecr 4239945409], length 0
19:42:20.939212 IP vyrazu-35-ThinkCentre-M70t.57250 > ec2-3-6-115-182.ap-south-1.compute.amazonaws.com.http: Flags [.], ack 1, win 501, options [nop,nop,TS val 4239957003 ecr 35761914], length 0
19:42:20.944152 IP 20.207.73.85.https > vyrazu-35-ThinkCentre-M70t.41062: Flags [P.], seq 4792:5762, ack 6529, win 83, options [nop,nop,TS val 447888620 ecr 3501363748], length 970
19:42:20.944218 IP vyrazu-35-ThinkCentre-M70t.41062 > 20.207.73.85.https: Flags [.], ack 5762, win 460, options [nop,nop,TS val 3501363945 ecr 447888620], length 0
19:42:20.947580 IP 20.207.73.85.https > vyrazu-35-ThinkCentre-M70t.41062: Flags [P.], seq 5762:6732, ack 6529, win 83, options [nop,nop,TS val 447888623 ecr 3501363748], length 970
19:42:20.947620 IP vyrazu-35-ThinkCentre-M70t.41062 > 20.207.73.85.https: Flags [.], ack 6732, win 453, options [nop,nop,TS val 3501363948 ecr 447888623], length 0
19:42:20.974329 IP ec2-3-6-115-182.ap-south-1.compute.amazonaws.com.http > vyrazu-35-ThinkCentre-M70t.57250: Flags [.], ack 1, win 3646, options [nop,nop,TS val 35762976 ecr 4239955009], length 0
19:42:21.075395 IP vyrazu-35-ThinkCentre-M70t.34916 > ec2-3-6-30-85.ap-south-1.compute.amazonaws.com.http: Flags [.], ack 1, win 501, options [nop,nop,TS val 3268735454 ecr 1456129044], length 0
19:42:21.085207 IP vyrazu-35-ThinkCentre-M70t.57330 > ec2-3-6-98-232.ap-south-1.compute.amazonaws.com.http: Flags [.], ack 1, win 501, options [nop,nop,TS val 4263177334 ecr 3143432558], length 0
19:42:21.088226 IP vyrazu-35-ThinkCentre-M70t.53798 > ec2-3-6-115-64.ap-south-1.compute.amazonaws.com.http: Flags [.], ack 1, win 501, options [nop,nop,TS val 3327825315 ecr 2970389558], length 0
19:42:21.089206 IP vyrazu-35-ThinkCentre-M70t.38390 > ec2-3-6-115-64.ap-south-1.compute.amazonaws.com.http: Flags [.], ack 1, win 501, options [nop,nop,TS val 3327825316 ecr 2970389558], length 0
19:42:21.100291 IP vyrazu-35-ThinkCentre-M70t.59792 > ec2-3-6-122-107.ap-south-1.compute.amazonaws.com.http: Flags [.], ack 1, win 501, options [nop,nop,TS val 215694296 ecr 1118643891], length 0
19:42:21.108587 IP ec2-3-6-30-85.ap-south-1.compute.amazonaws.com.http > vyrazu-35-ThinkCentre-M70t.34916: Flags [.], ack 1, win 442, options [nop,nop,TS val 1456130078 ecr 3268730896], length 0
19:42:21.118042 IP6 fe80::9de0:e65a:bcbb:69c7.mdns > ff02::fb.mdns: 0*- [0q] 2/0/0 (Cache flush) AAAA fe80::9de0:e65a:bcbb:69c7, (Cache flush) PTR vyrazu-70-ThinkCentre-M70t.local. (158)
19:42:21.118044 IP ec2-3-6-98-232.ap-south-1.compute.amazonaws.com.http > vyrazu-35-ThinkCentre-M70t.57330: Flags [.], ack 1, win 442, options [nop,nop,TS val 3143433591 ecr 4263162544], length 0
19:42:21.118044 IP 192.168.1.187.mdns > mdns.mcast.net.mdns: 0*- [0q] 4/0/0 (Cache flush) AAAA fe80::9de0:e65a:bcbb:69c7, (Cache flush) PTR vyrazu-70-ThinkCentre-M70t.local., (Cache flush) A 192.168.1.187, (Cache flush) PTR vyrazu-70-ThinkCentre-M70t.local. (210)
19:42:21.122820 IP ec2-3-6-115-64.ap-south-1.compute.amazonaws.com.http > vyrazu-35-ThinkCentre-M70t.53798: Flags [.], ack 1, win 1704, options [nop,nop,TS val 2970390593 ecr 3327810300], length 0
19:42:21.123648 IP ec2-3-6-115-64.ap-south-1.compute.amazonaws.com.http > vyrazu-35-ThinkCentre-M70t.38390: Flags [.], ack 1, win 2383, options [nop,nop,TS val 2970390594 ecr 3327819257], length 0
19:42:21.135733 IP ec2-3-6-122-107.ap-south-1.compute.amazonaws.com.http > vyrazu-35-ThinkCentre-M70t.59792: Flags [.], ack 1, win 448, options [nop,nop,TS val 1118644927 ecr 215681993], length 0
19:42:21.272870 IP vyrazu-35-ThinkCentre-M70t.35450 > bom12s11-in-f4.1e100.net.https: Flags [P.], seq 531:624, ack 4592, win 280, options [nop,nop,TS val 4258689434 ecr 152256043], length 93
19:42:21.310836 IP bom12s11-in-f4.1e100.net.https > vyrazu-35-ThinkCentre-M70t.35450: Flags [.], ack 624, win 1042, options [nop,nop,TS val 152259041 ecr 4258689434], length 0
19:42:21.321580 IP 192.168.1.168.mdns > mdns.mcast.net.mdns: 0*- [0q] 1/0/0 PTR 4004CBC1-0278-4E14-B589-35CE60842C39._remotepairing._tcp.local. (88)
19:42:21.321581 IP6 fe80::86d:f15a:13b4:fd2c.mdns > ff02::fb.mdns: 0*- [0q] 1/0/0 PTR 4004CBC1-0278-4E14-B589-35CE60842C39._remotepairing._tcp.local. (88)
19:42:21.321581 ARP, Request who-has 192.168.1.57 tell _gateway, length 28
19:42:21.339209 IP vyrazu-35-ThinkCentre-M70t.49294 > ec2-3-6-115-64.ap-south-1.compute.amazonaws.com.http: Flags [.], ack 1, win 501, options [nop,nop,TS val 3327825566 ecr 2970389808], length 0
19:42:21.378948 IP ec2-3-6-115-64.ap-south-1.compute.amazonaws.com.http > vyrazu-35-ThinkCentre-M70t.49294: Flags [.], ack 1, win 442, options [nop,nop,TS val 2970390848 ecr 3327817970], length 0
19:42:21.409390 IP bom12s11-in-f4.1e100.net.https > vyrazu-35-ThinkCentre-M70t.35450: Flags [P.], seq 4592:4819, ack 624, win 1042, options [nop,nop,TS val 152259140 ecr 4258689434], length 227
19:42:21.410201 IP bom12s11-in-f4.1e100.net.https > vyrazu-35-ThinkCentre-M70t.35450: Flags [P.], seq 4819:6219, ack 624, win 1042, options [nop,nop,TS val 152259140 ecr 4258689434], length 1400
19:42:21.410267 IP vyrazu-35-ThinkCentre-M70t.35450 > bom12s11-in-f4.1e100.net.https: Flags [.], ack 6219, win 270, options [nop,nop,TS val 4258689572 ecr 152259140], length 0
19:42:21.411696 IP bom12s11-in-f4.1e100.net.https > vyrazu-35-ThinkCentre-M70t.35450: Flags [P.], seq 6219:7619, ack 624, win 1042, options [nop,nop,TS val 152259141 ecr 4258689434], length 1400
19:42:21.412141 IP bom12s11-in-f4.1e100.net.https > vyrazu-35-ThinkCentre-M70t.35450: Flags [P.], seq 7619:8203, ack 624, win 1042, options [nop,nop,TS val 152259142 ecr 4258689434], length 584
19:42:21.412150 IP vyrazu-35-ThinkCentre-M70t.35450 > bom12s11-in-f4.1e100.net.https: Flags [.], ack 8203, win 270, options [nop,nop,TS val 4258689573 ecr 152259141], length 0
19:42:21.413133 IP bom12s11-in-f4.1e100.net.https > vyrazu-35-ThinkCentre-M70t.35450: Flags [P.], seq 8203:9529, ack 624, win 1042, options [nop,nop,TS val 152259143 ecr 4258689434], length 1326
19:42:21.413498 IP bom12s11-in-f4.1e100.net.https > vyrazu-35-ThinkCentre-M70t.35450: Flags [P.], seq 9529:9561, ack 624, win 1042, options [nop,nop,TS val 152259144 ecr 4258689434], length 32
19:42:21.413499 IP bom12s11-in-f4.1e100.net.https > vyrazu-35-ThinkCentre-M70t.35450: Flags [P.], seq 9561:9592, ack 624, win 1042, options [nop,nop,TS val 152259144 ecr 4258689434], length 31
19:42:21.413499 IP bom12s11-in-f4.1e100.net.https > vyrazu-35-ThinkCentre-M70t.35450: Flags [P.], seq 9592:9631, ack 624, win 1042, options [nop,nop,TS val 152259144 ecr 4258689434], length 39
19:42:21.413512 IP vyrazu-35-ThinkCentre-M70t.35450 > bom12s11-in-f4.1e100.net.https: Flags [.], ack 9631, win 278, options [nop,nop,TS val 4258689575 ecr 152259143], length 0
19:42:21.413607 IP vyrazu-35-ThinkCentre-M70t.35450 > bom12s11-in-f4.1e100.net.https: Flags [P.], seq 624:663, ack 9631, win 280, options [nop,nop,TS val 4258689575 ecr 152259143], length 39
19:42:21.421222 IP ec2-3-6-115-64.ap-south-1.compute.amazonaws.com.http > vyrazu-35-ThinkCentre-M70t.53798: Flags [.], ack 1, win 1704, options [nop,nop,TS val 2970390891 ecr 3327810300], length 0
19:42:21.421241 IP vyrazu-35-ThinkCentre-M70t.53798 > ec2-3-6-115-64.ap-south-1.compute.amazonaws.com.http: Flags [.], ack 1, win 501, options [nop,nop,TS val 3327825648 ecr 2970390593], length 0
19:42:21.449332 IP bom12s11-in-f4.1e100.net.https > vyrazu-35-ThinkCentre-M70t.35450: Flags [.], ack 663, win 1042, options [nop,nop,TS val 152259180 ecr 4258689575], length 0
19:42:21.495906 IP ec2-3-6-115-182.ap-south-1.compute.amazonaws.com.http > vyrazu-35-ThinkCentre-M70t.54482: Flags [.], ack 1, win 1769, options [nop,nop,TS val 35763498 ecr 4239942200], length 0
19:42:21.495940 IP vyrazu-35-ThinkCentre-M70t.54482 > ec2-3-6-115-182.ap-south-1.compute.amazonaws.com.http: Flags [.], ack 1, win 501, options [nop,nop,TS val 4239957559 ecr 35762571], length 0
19:42:21.578222 IP vyrazu-35-ThinkCentre-M70t.54482 > ec2-3-6-115-182.ap-south-1.compute.amazonaws.com.http: Flags [.], ack 1, win 501, options [nop,nop,TS val 4239957642 ecr 35762571], length 0
19:42:21.579573 IP vyrazu-35-ThinkCentre-M70t.44759 > _gateway.domain: 40752+ [1au] PTR? 84.200.125.74.in-addr.arpa. (55)
19:42:21.618588 IP ec2-3-6-115-182.ap-south-1.compute.amazonaws.com.http > vyrazu-35-ThinkCentre-M70t.54482: Flags [.], ack 1, win 1769, options [nop,nop,TS val 35763620 ecr 4239957559], length 0
19:42:21.625345 IP _gateway.domain > vyrazu-35-ThinkCentre-M70t.44759: 40752 1/0/1 PTR sa-in-f84.1e100.net. (88)
19:42:21.625909 IP vyrazu-35-ThinkCentre-M70t.54687 > _gateway.domain: 56086+ [1au] PTR? 42.87.18.104.in-addr.arpa. (54)
19:42:21.665496 IP ec2-3-6-98-232.ap-south-1.compute.amazonaws.com.http > vyrazu-35-ThinkCentre-M70t.57330: Flags [.], ack 1, win 442, options [nop,nop,TS val 3143434139 ecr 4263162544], length 0
19:42:21.665531 IP vyrazu-35-ThinkCentre-M70t.57330 > ec2-3-6-98-232.ap-south-1.compute.amazonaws.com.http: Flags [.], ack 1, win 501, options [nop,nop,TS val 4263177914 ecr 3143433591], length 0
19:42:21.671971 IP _gateway.domain > vyrazu-35-ThinkCentre-M70t.54687: 56086 ServFail 0/1/1 (149)
19:42:21.672222 IP vyrazu-35-ThinkCentre-M70t.54687 > _gateway.domain: 56086+ [1au] PTR? 42.87.18.104.in-addr.arpa. (54)
19:42:21.719538 IP _gateway.domain > vyrazu-35-ThinkCentre-M70t.54687: 56086 ServFail 0/1/1 (116)
19:42:21.719709 IP vyrazu-35-ThinkCentre-M70t.54687 > _gateway.domain: 56086+ PTR? 42.87.18.104.in-addr.arpa. (43)
19:42:21.761626 IP _gateway.domain > vyrazu-35-ThinkCentre-M70t.54687: 56086 ServFail 0/1/0 (105)
19:42:21.762083 IP vyrazu-35-ThinkCentre-M70t.39945 > _gateway.domain: 46095+ [1au] PTR? 42.87.18.104.in-addr.arpa. (54)
19:42:21.793698 IP vyrazu-35-ThinkCentre-M70t.57794 > 104.18.43.226.https: Flags [P.], seq 2556210425:2556210464, ack 1594656946, win 651, options [nop,nop,TS val 3950053091 ecr 4176053202], length 39
19:42:21.793735 IP vyrazu-35-ThinkCentre-M70t.43374 > 172.64.147.34.https: Flags [P.], seq 4156405767:4156405806, ack 355345700, win 3167, options [nop,nop,TS val 2778683488 ecr 3103213237], length 39
19:42:21.793755 IP vyrazu-35-ThinkCentre-M70t.54700 > pnbomb-az-in-f1.1e100.net.https: Flags [P.], seq 1700309876:1700309915, ack 4286660435, win 432, options [nop,nop,TS val 2364168578 ecr 2449894216], length 39
19:42:21.793781 IP vyrazu-35-ThinkCentre-M70t.40690 > pnbomb-bk-in-f2.1e100.net.https: Flags [P.], seq 1750687342:1750687381, ack 3826164758, win 458, options [nop,nop,TS val 3144082494 ecr 4169637417], length 39
19:42:21.793854 IP vyrazu-35-ThinkCentre-M70t.52708 > bom12s13-in-f14.1e100.net.https: Flags [P.], seq 4086002715:4086002754, ack 2928732191, win 450, options [nop,nop,TS val 3732908673 ecr 4024558908], length 39
19:42:21.793894 IP vyrazu-35-ThinkCentre-M70t.44152 > bom12s16-in-f2.1e100.net.https: Flags [P.], seq 2403046770:2403046809, ack 2456593297, win 458, options [nop,nop,TS val 3455601938 ecr 4235326444], length 39
19:42:21.807999 IP _gateway.domain > vyrazu-35-ThinkCentre-M70t.39945: 46095 ServFail 0/1/1 (116)
19:42:21.808076 IP vyrazu-35-ThinkCentre-M70t.39945 > _gateway.domain: 46095+ [1au] PTR? 42.87.18.104.in-addr.arpa. (54)
19:42:21.831712 IP bom12s16-in-f2.1e100.net.https > vyrazu-35-ThinkCentre-M70t.44152: Flags [.], ack 39, win 1043, options [nop,nop,TS val 4235384742 ecr 3455601938], length 0
19:42:21.832143 IP bom12s16-in-f2.1e100.net.https > vyrazu-35-ThinkCentre-M70t.44152: Flags [P.], seq 1:40, ack 39, win 1043, options [nop,nop,TS val 4235384742 ecr 3455601938], length 39
19:42:21.832143 IP bom12s13-in-f14.1e100.net.https > vyrazu-35-ThinkCentre-M70t.52708: Flags [.], ack 39, win 1041, options [nop,nop,TS val 4024617224 ecr 3732908673], length 0
19:42:21.832144 IP bom12s13-in-f14.1e100.net.https > vyrazu-35-ThinkCentre-M70t.52708: Flags [P.], seq 1:40, ack 39, win 1041, options [nop,nop,TS val 4024617224 ecr 3732908673], length 39
19:42:21.832177 IP vyrazu-35-ThinkCentre-M70t.44152 > bom12s16-in-f2.1e100.net.https: Flags [.], ack 40, win 458, options [nop,nop,TS val 3455601976 ecr 4235384742], length 0
19:42:21.832569 IP 104.18.43.226.https > vyrazu-35-ThinkCentre-M70t.57794: Flags [.], ack 39, win 16, options [nop,nop,TS val 4176112120 ecr 3950053091], length 0
19:42:21.832569 IP 104.18.43.226.https > vyrazu-35-ThinkCentre-M70t.57794: Flags [P.], seq 1:40, ack 39, win 16, options [nop,nop,TS val 4176112120 ecr 3950053091], length 39
19:42:21.832600 IP vyrazu-35-ThinkCentre-M70t.57794 > 104.18.43.226.https: Flags [.], ack 40, win 651, options [nop,nop,TS val 3950053130 ecr 4176112120], length 0
19:42:21.834602 IP pnbomb-bk-in-f2.1e100.net.https > vyrazu-35-ThinkCentre-M70t.40690: Flags [.], ack 39, win 1043, options [nop,nop,TS val 4169696103 ecr 3144082494], length 0
19:42:21.834603 IP pnbomb-bk-in-f2.1e100.net.https > vyrazu-35-ThinkCentre-M70t.40690: Flags [P.], seq 1:40, ack 39, win 1043, options [nop,nop,TS val 4169696103 ecr 3144082494], length 39
19:42:21.834633 IP vyrazu-35-ThinkCentre-M70t.40690 > pnbomb-bk-in-f2.1e100.net.https: Flags [.], ack 40, win 458, options [nop,nop,TS val 3144082535 ecr 4169696103], length 0
19:42:21.837002 IP 172.64.147.34.https > vyrazu-35-ThinkCentre-M70t.43374: Flags [P.], seq 1:40, ack 39, win 17, options [nop,nop,TS val 3103272098 ecr 2778683488], length 39
19:42:21.837026 IP vyrazu-35-ThinkCentre-M70t.43374 > 172.64.147.34.https: Flags [.], ack 40, win 3167, options [nop,nop,TS val 2778683531 ecr 3103272098], length 0
19:42:21.841755 IP pnbomb-az-in-f1.1e100.net.https > vyrazu-35-ThinkCentre-M70t.54700: Flags [.], ack 39, win 1041, options [nop,nop,TS val 2449952378 ecr 2364168578], length 0
19:42:21.841757 IP pnbomb-az-in-f1.1e100.net.https > vyrazu-35-ThinkCentre-M70t.54700: Flags [P.], seq 1:40, ack 39, win 1041, options [nop,nop,TS val 2449952378 ecr 2364168578], length 39
19:42:21.843278 IP vyrazu-35-ThinkCentre-M70t.41786 > ec2-3-6-30-85.ap-south-1.compute.amazonaws.com.http: Flags [.], ack 1, win 501, options [nop,nop,TS val 3268736222 ecr 1456129812], length 0
19:42:21.853557 IP _gateway.domain > vyrazu-35-ThinkCentre-M70t.39945: 46095 ServFail 0/1/1 (116)
19:42:21.853730 IP vyrazu-35-ThinkCentre-M70t.39945 > _gateway.domain: 46095+ PTR? 42.87.18.104.in-addr.arpa. (43)
19:42:21.872204 IP vyrazu-35-ThinkCentre-M70t.52708 > bom12s13-in-f14.1e100.net.https: Flags [.], ack 40, win 450, options [nop,nop,TS val 3732908752 ecr 4024617224], length 0
19:42:21.876033 IP ec2-3-6-30-85.ap-south-1.compute.amazonaws.com.http > vyrazu-35-ThinkCentre-M70t.41786: Flags [.], ack 1, win 2098, options [nop,nop,TS val 1456130845 ecr 3268723855], length 0
19:42:21.882248 IP vyrazu-35-ThinkCentre-M70t.54700 > pnbomb-az-in-f1.1e100.net.https: Flags [.], ack 40, win 432, options [nop,nop,TS val 2364168667 ecr 2449952378], length 0
19:42:21.898196 IP _gateway.domain > vyrazu-35-ThinkCentre-M70t.39945: 46095 ServFail 0/1/0 (105)
19:42:21.899204 IP vyrazu-35-ThinkCentre-M70t.60774 > ec2-3-6-30-85.ap-south-1.compute.amazonaws.com.http: Flags [.], ack 1, win 501, options [nop,nop,TS val 3268736278 ecr 1456129839], length 0
19:42:21.899907 IP vyrazu-35-ThinkCentre-M70t.59367 > _gateway.domain: 17753+ [1au] PTR? 119.155.64.172.in-addr.arpa. (56)
19:42:21.933408 IP ec2-3-6-30-85.ap-south-1.compute.amazonaws.com.http > vyrazu-35-ThinkCentre-M70t.60774: Flags [.], ack 1, win 2168, options [nop,nop,TS val 1456130901 ecr 3268732815], length 0
19:42:21.961742 IP _gateway.domain > vyrazu-35-ThinkCentre-M70t.59367: 17753 ServFail 0/1/1 (118)
19:42:21.961801 IP vyrazu-35-ThinkCentre-M70t.59367 > _gateway.domain: 17753+ [1au] PTR? 119.155.64.172.in-addr.arpa. (56)
19:42:21.962178 IP vyrazu-35-ThinkCentre-M70t.53220 > ec2-3-6-115-182.ap-south-1.compute.amazonaws.com.http: Flags [.], ack 1, win 501, options [nop,nop,TS val 4239958026 ecr 35762933], length 0
19:42:21.972460 IP vyrazu-35-ThinkCentre-M70t.35450 > bom12s11-in-f4.1e100.net.https: Flags [P.], seq 663:757, ack 9631, win 280, options [nop,nop,TS val 4258690134 ecr 152259180], length 94
19:42:21.975211 IP vyrazu-35-ThinkCentre-M70t.57250 > ec2-3-6-115-182.ap-south-1.compute.amazonaws.com.http: Flags [.], ack 1, win 501, options [nop,nop,TS val 4239958039 ecr 35762976], length 0
19:42:21.999142 IP ec2-3-6-115-182.ap-south-1.compute.amazonaws.com.http > vyrazu-35-ThinkCentre-M70t.53220: Flags [.], ack 1, win 2239, options [nop,nop,TS val 35764000 ecr 4239945409], length 0
19:42:22.005697 IP _gateway.domain > vyrazu-35-ThinkCentre-M70t.59367: 17753 ServFail 0/1/1 (118)
19:42:22.005749 IP vyrazu-35-ThinkCentre-M70t.59367 > _gateway.domain: 17753+ PTR? 119.155.64.172.in-addr.arpa. (45)
19:42:22.009320 IP bom12s11-in-f4.1e100.net.https > vyrazu-35-ThinkCentre-M70t.35450: Flags [.], ack 757, win 1042, options [nop,nop,TS val 152259740 ecr 4258690134], length 0
19:42:22.012363 IP ec2-3-6-115-182.ap-south-1.compute.amazonaws.com.http > vyrazu-35-ThinkCentre-M70t.57250: Flags [.], ack 1, win 3646, options [nop,nop,TS val 35764013 ecr 4239955009], length 0
19:42:22.049886 IP _gateway.domain > vyrazu-35-ThinkCentre-M70t.59367: 17753 ServFail 0/1/0 (107)
19:42:22.050364 IP vyrazu-35-ThinkCentre-M70t.57781 > _gateway.domain: 41821+ [1au] PTR? 119.155.64.172.in-addr.arpa. (56)
19:42:22.096336 IP _gateway.domain > vyrazu-35-ThinkCentre-M70t.57781: 41821 ServFail 0/1/1 (118)
19:42:22.096530 IP vyrazu-35-ThinkCentre-M70t.57781 > _gateway.domain: 41821+ [1au] PTR? 119.155.64.172.in-addr.arpa. (56)
19:42:22.099374 IP bom12s11-in-f4.1e100.net.https > vyrazu-35-ThinkCentre-M70t.35450: Flags [P.], seq 9631:9858, ack 757, win 1042, options [nop,nop,TS val 152259829 ecr 4258690134], length 227
19:42:22.099376 IP bom12s11-in-f4.1e100.net.https > vyrazu-35-ThinkCentre-M70t.35450: Flags [P.], seq 9858:10947, ack 757, win 1042, options [nop,nop,TS val 152259830 ecr 4258690134], length 1089
19:42:22.099854 IP bom12s11-in-f4.1e100.net.https > vyrazu-35-ThinkCentre-M70t.35450: Flags [P.], seq 10947:11010, ack 757, win 1042, options [nop,nop,TS val 152259830 ecr 4258690134], length 63
19:42:22.099856 IP bom12s11-in-f4.1e100.net.https > vyrazu-35-ThinkCentre-M70t.35450: Flags [P.], seq 11010:11049, ack 757, win 1042, options [nop,nop,TS val 152259830 ecr 4258690134], length 39
19:42:22.099896 IP vyrazu-35-ThinkCentre-M70t.35450 > bom12s11-in-f4.1e100.net.https: Flags [.], ack 11049, win 269, options [nop,nop,TS val 4258690261 ecr 152259829], length 0
19:42:22.099983 IP vyrazu-35-ThinkCentre-M70t.35450 > bom12s11-in-f4.1e100.net.https: Flags [P.], seq 757:792, ack 11049, win 278, options [nop,nop,TS val 4258690261 ecr 152259829], length 35
19:42:22.100315 IP vyrazu-35-ThinkCentre-M70t.35450 > bom12s11-in-f4.1e100.net.https: Flags [P.], seq 792:831, ack 11049, win 280, options [nop,nop,TS val 4258690262 ecr 152259829], length 39
19:42:22.109209 IP vyrazu-35-ThinkCentre-M70t.34916 > ec2-3-6-30-85.ap-south-1.compute.amazonaws.com.http: Flags [.], ack 1, win 501, options [nop,nop,TS val 3268736488 ecr 1456130078], length 0
19:42:22.118204 IP vyrazu-35-ThinkCentre-M70t.57330 > ec2-3-6-98-232.ap-south-1.compute.amazonaws.com.http: Flags [.], ack 1, win 501, options [nop,nop,TS val 4263178367 ecr 3143433591], length 0
19:42:22.123244 IP vyrazu-35-ThinkCentre-M70t.53798 > ec2-3-6-115-64.ap-south-1.compute.amazonaws.com.http: Flags [.], ack 1, win 501, options [nop,nop,TS val 3327826350 ecr 2970390593], length 0
19:42:22.124205 IP vyrazu-35-ThinkCentre-M70t.38390 > ec2-3-6-115-64.ap-south-1.compute.amazonaws.com.http: Flags [.], ack 1, win 501, options [nop,nop,TS val 3327826351 ecr 2970390594], length 0
19:42:22.138019 IP bom12s11-in-f4.1e100.net.https > vyrazu-35-ThinkCentre-M70t.35450: Flags [.], ack 792, win 1042, options [nop,nop,TS val 152259869 ecr 4258690261], length 0
19:42:22.138591 IP bom12s11-in-f4.1e100.net.https > vyrazu-35-ThinkCentre-M70t.35450: Flags [.], ack 831, win 1042, options [nop,nop,TS val 152259870 ecr 4258690262], length 0
19:42:22.140105 IP _gateway.domain > vyrazu-35-ThinkCentre-M70t.57781: 41821 ServFail 0/1/1 (118)
19:42:22.140193 IP vyrazu-35-ThinkCentre-M70t.57781 > _gateway.domain: 41821+ PTR? 119.155.64.172.in-addr.arpa. (45)
19:42:22.141664 IP ec2-3-6-30-85.ap-south-1.compute.amazonaws.com.http > vyrazu-35-ThinkCentre-M70t.34916: Flags [.], ack 1, win 442, options [nop,nop,TS val 1456131111 ecr 3268730896], length 0
19:42:22.152839 IP ec2-3-6-98-232.ap-south-1.compute.amazonaws.com.http > vyrazu-35-ThinkCentre-M70t.57330: Flags [.], ack 1, win 442, options [nop,nop,TS val 3143434625 ecr 4263177914], length 0
19:42:22.154275 IP vyrazu-35-ThinkCentre-M70t.59792 > ec2-3-6-122-107.ap-south-1.compute.amazonaws.com.http: Flags [.], ack 1, win 501, options [nop,nop,TS val 215695350 ecr 1118644927], length 0
19:42:22.158258 IP ec2-3-6-115-64.ap-south-1.compute.amazonaws.com.http > vyrazu-35-ThinkCentre-M70t.53798: Flags [.], ack 1, win 1704, options [nop,nop,TS val 2970391628 ecr 3327825648], length 0
19:42:22.159284 IP ec2-3-6-115-64.ap-south-1.compute.amazonaws.com.http > vyrazu-35-ThinkCentre-M70t.38390: Flags [.], ack 1, win 2383, options [nop,nop,TS val 2970391629 ecr 3327819257], length 0
19:42:22.161035 IP vyrazu-35-ThinkCentre-M70t.35450 > bom12s11-in-f4.1e100.net.https: Flags [P.], seq 831:926, ack 11049, win 280, options [nop,nop,TS val 4258690322 ecr 152259870], length 95
19:42:22.182269 IP _gateway.domain > vyrazu-35-ThinkCentre-M70t.57781: 41821 ServFail 0/1/0 (107)
19:42:22.182810 IP vyrazu-35-ThinkCentre-M70t.57684 > _gateway.domain: 42880+ [1au] PTR? 8.42.251.142.in-addr.arpa. (54)
19:42:22.189750 IP ec2-3-6-122-107.ap-south-1.compute.amazonaws.com.http > vyrazu-35-ThinkCentre-M70t.59792: Flags [.], ack 1, win 448, options [nop,nop,TS val 1118645981 ecr 215681993], length 0
19:42:22.198854 IP bom12s11-in-f4.1e100.net.https > vyrazu-35-ThinkCentre-M70t.35450: Flags [.], ack 926, win 1042, options [nop,nop,TS val 152259929 ecr 4258690322], length 0
19:42:22.212226 IP 104.18.16.5.https > vyrazu-35-ThinkCentre-M70t.47332: Flags [P.], seq 120:180, ack 233, win 17, options [nop,nop,TS val 2147762548 ecr 4177532743], length 60
19:42:22.228298 IP _gateway.domain > vyrazu-35-ThinkCentre-M70t.57684: 42880 1/0/1 PTR bom12s19-in-f8.1e100.net. (92)
19:42:22.228800 IP vyrazu-35-ThinkCentre-M70t.53609 > _gateway.domain: 4229+ [1au] PTR? 233.152.64.172.in-addr.arpa. (56)
19:42:22.253204 IP vyrazu-35-ThinkCentre-M70t.47332 > 104.18.16.5.https: Flags [.], ack 180, win 452, options [nop,nop,TS val 4177536783 ecr 2147762548], length 0
19:42:22.258486 IP vyrazu-35-ThinkCentre-M70t.35450 > bom12s11-in-f4.1e100.net.https: Flags [P.], seq 926:961, ack 11049, win 280, options [nop,nop,TS val 4258690420 ecr 152259929], length 35
19:42:22.277084 IP _gateway.domain > vyrazu-35-ThinkCentre-M70t.53609: 4229 ServFail 0/1/1 (118)
19:42:22.277342 IP vyrazu-35-ThinkCentre-M70t.53609 > _gateway.domain: 4229+ [1au] PTR? 233.152.64.172.in-addr.arpa. (56)
19:42:22.294728 IP bom12s11-in-f4.1e100.net.https > vyrazu-35-ThinkCentre-M70t.35450: Flags [.], ack 961, win 1042, options [nop,nop,TS val 152260026 ecr 4258690420], length 0
19:42:22.321223 IP vyrazu-35-ThinkCentre-M70t.35450 > bom12s11-in-f4.1e100.net.https: Flags [P.], seq 961:1056, ack 11049, win 280, options [nop,nop,TS val 4258690482 ecr 152260026], length 95
19:42:22.321508 IP _gateway.domain > vyrazu-35-ThinkCentre-M70t.53609: 4229 ServFail 0/1/1 (118)
19:42:22.321653 IP vyrazu-35-ThinkCentre-M70t.53609 > _gateway.domain: 4229+ PTR? 233.152.64.172.in-addr.arpa. (45)
19:42:22.358117 IP bom12s11-in-f4.1e100.net.https > vyrazu-35-ThinkCentre-M70t.35450: Flags [.], ack 1056, win 1042, options [nop,nop,TS val 152260089 ecr 4258690482], length 0
19:42:22.366162 IP _gateway.domain > vyrazu-35-ThinkCentre-M70t.53609: 4229 ServFail 0/1/0 (107)
19:42:22.366474 IP vyrazu-35-ThinkCentre-M70t.53093 > _gateway.domain: 47351+ [1au] PTR? 233.152.64.172.in-addr.arpa. (56)
19:42:22.380216 IP vyrazu-35-ThinkCentre-M70t.49294 > ec2-3-6-115-64.ap-south-1.compute.amazonaws.com.http: Flags [.], ack 1, win 501, options [nop,nop,TS val 3327826607 ecr 2970390848], length 0
19:42:22.412700 IP _gateway.domain > vyrazu-35-ThinkCentre-M70t.53093: 47351 ServFail 0/1/1 (118)
19:42:22.412807 IP vyrazu-35-ThinkCentre-M70t.53093 > _gateway.domain: 47351+ [1au] PTR? 233.152.64.172.in-addr.arpa. (56)
19:42:22.419821 IP ec2-3-6-115-64.ap-south-1.compute.amazonaws.com.http > vyrazu-35-ThinkCentre-M70t.49294: Flags [.], ack 1, win 442, options [nop,nop,TS val 2970391890 ecr 3327817970], length 0
19:42:22.454846 IP _gateway.domain > vyrazu-35-ThinkCentre-M70t.53093: 47351 ServFail 0/1/1 (118)
19:42:22.454896 IP vyrazu-35-ThinkCentre-M70t.53093 > _gateway.domain: 47351+ PTR? 233.152.64.172.in-addr.arpa. (45)
19:42:22.459278 IP bom12s11-in-f4.1e100.net.https > vyrazu-35-ThinkCentre-M70t.35450: Flags [P.], seq 11049:11277, ack 1056, win 1042, options [nop,nop,TS val 152260190 ecr 4258690482], length 228
19:42:22.459278 IP bom12s11-in-f4.1e100.net.https > vyrazu-35-ThinkCentre-M70t.35450: Flags [P.], seq 11277:11806, ack 1056, win 1042, options [nop,nop,TS val 152260190 ecr 4258690482], length 529
19:42:22.459278 IP bom12s11-in-f4.1e100.net.https > vyrazu-35-ThinkCentre-M70t.35450: Flags [P.], seq 11806:11838, ack 1056, win 1042, options [nop,nop,TS val 152260191 ecr 4258690482], length 32
19:42:22.459279 IP bom12s11-in-f4.1e100.net.https > vyrazu-35-ThinkCentre-M70t.35450: Flags [P.], seq 11838:11869, ack 1056, win 1042, options [nop,nop,TS val 152260191 ecr 4258690482], length 31
19:42:22.459380 IP bom12s11-in-f4.1e100.net.https > vyrazu-35-ThinkCentre-M70t.35450: Flags [P.], seq 11869:11908, ack 1056, win 1042, options [nop,nop,TS val 152260191 ecr 4258690482], length 39
19:42:22.459496 IP vyrazu-35-ThinkCentre-M70t.35450 > bom12s11-in-f4.1e100.net.https: Flags [.], ack 11908, win 280, options [nop,nop,TS val 4258690621 ecr 152260190], length 0
19:42:22.459514 IP vyrazu-35-ThinkCentre-M70t.35450 > bom12s11-in-f4.1e100.net.https: Flags [P.], seq 1056:1095, ack 11908, win 280, options [nop,nop,TS val 4258690621 ecr 152260190], length 39
19:42:22.495243 IP _gateway.domain > vyrazu-35-ThinkCentre-M70t.53093: 47351 ServFail 0/1/0 (107)
19:42:22.495616 IP bom12s11-in-f4.1e100.net.https > vyrazu-35-ThinkCentre-M70t.35450: Flags [.], ack 1095, win 1042, options [nop,nop,TS val 152260227 ecr 4258690621], length 0
19:42:22.496319 IP vyrazu-35-ThinkCentre-M70t.60706 > _gateway.domain: 35857+ [1au] PTR? 187.1.168.192.in-addr.arpa. (55)
19:42:22.506051 IP _gateway.domain > vyrazu-35-ThinkCentre-M70t.60706: 35857 NXDomain* 0/0/1 (55)
19:42:22.603632 IP vyrazu-35-ThinkCentre-M70t.48796 > _gateway.domain: 10866+ [1au] PTR? 226.43.18.104.in-addr.arpa. (55)
19:42:22.619185 IP vyrazu-35-ThinkCentre-M70t.54482 > ec2-3-6-115-182.ap-south-1.compute.amazonaws.com.http: Flags [.], ack 1, win 501, options [nop,nop,TS val 4239958683 ecr 35763620], length 0
19:42:22.649116 IP _gateway.domain > vyrazu-35-ThinkCentre-M70t.48796: 10866 ServFail 0/1/1 (150)
19:42:22.649355 IP vyrazu-35-ThinkCentre-M70t.48796 > _gateway.domain: 10866+ [1au] PTR? 226.43.18.104.in-addr.arpa. (55)
19:42:22.659751 IP ec2-3-6-115-182.ap-south-1.compute.amazonaws.com.http > vyrazu-35-ThinkCentre-M70t.54482: Flags [.], ack 1, win 1769, options [nop,nop,TS val 35764661 ecr 4239957559], length 0
19:42:22.690903 IP _gateway.domain > vyrazu-35-ThinkCentre-M70t.48796: 10866 ServFail 0/1/1 (117)
19:42:22.691011 IP vyrazu-35-ThinkCentre-M70t.48796 > _gateway.domain: 10866+ PTR? 226.43.18.104.in-addr.arpa. (44)
19:42:22.726247 IP vyrazu-35-ThinkCentre-M70t.34006 > 172.65.251.78.https: Flags [P.], seq 1:805, ack 1, win 14005, options [nop,nop,TS val 3509804668 ecr 669206919], length 804
19:42:22.739067 IP _gateway.domain > vyrazu-35-ThinkCentre-M70t.48796: 10866 ServFail 0/1/0 (106)
19:42:22.739535 IP vyrazu-35-ThinkCentre-M70t.50383 > _gateway.domain: 51872+ [1au] PTR? 226.43.18.104.in-addr.arpa. (55)
19:42:22.752436 ARP, Request who-has 192.168.1.57 tell _gateway, length 28
19:42:22.762741 IP 172.65.251.78.https > vyrazu-35-ThinkCentre-M70t.34006: Flags [.], ack 805, win 19, options [nop,nop,TS val 669226483 ecr 3509804668], length 0
19:42:22.791456 IP _gateway.domain > vyrazu-35-ThinkCentre-M70t.50383: 51872 ServFail 0/1/1 (117)
19:42:22.791514 IP vyrazu-35-ThinkCentre-M70t.50383 > _gateway.domain: 51872+ [1au] PTR? 226.43.18.104.in-addr.arpa. (55)
19:42:22.822969 IP vyrazu-35-ThinkCentre-M70t.46818 > hkg07s51-in-f14.1e100.net.https: Flags [P.], seq 33584642:33584681, ack 2863071806, win 459, options [nop,nop,TS val 2502092452 ecr 982601458], length 39
19:42:22.823096 IP vyrazu-35-ThinkCentre-M70t.55594 > bom12s14-in-f3.1e100.net.https: Flags [P.], seq 88841021:88841060, ack 1278350043, win 459, options [nop,nop,TS val 2863888030 ecr 432984156], length 39
19:42:22.823157 IP vyrazu-35-ThinkCentre-M70t.37436 > pnbomb-ab-in-f2.1e100.net.https: Flags [P.], seq 3092443748:3092443787, ack 3218247012, win 458, options [nop,nop,TS val 617068805 ecr 1092291919], length 39
19:42:22.823257 IP vyrazu-35-ThinkCentre-M70t.48364 > bom07s26-in-f1.1e100.net.https: Flags [P.], seq 2765026369:2765026408, ack 1682681704, win 355, options [nop,nop,TS val 3125472004 ecr 3046131720], length 39
19:42:22.833422 IP _gateway.domain > vyrazu-35-ThinkCentre-M70t.50383: 51872 ServFail 0/1/1 (117)
19:42:22.833504 IP vyrazu-35-ThinkCentre-M70t.50383 > _gateway.domain: 51872+ PTR? 226.43.18.104.in-addr.arpa. (44)
19:42:22.858702 IP hkg07s51-in-f14.1e100.net.https > vyrazu-35-ThinkCentre-M70t.46818: Flags [.], ack 39, win 1043, options [nop,nop,TS val 982659604 ecr 2502092452], length 0
19:42:22.859301 IP hkg07s51-in-f14.1e100.net.https > vyrazu-35-ThinkCentre-M70t.46818: Flags [P.], seq 1:40, ack 39, win 1043, options [nop,nop,TS val 982659605 ecr 2502092452], length 39
19:42:22.859346 IP vyrazu-35-ThinkCentre-M70t.46818 > hkg07s51-in-f14.1e100.net.https: Flags [.], ack 40, win 459, options [nop,nop,TS val 2502092489 ecr 982659605], length 0
19:42:22.859654 IP bom07s26-in-f1.1e100.net.https > vyrazu-35-ThinkCentre-M70t.48364: Flags [.], ack 39, win 1042, options [nop,nop,TS val 3046189759 ecr 3125472004], length 0
19:42:22.859656 IP bom07s26-in-f1.1e100.net.https > vyrazu-35-ThinkCentre-M70t.48364: Flags [P.], seq 1:40, ack 39, win 1042, options [nop,nop,TS val 3046189759 ecr 3125472004], length 39
19:42:22.859953 IP bom12s14-in-f3.1e100.net.https > vyrazu-35-ThinkCentre-M70t.55594: Flags [.], ack 39, win 1043, options [nop,nop,TS val 433042217 ecr 2863888030], length 0
19:42:22.860558 IP bom12s14-in-f3.1e100.net.https > vyrazu-35-ThinkCentre-M70t.55594: Flags [P.], seq 1:40, ack 39, win 1043, options [nop,nop,TS val 433042217 ecr 2863888030], length 39
19:42:22.860746 IP pnbomb-ab-in-f2.1e100.net.https > vyrazu-35-ThinkCentre-M70t.37436: Flags [.], ack 39, win 1043, options [nop,nop,TS val 1092350477 ecr 617068805], length 0
19:42:22.860889 IP pnbomb-ab-in-f2.1e100.net.https > vyrazu-35-ThinkCentre-M70t.37436: Flags [P.], seq 1:40, ack 39, win 1043, options [nop,nop,TS val 1092350477 ecr 617068805], length 39
19:42:22.876492 IP _gateway.domain > vyrazu-35-ThinkCentre-M70t.50383: 51872 ServFail 0/1/0 (106)
19:42:22.876932 IP vyrazu-35-ThinkCentre-M70t.47799 > _gateway.domain: 50253+ [1au] PTR? 34.147.64.172.in-addr.arpa. (55)
19:42:22.877181 IP vyrazu-35-ThinkCentre-M70t.41786 > ec2-3-6-30-85.ap-south-1.compute.amazonaws.com.http: Flags [.], ack 1, win 501, options [nop,nop,TS val 3268737256 ecr 1456130845], length 0
19:42:22.900186 IP vyrazu-35-ThinkCentre-M70t.48364 > bom07s26-in-f1.1e100.net.https: Flags [.], ack 40, win 355, options [nop,nop,TS val 3125472081 ecr 3046189759], length 0
19:42:22.901209 IP vyrazu-35-ThinkCentre-M70t.37436 > pnbomb-ab-in-f2.1e100.net.https: Flags [.], ack 40, win 458, options [nop,nop,TS val 617068884 ecr 1092350477], length 0
19:42:22.901220 IP vyrazu-35-ThinkCentre-M70t.55594 > bom12s14-in-f3.1e100.net.https: Flags [.], ack 40, win 459, options [nop,nop,TS val 2863888109 ecr 433042217], length 0
19:42:22.912552 IP ec2-3-6-30-85.ap-south-1.compute.amazonaws.com.http > vyrazu-35-ThinkCentre-M70t.41786: Flags [.], ack 1, win 2098, options [nop,nop,TS val 1456131881 ecr 3268723855], length 0
19:42:22.926133 IP _gateway.domain > vyrazu-35-ThinkCentre-M70t.47799: 50253 ServFail 0/1/1 (117)
19:42:22.926337 IP vyrazu-35-ThinkCentre-M70t.47799 > _gateway.domain: 50253+ [1au] PTR? 34.147.64.172.in-addr.arpa. (55)
19:42:22.934223 IP vyrazu-35-ThinkCentre-M70t.60774 > ec2-3-6-30-85.ap-south-1.compute.amazonaws.com.http: Flags [.], ack 1, win 501, options [nop,nop,TS val 3268737313 ecr 1456130901], length 0
19:42:22.966934 IP ec2-3-6-30-85.ap-south-1.compute.amazonaws.com.http > vyrazu-35-ThinkCentre-M70t.60774: Flags [.], ack 1, win 2168, options [nop,nop,TS val 1456131936 ecr 3268732815], length 0
19:42:22.967805 IP _gateway.domain > vyrazu-35-ThinkCentre-M70t.47799: 50253 ServFail 0/1/1 (117)
19:42:22.968018 IP vyrazu-35-ThinkCentre-M70t.47799 > _gateway.domain: 50253+ PTR? 34.147.64.172.in-addr.arpa. (44)
19:42:22.999211 IP vyrazu-35-ThinkCentre-M70t.53220 > ec2-3-6-115-182.ap-south-1.compute.amazonaws.com.http: Flags [.], ack 1, win 501, options [nop,nop,TS val 4239959063 ecr 35764000], length 0
19:42:23.010703 IP _gateway.domain > vyrazu-35-ThinkCentre-M70t.47799: 50253 ServFail 0/1/0 (106)
19:42:23.011041 IP vyrazu-35-ThinkCentre-M70t.48532 > _gateway.domain: 52630+ [1au] PTR? 34.147.64.172.in-addr.arpa. (55)
19:42:23.013216 IP vyrazu-35-ThinkCentre-M70t.57250 > ec2-3-6-115-182.ap-south-1.compute.amazonaws.com.http: Flags [.], ack 1, win 501, options [nop,nop,TS val 4239959077 ecr 35764013], length 0
19:42:23.033713 IP ec2-3-6-115-182.ap-south-1.compute.amazonaws.com.http > vyrazu-35-ThinkCentre-M70t.53220: Flags [.], ack 1, win 2239, options [nop,nop,TS val 35765035 ecr 4239945409], length 0
19:42:23.048258 IP ec2-3-6-115-182.ap-south-1.compute.amazonaws.com.http > vyrazu-35-ThinkCentre-M70t.57250: Flags [.], ack 1, win 3646, options [nop,nop,TS val 35765050 ecr 4239955009], length 0
19:42:23.055181 IP _gateway.domain > vyrazu-35-ThinkCentre-M70t.48532: 52630 ServFail 0/1/1 (117)
19:42:23.055293 IP vyrazu-35-ThinkCentre-M70t.48532 > _gateway.domain: 52630+ [1au] PTR? 34.147.64.172.in-addr.arpa. (55)
19:42:23.098747 IP _gateway.domain > vyrazu-35-ThinkCentre-M70t.48532: 52630 ServFail 0/1/1 (117)
19:42:23.098958 IP vyrazu-35-ThinkCentre-M70t.48532 > _gateway.domain: 52630+ PTR? 34.147.64.172.in-addr.arpa. (44)
19:42:23.139521 IP _gateway.domain > vyrazu-35-ThinkCentre-M70t.48532: 52630 ServFail 0/1/0 (106)
19:42:23.140864 IP vyrazu-35-ThinkCentre-M70t.37424 > _gateway.domain: 19952+ [1au] PTR? 97.222.251.142.in-addr.arpa. (56)
19:42:23.143288 IP vyrazu-35-ThinkCentre-M70t.34916 > ec2-3-6-30-85.ap-south-1.compute.amazonaws.com.http: Flags [.], ack 1, win 501, options [nop,nop,TS val 3268737522 ecr 1456131111], length 0
19:42:23.176628 IP ec2-3-6-30-85.ap-south-1.compute.amazonaws.com.http > vyrazu-35-ThinkCentre-M70t.34916: Flags [.], ack 1, win 442, options [nop,nop,TS val 1456132146 ecr 3268730896], length 0
19:42:23.178222 IP vyrazu-35-ThinkCentre-M70t.38390 > ec2-3-6-115-64.ap-south-1.compute.amazonaws.com.http: Flags [.], ack 1, win 501, options [nop,nop,TS val 3327827405 ecr 2970391629], length 0
19:42:23.178260 IP vyrazu-35-ThinkCentre-M70t.57330 > ec2-3-6-98-232.ap-south-1.compute.amazonaws.com.http: Flags [.], ack 1, win 501, options [nop,nop,TS val 4263179427 ecr 3143434625], length 0
19:42:23.178293 IP vyrazu-35-ThinkCentre-M70t.53798 > ec2-3-6-115-64.ap-south-1.compute.amazonaws.com.http: Flags [.], ack 1, win 501, options [nop,nop,TS val 3327827405 ecr 2970391628], length 0
19:42:23.187179 IP _gateway.domain > vyrazu-35-ThinkCentre-M70t.37424: 19952 1/0/1 PTR pnbomb-az-in-f1.1e100.net. (95)
19:42:23.188272 IP vyrazu-35-ThinkCentre-M70t.33547 > _gateway.domain: 34389+ [1au] PTR? 226.221.251.142.in-addr.arpa. (57)
19:42:23.190237 IP vyrazu-35-ThinkCentre-M70t.59792 > ec2-3-6-122-107.ap-south-1.compute.amazonaws.com.http: Flags [.], ack 1, win 501, options [nop,nop,TS val 215696386 ecr 1118645981], length 0
19:42:23.210826 IP ec2-3-6-98-232.ap-south-1.compute.amazonaws.com.http > vyrazu-35-ThinkCentre-M70t.57330: Flags [.], ack 1, win 442, options [nop,nop,TS val 3143435684 ecr 4263177914], length 0
19:42:23.212300 IP ec2-3-6-115-64.ap-south-1.compute.amazonaws.com.http > vyrazu-35-ThinkCentre-M70t.38390: Flags [.], ack 1, win 2383, options [nop,nop,TS val 2970392682 ecr 3327819257], length 0
19:42:23.212304 IP ec2-3-6-115-64.ap-south-1.compute.amazonaws.com.http > vyrazu-35-ThinkCentre-M70t.53798: Flags [.], ack 1, win 1704, options [nop,nop,TS val 2970392682 ecr 3327825648], length 0
19:42:23.225336 IP ec2-3-6-122-107.ap-south-1.compute.amazonaws.com.http > vyrazu-35-ThinkCentre-M70t.59792: Flags [.], ack 1, win 448, options [nop,nop,TS val 1118647017 ecr 215681993], length 0
19:42:23.234267 IP _gateway.domain > vyrazu-35-ThinkCentre-M70t.33547: 34389 1/0/1 PTR pnbomb-bk-in-f2.1e100.net. (96)
19:42:23.434275 IP vyrazu-35-ThinkCentre-M70t.49294 > ec2-3-6-115-64.ap-south-1.compute.amazonaws.com.http: Flags [.], ack 1, win 501, options [nop,nop,TS val 3327827661 ecr 2970391890], length 0
19:42:23.476149 IP ec2-3-6-115-64.ap-south-1.compute.amazonaws.com.http > vyrazu-35-ThinkCentre-M70t.49294: Flags [.], ack 1, win 442, options [nop,nop,TS val 2970392946 ecr 3327817970], length 0
19:42:23.627536 IP vyrazu-35-ThinkCentre-M70t.36136 > _gateway.domain: 48898+ [1au] PTR? 66.70.250.142.in-addr.arpa. (55)
19:42:23.660274 IP vyrazu-35-ThinkCentre-M70t.54482 > ec2-3-6-115-182.ap-south-1.compute.amazonaws.com.http: Flags [.], ack 1, win 501, options [nop,nop,TS val 4239959724 ecr 35764661], length 0
19:42:23.666425 IP 172.65.251.78.https > vyrazu-35-ThinkCentre-M70t.34006: Flags [P.], seq 1:1665, ack 805, win 19, options [nop,nop,TS val 669227385 ecr 3509804668], length 1664
19:42:23.666454 IP vyrazu-35-ThinkCentre-M70t.34006 > 172.65.251.78.https: Flags [.], ack 1665, win 14003, options [nop,nop,TS val 3509805608 ecr 669227385], length 0
19:42:23.675962 IP _gateway.domain > vyrazu-35-ThinkCentre-M70t.36136: 48898 1/0/1 PTR pnbomb-ab-in-f2.1e100.net. (94)
19:42:23.676679 IP vyrazu-35-ThinkCentre-M70t.51945 > _gateway.domain: 45970+ [1au] PTR? 33.77.250.142.in-addr.arpa. (55)
19:42:23.680718 IP vyrazu-35-ThinkCentre-M70t.34259 > _gateway.domain: 6208+ [1au] HTTPS? client-registry.mutinycdn.com. (58)
19:42:23.680814 IP vyrazu-35-ThinkCentre-M70t.53128 > _gateway.domain: 33760+ [1au] A? client-registry.mutinycdn.com. (58)
19:42:23.680892 IP vyrazu-35-ThinkCentre-M70t.54297 > _gateway.domain: 24803+ [1au] AAAA? client-registry.mutinycdn.com. (58)
19:42:23.681074 IP vyrazu-35-ThinkCentre-M70t.58823 > _gateway.domain: 8955+ [1au] HTTPS? geolocation.onetrust.com. (53)
19:42:23.681375 IP vyrazu-35-ThinkCentre-M70t.47435 > _gateway.domain: 15750+ [1au] AAAA? geolocation.onetrust.com. (53)
19:42:23.681446 IP vyrazu-35-ThinkCentre-M70t.55357 > _gateway.domain: 2219+ [1au] HTTPS? www.googletagmanager.com. (53)
19:42:23.681517 IP vyrazu-35-ThinkCentre-M70t.56704 > _gateway.domain: 37011+ [1au] HTTPS? cdn.bizible.com. (44)
19:42:23.681585 IP vyrazu-35-ThinkCentre-M70t.60878 > _gateway.domain: 63592+ [1au] A? www.googletagmanager.com. (53)
19:42:23.681740 IP vyrazu-35-ThinkCentre-M70t.39563 > _gateway.domain: 18027+ [1au] A? cdn.bizible.com. (44)
19:42:23.681809 IP vyrazu-35-ThinkCentre-M70t.51748 > _gateway.domain: 57028+ [1au] AAAA? cdn.bizible.com. (44)
19:42:23.681875 IP vyrazu-35-ThinkCentre-M70t.34882 > _gateway.domain: 36174+ [1au] HTTPS? munchkin.marketo.net. (49)
19:42:23.681944 IP vyrazu-35-ThinkCentre-M70t.45944 > _gateway.domain: 42982+ [1au] HTTPS? cdn.bizibly.com. (44)
19:42:23.681953 IP vyrazu-35-ThinkCentre-M70t.60612 > 172.64.144.122.https: Flags [S], seq 3656477204, win 64240, options [mss 1460,sackOK,TS val 3673309399 ecr 0,nop,wscale 7], length 0
19:42:23.682012 IP vyrazu-35-ThinkCentre-M70t.59714 > _gateway.domain: 63886+ [1au] A? munchkin.marketo.net. (49)
19:42:23.682085 IP vyrazu-35-ThinkCentre-M70t.37652 > _gateway.domain: 41176+ [1au] AAAA? munchkin.marketo.net. (49)
19:42:23.682162 IP vyrazu-35-ThinkCentre-M70t.59207 > _gateway.domain: 51500+ [1au] HTTPS? s.swiftypecdn.com. (46)
19:42:23.682241 IP vyrazu-35-ThinkCentre-M70t.38396 > _gateway.domain: 1998+ [1au] A? cdn.bizibly.com. (44)
19:42:23.682312 IP vyrazu-35-ThinkCentre-M70t.53431 > _gateway.domain: 16367+ [1au] AAAA? cdn.bizibly.com. (44)
19:42:23.682378 IP vyrazu-35-ThinkCentre-M70t.41473 > _gateway.domain: 17360+ [1au] A? s.swiftypecdn.com. (46)
19:42:23.682458 IP vyrazu-35-ThinkCentre-M70t.51523 > _gateway.domain: 17101+ [1au] AAAA? s.swiftypecdn.com. (46)
19:42:23.682522 IP vyrazu-35-ThinkCentre-M70t.54361 > _gateway.domain: 47312+ [1au] HTTPS? cc.swiftype.com. (44)
19:42:23.682588 IP vyrazu-35-ThinkCentre-M70t.52925 > _gateway.domain: 33050+ [1au] A? cc.swiftype.com. (44)
19:42:23.682650 IP vyrazu-35-ThinkCentre-M70t.38244 > _gateway.domain: 57973+ [1au] AAAA? cc.swiftype.com. (44)
19:42:23.682718 IP vyrazu-35-ThinkCentre-M70t.57827 > _gateway.domain: 32723+ [1au] HTTPS? t.contentsquare.net. (48)
19:42:23.682864 IP vyrazu-35-ThinkCentre-M70t.43183 > _gateway.domain: 41336+ [1au] A? t.contentsquare.net. (48)
19:42:23.682942 IP vyrazu-35-ThinkCentre-M70t.50613 > _gateway.domain: 23262+ [1au] AAAA? t.contentsquare.net. (48)
19:42:23.683017 IP vyrazu-35-ThinkCentre-M70t.48915 > _gateway.domain: 42276+ [1au] HTTPS? app.cdn.lookbookhq.com. (51)
19:42:23.683087 IP vyrazu-35-ThinkCentre-M70t.55244 > _gateway.domain: 1738+ [1au] A? app.cdn.lookbookhq.com. (51)
19:42:23.683159 IP vyrazu-35-ThinkCentre-M70t.60506 > _gateway.domain: 33632+ [1au] AAAA? app.cdn.lookbookhq.com. (51)
19:42:23.683247 IP vyrazu-35-ThinkCentre-M70t.58919 > _gateway.domain: 57662+ [1au] HTTPS? extend.vimeocdn.com. (48)
19:42:23.683324 IP vyrazu-35-ThinkCentre-M70t.51361 > _gateway.domain: 34494+ [1au] A? extend.vimeocdn.com. (48)
19:42:23.683405 IP vyrazu-35-ThinkCentre-M70t.32803 > _gateway.domain: 31153+ [1au] AAAA? extend.vimeocdn.com. (48)
19:42:23.683479 IP vyrazu-35-ThinkCentre-M70t.57620 > _gateway.domain: 48737+ [1au] HTTPS? j.6sc.co. (37)
19:42:23.683547 IP vyrazu-35-ThinkCentre-M70t.47831 > _gateway.domain: 36755+ [1au] A? j.6sc.co. (37)
19:42:23.683611 IP vyrazu-35-ThinkCentre-M70t.35139 > _gateway.domain: 49853+ [1au] AAAA? j.6sc.co. (37)
19:42:23.683684 IP vyrazu-35-ThinkCentre-M70t.45282 > _gateway.domain: 12417+ [1au] HTTPS? js.qualified.com. (45)
19:42:23.683757 IP vyrazu-35-ThinkCentre-M70t.40269 > _gateway.domain: 4661+ [1au] A? js.qualified.com. (45)
19:42:23.683800 IP vyrazu-35-ThinkCentre-M70t.51272 > 104.18.86.42.https: Flags [S], seq 2754553001, win 64240, options [mss 1460,sackOK,TS val 1498927428 ecr 0,nop,wscale 7], length 0
19:42:23.683818 IP vyrazu-35-ThinkCentre-M70t.37323 > _gateway.domain: 60492+ [1au] AAAA? js.qualified.com. (45)
19:42:23.683874 IP vyrazu-35-ThinkCentre-M70t.53275 > _gateway.domain: 9292+ [1au] HTTPS? js.navattic.com. (44)
19:42:23.683939 IP vyrazu-35-ThinkCentre-M70t.59543 > _gateway.domain: 659+ [1au] HTTPS? analytics.gitlab.com. (49)
19:42:23.684003 IP vyrazu-35-ThinkCentre-M70t.38194 > _gateway.domain: 52509+ [1au] A? js.navattic.com. (44)
19:42:23.684065 IP vyrazu-35-ThinkCentre-M70t.37667 > _gateway.domain: 13321+ [1au] AAAA? js.navattic.com. (44)
19:42:23.684136 IP vyrazu-35-ThinkCentre-M70t.38646 > _gateway.domain: 38842+ [1au] A? analytics.gitlab.com. (49)
19:42:23.684241 IP vyrazu-35-ThinkCentre-M70t.57999 > _gateway.domain: 58620+ [1au] AAAA? analytics.gitlab.com. (49)
19:42:23.684309 IP vyrazu-35-ThinkCentre-M70t.35181 > _gateway.domain: 2829+ [1au] HTTPS? trkn.us. (36)
19:42:23.684377 IP vyrazu-35-ThinkCentre-M70t.53070 > _gateway.domain: 29911+ [1au] A? trkn.us. (36)
19:42:23.684437 IP vyrazu-35-ThinkCentre-M70t.52178 > _gateway.domain: 2087+ [1au] AAAA? trkn.us. (36)
19:42:23.684506 IP vyrazu-35-ThinkCentre-M70t.59656 > _gateway.domain: 62145+ [1au] HTTPS? analytics.google.com. (49)
19:42:23.684626 IP vyrazu-35-ThinkCentre-M70t.41700 > _gateway.domain: 3992+ [1au] HTTPS? www.google.co.in. (45)
19:42:23.684684 IP vyrazu-35-ThinkCentre-M70t.59093 > _gateway.domain: 17365+ [1au] A? analytics.google.com. (49)
19:42:23.684750 IP vyrazu-35-ThinkCentre-M70t.39766 > _gateway.domain: 41202+ [1au] AAAA? analytics.google.com. (49)
19:42:23.684857 IP vyrazu-35-ThinkCentre-M70t.47459 > _gateway.domain: 44803+ [1au] HTTPS? stats.g.doubleclick.net. (52)
19:42:23.684934 IP vyrazu-35-ThinkCentre-M70t.37112 > _gateway.domain: 46168+ [1au] A? www.google.co.in. (45)
19:42:23.685011 IP vyrazu-35-ThinkCentre-M70t.39590 > _gateway.domain: 32257+ [1au] AAAA? www.google.co.in. (45)
19:42:23.685189 IP vyrazu-35-ThinkCentre-M70t.47462 > _gateway.domain: 61352+ [1au] HTTPS? e212585.b.akamaiedge.net. (53)
19:42:23.685264 IP vyrazu-35-ThinkCentre-M70t.37348 > _gateway.domain: 60018+ [1au] A? stats.g.doubleclick.net. (52)
19:42:23.685324 IP vyrazu-35-ThinkCentre-M70t.34643 > _gateway.domain: 34730+ [1au] AAAA? stats.g.doubleclick.net. (52)
19:42:23.685379 IP vyrazu-35-ThinkCentre-M70t.37683 > _gateway.domain: 2683+ [1au] HTTPS? c.az.contentsquare.net. (51)
19:42:23.685678 IP vyrazu-35-ThinkCentre-M70t.36117 > _gateway.domain: 6608+ [1au] AAAA? e212585.b.akamaiedge.net. (53)
19:42:23.698953 IP vyrazu-35-ThinkCentre-M70t.54152 > lb-140-82-113-26-iad.github.com.https: Flags [P.], seq 189:377, ack 74, win 470, options [nop,nop,TS val 860571691 ecr 2005464986], length 188
19:42:23.700294 IP ec2-3-6-115-182.ap-south-1.compute.amazonaws.com.http > vyrazu-35-ThinkCentre-M70t.54482: Flags [.], ack 1, win 1769, options [nop,nop,TS val 35765702 ecr 4239957559], length 0
19:42:23.701605 IP vyrazu-35-ThinkCentre-M70t.49613 > _gateway.domain: 50648+ [1au] A? c.az.contentsquare.net. (51)
19:42:23.701671 IP vyrazu-35-ThinkCentre-M70t.43806 > _gateway.domain: 20029+ [1au] AAAA? c.az.contentsquare.net. (51)
19:42:23.702385 IP vyrazu-35-ThinkCentre-M70t.51288 > 104.18.86.42.https: Flags [S], seq 1613659155, win 64240, options [mss 1460,sackOK,TS val 1498927447 ecr 0,nop,wscale 7], length 0
19:42:23.720608 IP 172.64.144.122.https > vyrazu-35-ThinkCentre-M70t.60612: Flags [S.], seq 1670955126, ack 3656477205, win 65535, options [mss 1400,sackOK,TS val 1396040802 ecr 3673309399,nop,wscale 13], length 0
19:42:23.720608 IP _gateway.domain > vyrazu-35-ThinkCentre-M70t.55357: 2219 0/1/1 (113)
19:42:23.720672 IP vyrazu-35-ThinkCentre-M70t.60612 > 172.64.144.122.https: Flags [.], ack 1, win 502, options [nop,nop,TS val 3673309438 ecr 1396040802], length 0
19:42:23.721222 IP vyrazu-35-ThinkCentre-M70t.60612 > 172.64.144.122.https: Flags [P.], seq 1:1902, ack 1, win 502, options [nop,nop,TS val 3673309439 ecr 1396040802], length 1901
19:42:23.722342 IP 104.18.86.42.https > vyrazu-35-ThinkCentre-M70t.51272: Flags [S.], seq 4084064541, ack 2754553002, win 65535, options [mss 1400,sackOK,TS val 3335222244 ecr 1498927428,nop,wscale 13], length 0
19:42:23.722389 IP vyrazu-35-ThinkCentre-M70t.51272 > 104.18.86.42.https: Flags [.], ack 1, win 502, options [nop,nop,TS val 1498927467 ecr 3335222244], length 0
19:42:23.723056 IP _gateway.domain > vyrazu-35-ThinkCentre-M70t.48915: 42276 0/1/1 (150)
19:42:23.723342 IP vyrazu-35-ThinkCentre-M70t.51272 > 104.18.86.42.https: Flags [P.], seq 1:1903, ack 1, win 502, options [nop,nop,TS val 1498927468 ecr 3335222244], length 1902
19:42:23.726334 IP _gateway.domain > vyrazu-35-ThinkCentre-M70t.51945: 45970 1/0/1 PTR bom07s26-in-f1.1e100.net. (93)
19:42:23.727063 IP _gateway.domain > vyrazu-35-ThinkCentre-M70t.60506: 33632 0/1/1 (150)
19:42:23.735973 IP _gateway.domain > vyrazu-35-ThinkCentre-M70t.59543: 659 0/1/1 (125)
19:42:23.736886 IP _gateway.domain > vyrazu-35-ThinkCentre-M70t.35181: 2829 0/1/1 (114)
19:42:23.738930 IP _gateway.domain > vyrazu-35-ThinkCentre-M70t.41700: 3992 1/0/2 HTTPS (86)
19:42:23.739426 IP 104.18.86.42.https > vyrazu-35-ThinkCentre-M70t.51288: Flags [S.], seq 1819736086, ack 1613659156, win 65535, options [mss 1400,sackOK,TS val 2786664718 ecr 1498927447,nop,wscale 13], length 0
19:42:23.739441 IP vyrazu-35-ThinkCentre-M70t.51288 > 104.18.86.42.https: Flags [.], ack 1, win 502, options [nop,nop,TS val 1498927484 ecr 2786664718], length 0
19:42:23.739895 IP vyrazu-35-ThinkCentre-M70t.51288 > 104.18.86.42.https: Flags [P.], seq 1:1903, ack 1, win 502, options [nop,nop,TS val 1498927484 ecr 2786664718], length 1902
19:42:23.743572 IP vyrazu-35-ThinkCentre-M70t.51288 > 104.18.86.42.https: Flags [F.], seq 1903, ack 1, win 502, options [nop,nop,TS val 1498927488 ecr 2786664718], length 0
19:42:23.744623 IP _gateway.domain > vyrazu-35-ThinkCentre-M70t.37112: 46168 1/0/1 A 142.251.222.99 (61)
19:42:23.745039 IP _gateway.domain > vyrazu-35-ThinkCentre-M70t.47462: 61352 0/1/1 (128)
19:42:23.746590 IP _gateway.domain > vyrazu-35-ThinkCentre-M70t.36117: 6608 0/1/1 (128)
19:42:23.747753 IP _gateway.domain > vyrazu-35-ThinkCentre-M70t.37348: 60018 4/0/1 A 74.125.68.157, A 74.125.68.154, A 74.125.68.155, A 74.125.68.156 (116)
19:42:23.751562 IP _gateway.domain > vyrazu-35-ThinkCentre-M70t.34882: 36174 2/1/1 CNAME wildcard.marketo.net.edgekey.net., CNAME e10776.b.akamaiedge.net. (187)
19:42:23.751842 IP vyrazu-35-ThinkCentre-M70t.55537 > _gateway.domain: 56588+ [1au] HTTPS? e10776.b.akamaiedge.net. (52)
19:42:23.755761 IP _gateway.domain > vyrazu-35-ThinkCentre-M70t.34259: 6208 1/1/1 CNAME n.sni.global.fastly.net. (153)
19:42:23.755970 IP vyrazu-35-ThinkCentre-M70t.58770 > _gateway.domain: 8510+ [1au] HTTPS? n.sni.global.fastly.net. (52)
19:42:23.757152 IP _gateway.domain > vyrazu-35-ThinkCentre-M70t.53128: 33760 5/0/1 CNAME n.sni.global.fastly.net., A 151.101.129.91, A 151.101.1.91, A 151.101.65.91, A 151.101.193.91 (159)
19:42:23.757153 IP _gateway.domain > vyrazu-35-ThinkCentre-M70t.54297: 24803 1/1/1 CNAME n.sni.global.fastly.net. (153)
19:42:23.757282 IP vyrazu-35-ThinkCentre-M70t.60612 > 172.64.144.122.https: Flags [F.], seq 1902, ack 1, win 502, options [nop,nop,TS val 3673309475 ecr 1396040802], length 0
19:42:23.757614 IP vyrazu-35-ThinkCentre-M70t.35367 > _gateway.domain: 48004+ [1au] AAAA? n.sni.global.fastly.net. (52)
19:42:23.757735 IP vyrazu-35-ThinkCentre-M70t.45266 > 151.101.129.91.https: Flags [S], seq 3681856888, win 64240, options [mss 1460,sackOK,TS val 1264264467 ecr 0,nop,wscale 7], length 0
19:42:23.758481 IP 172.64.144.122.https > vyrazu-35-ThinkCentre-M70t.60612: Flags [.], ack 1902, win 17, options [nop,nop,TS val 1396040840 ecr 3673309439], length 0
19:42:23.760393 IP 104.18.86.42.https > vyrazu-35-ThinkCentre-M70t.51272: Flags [.], ack 1903, win 17, options [nop,nop,TS val 3335222282 ecr 1498927468], length 0
19:42:23.761815 IP 172.64.144.122.https > vyrazu-35-ThinkCentre-M70t.60612: Flags [.], seq 1:1449, ack 1902, win 17, options [nop,nop,TS val 1396040844 ecr 3673309439], length 1448
19:42:23.761836 IP vyrazu-35-ThinkCentre-M70t.60612 > 172.64.144.122.https: Flags [R], seq 3656479106, win 0, length 0
19:42:23.763322 IP 172.64.144.122.https > vyrazu-35-ThinkCentre-M70t.60612: Flags [P.], seq 1449:3464, ack 1902, win 17, options [nop,nop,TS val 1396040844 ecr 3673309439], length 2015
19:42:23.763336 IP vyrazu-35-ThinkCentre-M70t.60612 > 172.64.144.122.https: Flags [R], seq 3656479106, win 0, length 0
19:42:23.766248 IP _gateway.domain > vyrazu-35-ThinkCentre-M70t.56704: 37011 2/1/1 CNAME cdn.bizible.com.edgesuite.net., CNAME a798.dscd.akamai.net. (179)
19:42:23.766248 IP _gateway.domain > vyrazu-35-ThinkCentre-M70t.47435: 15750 2/0/1 AAAA 2606:4700:4400::6812:2089, AAAA 2606:4700:4400::ac40:9b77 (109)
19:42:23.766249 IP _gateway.domain > vyrazu-35-ThinkCentre-M70t.45944: 42982 2/1/1 CNAME cdn.bizible.com.edgesuite.net., CNAME a798.dscd.akamai.net. (179)
19:42:23.766249 IP _gateway.domain > vyrazu-35-ThinkCentre-M70t.58823: 8955 1/0/1 HTTPS (123)
19:42:23.766249 IP _gateway.domain > vyrazu-35-ThinkCentre-M70t.39563: 18027 4/0/1 CNAME cdn.bizible.com.edgesuite.net., CNAME a798.dscd.akamai.net., A 23.58.120.226, A 23.58.120.225 (150)
19:42:23.766250 IP _gateway.domain > vyrazu-35-ThinkCentre-M70t.51748: 57028 4/0/1 CNAME cdn.bizible.com.edgesuite.net., CNAME a798.dscd.akamai.net., AAAA 2600:140f:7::17d5:eb0b, AAAA 2600:140f:7::17d5:eb20 (174)
19:42:23.766251 IP 104.18.86.42.https > vyrazu-35-ThinkCentre-M70t.51272: Flags [P.], seq 1:3460, ack 1903, win 17, options [nop,nop,TS val 3335222285 ecr 1498927468], length 3459
19:42:23.766250 IP _gateway.domain > vyrazu-35-ThinkCentre-M70t.37652: 41176 2/1/1 CNAME wildcard.marketo.net.edgekey.net., CNAME e10776.b.akamaiedge.net. (187)
19:42:23.766250 IP _gateway.domain > vyrazu-35-ThinkCentre-M70t.60878: 63592 1/0/1 A 142.251.42.40 (69)
19:42:23.766250 IP _gateway.domain > vyrazu-35-ThinkCentre-M70t.59714: 63886 3/0/1 CNAME wildcard.marketo.net.edgekey.net., CNAME e10776.b.akamaiedge.net., A 23.36.30.84 (142)
19:42:23.766250 IP _gateway.domain > vyrazu-35-ThinkCentre-M70t.38396: 1998 4/0/1 CNAME cdn.bizible.com.edgesuite.net., CNAME a798.dscd.akamai.net., A 23.58.120.225, A 23.58.120.226 (150)
19:42:23.766278 IP vyrazu-35-ThinkCentre-M70t.51272 > 104.18.86.42.https: Flags [.], ack 3460, win 475, options [nop,nop,TS val 1498927511 ecr 3335222285], length 0
19:42:23.766573 IP vyrazu-35-ThinkCentre-M70t.33660 > _gateway.domain: 12260+ [1au] HTTPS? a798.dscd.akamai.net. (49)
19:42:23.766891 IP vyrazu-35-ThinkCentre-M70t.42680 > _gateway.domain: 33303+ [1au] AAAA? e10776.b.akamaiedge.net. (52)
19:42:23.766931 IP _gateway.domain > vyrazu-35-ThinkCentre-M70t.53431: 16367 4/0/1 CNAME cdn.bizible.com.edgesuite.net., CNAME a798.dscd.akamai.net., AAAA 2600:140f:7::17d5:eb0b, AAAA 2600:140f:7::17d5:eb20 (174)
19:42:23.767502 IP vyrazu-35-ThinkCentre-M70t.51272 > 104.18.86.42.https: Flags [P.], seq 1903:1967, ack 3460, win 475, options [nop,nop,TS val 1498927512 ecr 3335222285], length 64
19:42:23.767814 IP vyrazu-35-ThinkCentre-M70t.51272 > 104.18.86.42.https: Flags [P.], seq 1967:2059, ack 3460, win 475, options [nop,nop,TS val 1498927512 ecr 3335222285], length 92
19:42:23.769542 IP vyrazu-35-ThinkCentre-M70t.58950 > 172.64.155.119.https: Flags [S], seq 188532411, win 64240, options [mss 1460,sackOK,TS val 3815749758 ecr 0,nop,wscale 7], length 0
19:42:23.769583 IP vyrazu-35-ThinkCentre-M70t.42638 > bom12s20-in-f8.1e100.net.https: Flags [S], seq 3626669108, win 64240, options [mss 1460,sackOK,TS val 926598293 ecr 0,nop,wscale 7], length 0
19:42:23.769904 IP vyrazu-35-ThinkCentre-M70t.58962 > 172.64.155.119.https: Flags [S], seq 1766652317, win 64240, options [mss 1460,sackOK,TS val 3815749758 ecr 0,nop,wscale 7], length 0
19:42:23.769937 IP vyrazu-35-ThinkCentre-M70t.58968 > 172.64.155.119.https: Flags [S], seq 180649152, win 64240, options [mss 1460,sackOK,TS val 3815749758 ecr 0,nop,wscale 7], length 0
19:42:23.771759 IP _gateway.domain > vyrazu-35-ThinkCentre-M70t.38244: 57973 1/1/1 CNAME external-svc-dal.swiftype.net. (174)
19:42:23.771759 IP _gateway.domain > vyrazu-35-ThinkCentre-M70t.57827: 32723 0/1/1 (133)
19:42:23.771760 IP _gateway.domain > vyrazu-35-ThinkCentre-M70t.54361: 47312 1/1/1 CNAME external-svc-dal.swiftype.net. (171)
19:42:23.771760 IP _gateway.domain > vyrazu-35-ThinkCentre-M70t.41473: 17360 5/0/1 CNAME b.shared.global.fastly.net., A 151.101.1.167, A 151.101.193.167, A 151.101.129.167, A 151.101.65.167 (150)
19:42:23.771763 IP _gateway.domain > vyrazu-35-ThinkCentre-M70t.52925: 33050 2/0/1 CNAME external-svc-dal.swiftype.net., A 169.63.31.198 (103)
19:42:23.771763 IP _gateway.domain > vyrazu-35-ThinkCentre-M70t.50613: 23262 0/1/1 (133)
19:42:23.771910 IP vyrazu-35-ThinkCentre-M70t.58074 > _gateway.domain: 9890+ [1au] HTTPS? external-svc-dal.swiftype.net. (58)
19:42:23.772199 IP vyrazu-35-ThinkCentre-M70t.42923 > _gateway.domain: 20982+ [1au] AAAA? external-svc-dal.swiftype.net. (58)
19:42:23.772506 IP _gateway.domain > vyrazu-35-ThinkCentre-M70t.51361: 34494 5/0/1 CNAME vimeo.map.fastly.net., A 151.101.0.217, A 151.101.64.217, A 151.101.128.217, A 151.101.192.217 (146)
19:42:23.772509 IP _gateway.domain > vyrazu-35-ThinkCentre-M70t.43183: 41336 4/0/1 A 3.164.36.14, A 3.164.36.122, A 3.164.36.111, A 3.164.36.87 (112)
19:42:23.775178 IP _gateway.domain > vyrazu-35-ThinkCentre-M70t.55537: 56588 0/1/1 (127)
19:42:23.777002 IP _gateway.domain > vyrazu-35-ThinkCentre-M70t.35139: 49853 2/1/1 CNAME j2.6sc.co.edgekey.net., CNAME e212585.b.akamaiedge.net. (185)
19:42:23.777002 IP _gateway.domain > vyrazu-35-ThinkCentre-M70t.55244: 1738 4/0/1 A 13.35.20.11, A 13.35.20.102, A 13.35.20.98, A 13.35.20.107 (115)
19:42:23.777003 IP _gateway.domain > vyrazu-35-ThinkCentre-M70t.57620: 48737 2/1/1 CNAME j2.6sc.co.edgekey.net., CNAME e212585.b.akamaiedge.net. (168)
19:42:23.777003 ARP, Request who-has 192.168.1.57 tell _gateway, length 28
19:42:23.777137 IP vyrazu-35-ThinkCentre-M70t.35432 > _gateway.domain: 14365+ [1au] AAAA? e212585.b.akamaiedge.net. (53)
19:42:23.777336 IP vyrazu-35-ThinkCentre-M70t.59246 > _gateway.domain: 26130+ [1au] HTTPS? e212585.b.akamaiedge.net. (53)
19:42:23.777467 IP vyrazu-35-ThinkCentre-M70t.34738 > server-13-35-20-11.ccu50.r.cloudfront.net.https: Flags [S], seq 2328274766, win 64240, options [mss 1460,sackOK,TS val 587668145 ecr 0,nop,wscale 7], length 0
19:42:23.778037 IP _gateway.domain > vyrazu-35-ThinkCentre-M70t.37323: 60492 0/1/1 (121)
19:42:23.778038 IP 104.18.86.42.https > vyrazu-35-ThinkCentre-M70t.51288: Flags [.], ack 1903, win 17, options [nop,nop,TS val 2786664756 ecr 1498927484], length 0
19:42:23.779774 IP 104.18.86.42.https > vyrazu-35-ThinkCentre-M70t.51288: Flags [.], seq 1:1449, ack 1903, win 17, options [nop,nop,TS val 2786664757 ecr 1498927484], length 1448
19:42:23.779785 IP vyrazu-35-ThinkCentre-M70t.51288 > 104.18.86.42.https: Flags [R], seq 1613661058, win 0, length 0
19:42:23.782772 IP _gateway.domain > vyrazu-35-ThinkCentre-M70t.45282: 12417 1/0/3 HTTPS (111)
19:42:23.782772 IP 104.18.86.42.https > vyrazu-35-ThinkCentre-M70t.51288: Flags [P.], seq 1449:3461, ack 1903, win 17, options [nop,nop,TS val 2786664757 ecr 1498927484], length 2012
19:42:23.782772 IP _gateway.domain > vyrazu-35-ThinkCentre-M70t.47831: 36755 4/0/1 CNAME j2.6sc.co.edgekey.net., CNAME e212585.b.akamaiedge.net., A 23.212.164.240, A 23.57.76.144 (142)
19:42:23.782773 IP _gateway.domain > vyrazu-35-ThinkCentre-M70t.58770: 8510 0/1/1 (123)
19:42:23.782788 IP vyrazu-35-ThinkCentre-M70t.51288 > 104.18.86.42.https: Flags [R], seq 1613661058, win 0, length 0
19:42:23.782901 IP 104.18.86.42.https > vyrazu-35-ThinkCentre-M70t.51288: Flags [F.], seq 3461, ack 1904, win 17, options [nop,nop,TS val 2786664759 ecr 1498927488], length 0
19:42:23.782906 IP vyrazu-35-ThinkCentre-M70t.51288 > 104.18.86.42.https: Flags [R], seq 1613661059, win 0, length 0
19:42:23.783683 IP _gateway.domain > vyrazu-35-ThinkCentre-M70t.40269: 4661 2/0/1 A 104.18.17.5, A 104.18.16.5 (77)
19:42:23.783685 IP server-13-35-20-11.ccu50.r.cloudfront.net.https > vyrazu-35-ThinkCentre-M70t.34738: Flags [S.], seq 775062390, ack 2328274767, win 65535, options [mss 1440,sackOK,TS val 1719113867 ecr 587668145,nop,wscale 9], length 0
19:42:23.783685 IP _gateway.domain > vyrazu-35-ThinkCentre-M70t.52178: 2087 0/1/1 (100)
19:42:23.783699 IP vyrazu-35-ThinkCentre-M70t.34738 > server-13-35-20-11.ccu50.r.cloudfront.net.https: Flags [.], ack 1, win 502, options [nop,nop,TS val 587668151 ecr 1719113867], length 0
19:42:23.784229 IP vyrazu-35-ThinkCentre-M70t.34738 > server-13-35-20-11.ccu50.r.cloudfront.net.https: Flags [P.], seq 1:1908, ack 1, win 502, options [nop,nop,TS val 587668152 ecr 1719113867], length 1907
19:42:23.786400 IP server-13-35-20-11.ccu50.r.cloudfront.net.https > vyrazu-35-ThinkCentre-M70t.34738: Flags [.], ack 1429, win 134, options [nop,nop,TS val 1719113872 ecr 587668152], length 0
19:42:23.787615 IP _gateway.domain > vyrazu-35-ThinkCentre-M70t.59656: 62145 1/1/1 CNAME analytics-alv.google.com. (127)
19:42:23.787872 IP vyrazu-35-ThinkCentre-M70t.54685 > _gateway.domain: 22776+ [1au] HTTPS? analytics-alv.google.com. (53)
19:42:23.789333 IP _gateway.domain > vyrazu-35-ThinkCentre-M70t.57999: 58620 0/1/1 (125)
19:42:23.789333 IP _gateway.domain > vyrazu-35-ThinkCentre-M70t.38646: 38842 1/0/1 A 34.54.57.52 (65)
19:42:23.789333 IP _gateway.domain > vyrazu-35-ThinkCentre-M70t.47459: 44803 0/1/1 (112)
19:42:23.789333 IP _gateway.domain > vyrazu-35-ThinkCentre-M70t.39766: 41202 5/0/1 CNAME analytics-alv.google.com., AAAA 2001:4860:4802:36::181, AAAA 2001:4860:4802:34::181, AAAA 2001:4860:4802:32::181, AAAA 2001:4860:4802:38::181 (189)
19:42:23.789333 IP _gateway.domain > vyrazu-35-ThinkCentre-M70t.38194: 52509 3/0/1 CNAME c.navattic.com.cdn.cloudflare.net., A 104.18.22.60, A 104.18.23.60 (123)
19:42:23.789333 IP _gateway.domain > vyrazu-35-ThinkCentre-M70t.37667: 13321 3/0/1 CNAME c.navattic.com.cdn.cloudflare.net., AAAA 2606:4700::6812:163c, AAAA 2606:4700::6812:173c (147)
19:42:23.789334 IP server-13-35-20-11.ccu50.r.cloudfront.net.https > vyrazu-35-ThinkCentre-M70t.34738: Flags [.], ack 1908, win 140, options [nop,nop,TS val 1719113873 ecr 587668152], length 0
19:42:23.789334 IP _gateway.domain > vyrazu-35-ThinkCentre-M70t.59093: 17365 5/0/1 CNAME analytics-alv.google.com., A 216.239.32.181, A 216.239.34.181, A 216.239.38.181, A 216.239.36.181 (141)
19:42:23.789334 IP _gateway.domain > vyrazu-35-ThinkCentre-M70t.35367: 48004 0/1/1 (123)
19:42:23.789335 IP _gateway.domain > vyrazu-35-ThinkCentre-M70t.59207: 51500 1/1/1 CNAME b.shared.global.fastly.net. (144)
19:42:23.789336 IP server-13-35-20-11.ccu50.r.cloudfront.net.https > vyrazu-35-ThinkCentre-M70t.34738: Flags [.], seq 1:2857, ack 1908, win 140, options [nop,nop,TS val 1719113874 ecr 587668152], length 2856
19:42:23.789367 IP vyrazu-35-ThinkCentre-M70t.34738 > server-13-35-20-11.ccu50.r.cloudfront.net.https: Flags [.], ack 2857, win 480, options [nop,nop,TS val 587668157 ecr 1719113874], length 0
19:42:23.790322 IP vyrazu-35-ThinkCentre-M70t.48794 > _gateway.domain: 63831+ [1au] HTTPS? b.shared.global.fastly.net. (55)
19:42:23.790379 IP vyrazu-35-ThinkCentre-M70t.56202 > 52.57.54.34.bc.googleusercontent.com.https: Flags [S], seq 3580151739, win 64240, options [mss 1460,sackOK,TS val 1824366295 ecr 0,nop,wscale 7], length 0
19:42:23.791328 IP server-13-35-20-11.ccu50.r.cloudfront.net.https > vyrazu-35-ThinkCentre-M70t.34738: Flags [P.], seq 2857:4285, ack 1908, win 140, options [nop,nop,TS val 1719113874 ecr 587668152], length 1428
19:42:23.791329 IP server-13-35-20-11.ccu50.r.cloudfront.net.https > vyrazu-35-ThinkCentre-M70t.34738: Flags [P.], seq 4285:4853, ack 1908, win 140, options [nop,nop,TS val 1719113875 ecr 587668152], length 568
19:42:23.791338 IP vyrazu-35-ThinkCentre-M70t.34738 > server-13-35-20-11.ccu50.r.cloudfront.net.https: Flags [.], ack 4285, win 469, options [nop,nop,TS val 587668159 ecr 1719113874], length 0
19:42:23.791346 IP vyrazu-35-ThinkCentre-M70t.34738 > server-13-35-20-11.ccu50.r.cloudfront.net.https: Flags [.], ack 4853, win 465, options [nop,nop,TS val 587668159 ecr 1719113875], length 0
19:42:23.792179 IP vyrazu-35-ThinkCentre-M70t.34738 > server-13-35-20-11.ccu50.r.cloudfront.net.https: Flags [P.], seq 1908:1972, ack 4853, win 465, options [nop,nop,TS val 587668160 ecr 1719113875], length 64
19:42:23.792399 IP vyrazu-35-ThinkCentre-M70t.51304 > 104.18.86.42.https: Flags [S], seq 2974807017, win 64240, options [mss 1460,sackOK,TS val 1498927537 ecr 0,nop,wscale 7], length 0
19:42:23.792497 IP vyrazu-35-ThinkCentre-M70t.34738 > server-13-35-20-11.ccu50.r.cloudfront.net.https: Flags [P.], seq 1972:2064, ack 4853, win 465, options [nop,nop,TS val 587668160 ecr 1719113875], length 92
19:42:23.793342 IP _gateway.domain > vyrazu-35-ThinkCentre-M70t.51523: 17101 1/1/1 CNAME b.shared.global.fastly.net. (144)
19:42:23.793342 IP _gateway.domain > vyrazu-35-ThinkCentre-M70t.39590: 32257 1/0/1 AAAA 2404:6800:4009:807::2003 (73)
19:42:23.793343 IP _gateway.domain > vyrazu-35-ThinkCentre-M70t.53070: 29911 2/0/1 A 23.196.14.48, A 23.196.14.11 (68)
19:42:23.793343 IP _gateway.domain > vyrazu-35-ThinkCentre-M70t.49613: 50648 6/0/1 CNAME 9fb0bae4fa1d51cf.trafficmanager.net., CNAME c.aa.contentsquare.net., CNAME tm-dep-production-northeurope.trafficmanager.net., CNAME c1.aa.contentsquare.net., CNAME dep-argo.aa.contentsquare.net., A 4.207.209.100 (216)
19:42:23.793485 IP vyrazu-35-ThinkCentre-M70t.35270 > _gateway.domain: 24273+ [1au] AAAA? b.shared.global.fastly.net. (55)
19:42:23.794051 IP vyrazu-35-ThinkCentre-M70t.47012 > a23-196-14-48.deploy.static.akamaitechnologies.com.https: Flags [S], seq 1774846968, win 64240, options [mss 1460,sackOK,TS val 465351056 ecr 0,nop,wscale 7], length 0
19:42:23.795057 IP _gateway.domain > vyrazu-35-ThinkCentre-M70t.33660: 12260 0/1/1 (123)
19:42:23.795920 IP vyrazu-35-ThinkCentre-M70t.33970 > a23-58-120-226.deploy.static.akamaitechnologies.com.https: UDP, length 1252
19:42:23.795936 IP vyrazu-35-ThinkCentre-M70t.33970 > a23-58-120-226.deploy.static.akamaitechnologies.com.https: UDP, length 1252
19:42:23.798477 IP _gateway.domain > vyrazu-35-ThinkCentre-M70t.58919: 57662 1/1/1 CNAME vimeo.map.fastly.net. (140)
19:42:23.798477 IP server-13-35-20-11.ccu50.r.cloudfront.net.https > vyrazu-35-ThinkCentre-M70t.34738: Flags [.], ack 2064, win 140, options [nop,nop,TS val 1719113882 ecr 587668160], length 0
19:42:23.798478 IP server-13-35-20-11.ccu50.r.cloudfront.net.https > vyrazu-35-ThinkCentre-M70t.34738: Flags [P.], seq 4853:5032, ack 2064, win 140, options [nop,nop,TS val 1719113882 ecr 587668160], length 179
19:42:23.798478 IP server-13-35-20-11.ccu50.r.cloudfront.net.https > vyrazu-35-ThinkCentre-M70t.34738: Flags [P.], seq 5032:5103, ack 2064, win 140, options [nop,nop,TS val 1719113882 ecr 587668160], length 71
19:42:23.798478 IP _gateway.domain > vyrazu-35-ThinkCentre-M70t.32803: 31153 1/1/1 CNAME vimeo.map.fastly.net. (140)
19:42:23.798478 IP _gateway.domain > vyrazu-35-ThinkCentre-M70t.37683: 2683 5/1/1 CNAME 9fb0bae4fa1d51cf.trafficmanager.net., CNAME c.aa.contentsquare.net., CNAME tm-dep-production-northeurope.trafficmanager.net., CNAME c1.aa.contentsquare.net., CNAME dep-argo.aa.contentsquare.net. (286)
19:42:23.798479 IP _gateway.domain > vyrazu-35-ThinkCentre-M70t.34643: 34730 4/0/1 AAAA 2404:6800:4003:c02::9b, AAAA 2404:6800:4003:c02::9c, AAAA 2404:6800:4003:c02::9d, AAAA 2404:6800:4003:c02::9a (164)
19:42:23.798479 IP 172.64.144.122.https > vyrazu-35-ThinkCentre-M70t.60612: Flags [F.], seq 3464, ack 1903, win 17, options [nop,nop,TS val 1396040878 ecr 3673309475], length 0
19:42:23.798490 IP vyrazu-35-ThinkCentre-M70t.60612 > 172.64.144.122.https: Flags [R], seq 3656479107, win 0, length 0
19:42:23.798619 IP vyrazu-35-ThinkCentre-M70t.49720 > _gateway.domain: 47467+ [1au] AAAA? vimeo.map.fastly.net. (49)
19:42:23.798673 IP vyrazu-35-ThinkCentre-M70t.34738 > server-13-35-20-11.ccu50.r.cloudfront.net.https: Flags [.], ack 5103, win 464, options [nop,nop,TS val 587668166 ecr 1719113882], length 0
19:42:23.798696 IP vyrazu-35-ThinkCentre-M70t.34738 > server-13-35-20-11.ccu50.r.cloudfront.net.https: Flags [P.], seq 2064:2095, ack 5103, win 464, options [nop,nop,TS val 587668166 ecr 1719113882], length 31
19:42:23.798706 IP vyrazu-35-ThinkCentre-M70t.36458 > _gateway.domain: 24317+ [1au] HTTPS? vimeo.map.fastly.net. (49)
19:42:23.798961 IP vyrazu-35-ThinkCentre-M70t.55097 > _gateway.domain: 55413+ [1au] HTTPS? dep-argo.aa.contentsquare.net. (58)
19:42:23.800049 IP 151.101.129.91.https > vyrazu-35-ThinkCentre-M70t.45266: Flags [S.], seq 184012218, ack 3681856889, win 65535, options [mss 1460,sackOK,TS val 1562579093 ecr 1264264467,nop,wscale 9], length 0
19:42:23.800065 IP vyrazu-35-ThinkCentre-M70t.45266 > 151.101.129.91.https: Flags [.], ack 1, win 502, options [nop,nop,TS val 1264264509 ecr 1562579093], length 0
19:42:23.800687 IP vyrazu-35-ThinkCentre-M70t.45266 > 151.101.129.91.https: Flags [P.], seq 1:1915, ack 1, win 502, options [nop,nop,TS val 1264264510 ecr 1562579093], length 1914
19:42:23.801252 IP _gateway.domain > vyrazu-35-ThinkCentre-M70t.58074: 9890 0/1/1 (145)
19:42:23.801252 IP _gateway.domain > vyrazu-35-ThinkCentre-M70t.42680: 33303 0/1/1 (127)
19:42:23.801260 IP _gateway.domain > vyrazu-35-ThinkCentre-M70t.43806: 20029 5/1/1 CNAME 9fb0bae4fa1d51cf.trafficmanager.net., CNAME c.aa.contentsquare.net., CNAME tm-dep-production-northeurope.trafficmanager.net., CNAME c1.aa.contentsquare.net., CNAME dep-argo.aa.contentsquare.net. (286)
19:42:23.802223 IP _gateway.domain > vyrazu-35-ThinkCentre-M70t.35432: 14365 0/1/1 (128)
19:42:23.802639 IP vyrazu-35-ThinkCentre-M70t.33882 > _gateway.domain: 25230+ [1au] AAAA? dep-argo.aa.contentsquare.net. (58)
19:42:23.802677 IP vyrazu-35-ThinkCentre-M70t.36718 > a23-36-30-84.deploy.static.akamaitechnologies.com.https: Flags [S], seq 474341160, win 64240, options [mss 1460,sackOK,TS val 1488536020 ecr 0,nop,wscale 7], length 0
19:42:23.803681 IP vyrazu-35-ThinkCentre-M70t.58978 > 172.64.155.119.https: Flags [S], seq 550973686, win 64240, options [mss 1460,sackOK,TS val 3815749792 ecr 0,nop,wscale 7], length 0
19:42:23.804812 IP a23-58-120-226.deploy.static.akamaitechnologies.com.https > vyrazu-35-ThinkCentre-M70t.33970: UDP, length 1252
19:42:23.804813 IP a23-58-120-226.deploy.static.akamaitechnologies.com.https > vyrazu-35-ThinkCentre-M70t.33970: UDP, length 1252
19:42:23.804813 IP a23-58-120-226.deploy.static.akamaitechnologies.com.https > vyrazu-35-ThinkCentre-M70t.33970: UDP, length 1252
19:42:23.804814 IP a23-58-120-226.deploy.static.akamaitechnologies.com.https > vyrazu-35-ThinkCentre-M70t.33970: UDP, length 1252
19:42:23.804814 IP a23-58-120-226.deploy.static.akamaitechnologies.com.https > vyrazu-35-ThinkCentre-M70t.33970: UDP, length 1252
19:42:23.805925 IP a23-58-120-226.deploy.static.akamaitechnologies.com.https > vyrazu-35-ThinkCentre-M70t.33970: UDP, length 75
19:42:23.805928 IP 104.18.86.42.https > vyrazu-35-ThinkCentre-M70t.51272: Flags [.], ack 2059, win 17, options [nop,nop,TS val 3335222326 ecr 1498927512], length 0
19:42:23.806524 IP vyrazu-35-ThinkCentre-M70t.33970 > a23-58-120-226.deploy.static.akamaitechnologies.com.https: UDP, length 42
19:42:23.806804 IP bom12s20-in-f8.1e100.net.https > vyrazu-35-ThinkCentre-M70t.42638: Flags [S.], seq 1292461817, ack 3626669109, win 65535, options [mss 1412,sackOK,TS val 344718088 ecr 926598293,nop,wscale 8], length 0
19:42:23.806816 IP vyrazu-35-ThinkCentre-M70t.42638 > bom12s20-in-f8.1e100.net.https: Flags [.], ack 1, win 502, options [nop,nop,TS val 926598330 ecr 344718088], length 0
19:42:23.807286 IP vyrazu-35-ThinkCentre-M70t.42638 > bom12s20-in-f8.1e100.net.https: Flags [P.], seq 1:1910, ack 1, win 502, options [nop,nop,TS val 926598331 ecr 344718088], length 1909
19:42:23.807651 IP vyrazu-35-ThinkCentre-M70t.33970 > a23-58-120-226.deploy.static.akamaitechnologies.com.https: UDP, length 141
19:42:23.807667 IP vyrazu-35-ThinkCentre-M70t.33970 > a23-58-120-226.deploy.static.akamaitechnologies.com.https: UDP, length 67
19:42:23.808544 IP 104.18.86.42.https > vyrazu-35-ThinkCentre-M70t.51272: Flags [P.], seq 3460:3981, ack 2059, win 17, options [nop,nop,TS val 3335222326 ecr 1498927512], length 521
19:42:23.808860 IP 172.64.155.119.https > vyrazu-35-ThinkCentre-M70t.58950: Flags [S.], seq 3462582379, ack 188532412, win 65535, options [mss 1400,sackOK,TS val 1055695777 ecr 3815749758,nop,wscale 13], length 0
19:42:23.808868 IP vyrazu-35-ThinkCentre-M70t.58950 > 172.64.155.119.https: Flags [R], seq 188532412, win 0, length 0
19:42:23.808887 IP 172.64.155.119.https > vyrazu-35-ThinkCentre-M70t.58968: Flags [S.], seq 4136960961, ack 180649153, win 65535, options [mss 1400,sackOK,TS val 690937184 ecr 3815749758,nop,wscale 13], length 0
19:42:23.808897 IP vyrazu-35-ThinkCentre-M70t.58968 > 172.64.155.119.https: Flags [.], ack 1, win 502, options [nop,nop,TS val 3815749797 ecr 690937184], length 0
19:42:23.809191 IP vyrazu-35-ThinkCentre-M70t.51272 > 104.18.86.42.https: Flags [P.], seq 2059:2090, ack 3981, win 471, options [nop,nop,TS val 1498927554 ecr 3335222326], length 31
19:42:23.809548 IP vyrazu-35-ThinkCentre-M70t.58968 > 172.64.155.119.https: Flags [P.], seq 1:1910, ack 1, win 502, options [nop,nop,TS val 3815749798 ecr 690937184], length 1909
19:42:23.810826 IP a23-36-30-84.deploy.static.akamaitechnologies.com.https > vyrazu-35-ThinkCentre-M70t.36718: Flags [S.], seq 1882438499, ack 474341161, win 65160, options [mss 1460,sackOK,TS val 529267672 ecr 1488536020,nop,wscale 7], length 0
19:42:23.810835 IP vyrazu-35-ThinkCentre-M70t.36718 > a23-36-30-84.deploy.static.akamaitechnologies.com.https: Flags [.], ack 1, win 502, options [nop,nop,TS val 1488536028 ecr 529267672], length 0
19:42:23.811253 IP vyrazu-35-ThinkCentre-M70t.36718 > a23-36-30-84.deploy.static.akamaitechnologies.com.https: Flags [P.], seq 1:1906, ack 1, win 502, options [nop,nop,TS val 1488536029 ecr 529267672], length 1905
19:42:23.811445 IP 172.64.155.119.https > vyrazu-35-ThinkCentre-M70t.58962: Flags [S.], seq 2872876489, ack 1766652318, win 65535, options [mss 1400,sackOK,TS val 3295597398 ecr 3815749758,nop,wscale 13], length 0
19:42:23.811446 IP a23-58-120-226.deploy.static.akamaitechnologies.com.https > vyrazu-35-ThinkCentre-M70t.33970: UDP, length 290
19:42:23.811453 IP vyrazu-35-ThinkCentre-M70t.58962 > 172.64.155.119.https: Flags [.], ack 1, win 502, options [nop,nop,TS val 3815749800 ecr 3295597398], length 0
19:42:23.811599 IP vyrazu-35-ThinkCentre-M70t.33970 > a23-58-120-226.deploy.static.akamaitechnologies.com.https: UDP, length 31
19:42:23.811968 IP vyrazu-35-ThinkCentre-M70t.58962 > 172.64.155.119.https: Flags [P.], seq 1:1910, ack 1, win 502, options [nop,nop,TS val 3815749800 ecr 3295597398], length 1909
19:42:23.812295 IP a23-58-120-226.deploy.static.akamaitechnologies.com.https > vyrazu-35-ThinkCentre-M70t.33970: UDP, length 291
19:42:23.812296 IP a23-58-120-226.deploy.static.akamaitechnologies.com.https > vyrazu-35-ThinkCentre-M70t.33970: UDP, length 61
19:42:23.812296 IP a23-58-120-226.deploy.static.akamaitechnologies.com.https > vyrazu-35-ThinkCentre-M70t.33970: UDP, length 24
19:42:23.812296 IP a23-58-120-226.deploy.static.akamaitechnologies.com.https > vyrazu-35-ThinkCentre-M70t.33970: UDP, length 73
19:42:23.812506 IP vyrazu-35-ThinkCentre-M70t.33970 > a23-58-120-226.deploy.static.akamaitechnologies.com.https: UDP, length 39
19:42:23.813538 IP _gateway.domain > vyrazu-35-ThinkCentre-M70t.59246: 26130 0/1/1 (128)
19:42:23.814019 IP _gateway.domain > vyrazu-35-ThinkCentre-M70t.54685: 22776 0/1/1 (103)
19:42:23.814028 IP _gateway.domain > vyrazu-35-ThinkCentre-M70t.48794: 63831 0/1/1 (126)
19:42:23.814031 IP _gateway.domain > vyrazu-35-ThinkCentre-M70t.42923: 20982 0/1/1 (145)
19:42:23.814381 IP vyrazu-35-ThinkCentre-M70t.59358 > _gateway.domain: 41395+ [1au] AAAA? e212585.b.akamaiedge.net. (53)
19:42:23.814557 IP a23-36-30-84.deploy.static.akamaitechnologies.com.https > vyrazu-35-ThinkCentre-M70t.36718: Flags [.], ack 1906, win 531, options [nop,nop,TS val 529267681 ecr 1488536029], length 0
19:42:23.815315 IP a23-58-120-226.deploy.static.akamaitechnologies.com.https > vyrazu-35-ThinkCentre-M70t.33970: UDP, length 26
19:42:23.816098 IP _gateway.domain > vyrazu-35-ThinkCentre-M70t.53275: 9292 2/0/1 CNAME c.navattic.com.cdn.cloudflare.net., HTTPS (161)
19:42:23.817751 IP a23-36-30-84.deploy.static.akamaitechnologies.com.https > vyrazu-35-ThinkCentre-M70t.36718: Flags [.], seq 1:1449, ack 1906, win 531, options [nop,nop,TS val 529267684 ecr 1488536029], length 1448
19:42:23.817766 IP vyrazu-35-ThinkCentre-M70t.36718 > a23-36-30-84.deploy.static.akamaitechnologies.com.https: Flags [.], ack 1449, win 491, options [nop,nop,TS val 1488536035 ecr 529267684], length 0
19:42:23.818522 IP a23-36-30-84.deploy.static.akamaitechnologies.com.https > vyrazu-35-ThinkCentre-M70t.36718: Flags [P.], seq 1449:2897, ack 1906, win 531, options [nop,nop,TS val 529267684 ecr 1488536029], length 1448
19:42:23.818522 IP a23-36-30-84.deploy.static.akamaitechnologies.com.https > vyrazu-35-ThinkCentre-M70t.36718: Flags [P.], seq 2897:4013, ack 1906, win 531, options [nop,nop,TS val 529267684 ecr 1488536029], length 1116
19:42:23.818531 IP vyrazu-35-ThinkCentre-M70t.36718 > a23-36-30-84.deploy.static.akamaitechnologies.com.https: Flags [.], ack 2897, win 480, options [nop,nop,TS val 1488536036 ecr 529267684], length 0
19:42:23.818541 IP vyrazu-35-ThinkCentre-M70t.36718 > a23-36-30-84.deploy.static.akamaitechnologies.com.https: Flags [.], ack 4013, win 472, options [nop,nop,TS val 1488536036 ecr 529267684], length 0
19:42:23.819343 IP vyrazu-35-ThinkCentre-M70t.36718 > a23-36-30-84.deploy.static.akamaitechnologies.com.https: Flags [P.], seq 1906:1986, ack 4013, win 472, options [nop,nop,TS val 1488536037 ecr 529267684], length 80
19:42:23.820004 IP _gateway.domain > vyrazu-35-ThinkCentre-M70t.49720: 47467 0/1/1 (120)
19:42:23.820532 IP _gateway.domain > vyrazu-35-ThinkCentre-M70t.36458: 24317 0/1/1 (120)
19:42:23.821239 IP _gateway.domain > vyrazu-35-ThinkCentre-M70t.55097: 55413 0/1/1 (147)
19:42:23.823051 IP a23-36-30-84.deploy.static.akamaitechnologies.com.https > vyrazu-35-ThinkCentre-M70t.36718: Flags [.], ack 1986, win 531, options [nop,nop,TS val 529267690 ecr 1488536037], length 0
19:42:23.823475 IP a23-36-30-84.deploy.static.akamaitechnologies.com.https > vyrazu-35-ThinkCentre-M70t.36718: Flags [P.], seq 4013:4300, ack 1986, win 531, options [nop,nop,TS val 529267690 ecr 1488536037], length 287
19:42:23.823475 IP a23-36-30-84.deploy.static.akamaitechnologies.com.https > vyrazu-35-ThinkCentre-M70t.36718: Flags [P.], seq 4300:4587, ack 1986, win 531, options [nop,nop,TS val 529267690 ecr 1488536037], length 287
19:42:23.823645 IP vyrazu-35-ThinkCentre-M70t.36718 > a23-36-30-84.deploy.static.akamaitechnologies.com.https: Flags [.], ack 4587, win 468, options [nop,nop,TS val 1488536041 ecr 529267690], length 0
19:42:23.824513 IP _gateway.domain > vyrazu-35-ThinkCentre-M70t.33882: 25230 0/1/1 (147)
19:42:23.826218 IP _gateway.domain > vyrazu-35-ThinkCentre-M70t.59358: 41395 0/1/1 (128)
19:42:23.826579 IP vyrazu-35-ThinkCentre-M70t.56366 > a23-212-164-240.deploy.static.akamaitechnologies.com.https: Flags [S], seq 554279238, win 64240, options [mss 1460,sackOK,TS val 2373590148 ecr 0,nop,wscale 7], length 0
19:42:23.826724 IP 52.57.54.34.bc.googleusercontent.com.https > vyrazu-35-ThinkCentre-M70t.56202: Flags [S.], seq 2472821947, ack 3580151740, win 65535, options [mss 1412,sackOK,TS val 3509674337 ecr 1824366295,nop,wscale 8], length 0
19:42:23.826734 IP vyrazu-35-ThinkCentre-M70t.56202 > 52.57.54.34.bc.googleusercontent.com.https: Flags [.], ack 1, win 502, options [nop,nop,TS val 1824366331 ecr 3509674337], length 0
19:42:23.827129 IP vyrazu-35-ThinkCentre-M70t.56202 > 52.57.54.34.bc.googleusercontent.com.https: Flags [P.], seq 1:1906, ack 1, win 502, options [nop,nop,TS val 1824366331 ecr 3509674337], length 1905
19:42:23.829034 IP a23-212-164-240.deploy.static.akamaitechnologies.com.https > vyrazu-35-ThinkCentre-M70t.56366: Flags [S.], seq 2379677960, ack 554279239, win 65160, options [mss 1384,sackOK,TS val 4136319178 ecr 2373590148,nop,wscale 7], length 0
19:42:23.829078 IP vyrazu-35-ThinkCentre-M70t.56366 > a23-212-164-240.deploy.static.akamaitechnologies.com.https: Flags [.], ack 1, win 502, options [nop,nop,TS val 2373590150 ecr 4136319178], length 0
19:42:23.829326 IP 104.18.86.42.https > vyrazu-35-ThinkCentre-M70t.51304: Flags [S.], seq 1644943698, ack 2974807018, win 65535, options [mss 1400,sackOK,TS val 3993033017 ecr 1498927537,nop,wscale 13], length 0
19:42:23.829335 IP vyrazu-35-ThinkCentre-M70t.51304 > 104.18.86.42.https: Flags [.], ack 1, win 502, options [nop,nop,TS val 1498927574 ecr 3993033017], length 0
19:42:23.829482 IP vyrazu-35-ThinkCentre-M70t.56366 > a23-212-164-240.deploy.static.akamaitechnologies.com.https: Flags [P.], seq 1:1894, ack 1, win 502, options [nop,nop,TS val 2373590151 ecr 4136319178], length 1893
19:42:23.829912 IP vyrazu-35-ThinkCentre-M70t.51304 > 104.18.86.42.https: Flags [P.], seq 1:1903, ack 1, win 502, options [nop,nop,TS val 1498927574 ecr 3993033017], length 1902
19:42:23.830922 IP a23-196-14-48.deploy.static.akamaitechnologies.com.https > vyrazu-35-ThinkCentre-M70t.47012: Flags [S.], seq 3595674290, ack 1774846969, win 65160, options [mss 1384,sackOK,TS val 3037743601 ecr 465351056,nop,wscale 7], length 0
19:42:23.830931 IP vyrazu-35-ThinkCentre-M70t.47012 > a23-196-14-48.deploy.static.akamaitechnologies.com.https: Flags [.], ack 1, win 502, options [nop,nop,TS val 465351093 ecr 3037743601], length 0
19:42:23.831393 IP vyrazu-35-ThinkCentre-M70t.47012 > a23-196-14-48.deploy.static.akamaitechnologies.com.https: Flags [P.], seq 1:1893, ack 1, win 502, options [nop,nop,TS val 465351094 ecr 3037743601], length 1892
19:42:23.833950 IP vyrazu-35-ThinkCentre-M70t.39270 > bom12s11-in-f4.1e100.net.https: Flags [P.], seq 1876133164:1876133203, ack 3507774887, win 447, options [nop,nop,TS val 4258691995 ecr 1821697601], length 39
19:42:23.834013 IP vyrazu-35-ThinkCentre-M70t.37452 > pnbomb-ab-in-f2.1e100.net.https: Flags [P.], seq 1776919019:1776919058, ack 3040679282, win 459, options [nop,nop,TS val 617069816 ecr 1092293200], length 39
19:42:23.834792 IP a23-212-164-240.deploy.static.akamaitechnologies.com.https > vyrazu-35-ThinkCentre-M70t.56366: Flags [.], seq 1:1437, ack 1894, win 501, options [nop,nop,TS val 4136319183 ecr 2373590151], length 1436
19:42:23.834815 IP vyrazu-35-ThinkCentre-M70t.56366 > a23-212-164-240.deploy.static.akamaitechnologies.com.https: Flags [.], ack 1437, win 491, options [nop,nop,TS val 2373590156 ecr 4136319183], length 0
19:42:23.835948 IP a23-212-164-240.deploy.static.akamaitechnologies.com.https > vyrazu-35-ThinkCentre-M70t.56366: Flags [P.], seq 1437:2873, ack 1894, win 501, options [nop,nop,TS val 4136319183 ecr 2373590151], length 1436
19:42:23.835949 IP a23-212-164-240.deploy.static.akamaitechnologies.com.https > vyrazu-35-ThinkCentre-M70t.56366: Flags [P.], seq 2873:3337, ack 1894, win 501, options [nop,nop,TS val 4136319183 ecr 2373590151], length 464
19:42:23.835987 IP vyrazu-35-ThinkCentre-M70t.56366 > a23-212-164-240.deploy.static.akamaitechnologies.com.https: Flags [.], ack 2873, win 480, options [nop,nop,TS val 2373590157 ecr 4136319183], length 0
19:42:23.836003 IP vyrazu-35-ThinkCentre-M70t.56366 > a23-212-164-240.deploy.static.akamaitechnologies.com.https: Flags [.], ack 3337, win 477, options [nop,nop,TS val 2373590157 ecr 4136319183], length 0
19:42:23.836863 IP vyrazu-35-ThinkCentre-M70t.56366 > a23-212-164-240.deploy.static.akamaitechnologies.com.https: Flags [P.], seq 1894:1974, ack 3337, win 477, options [nop,nop,TS val 2373590158 ecr 4136319183], length 80
19:42:23.837221 IP vyrazu-35-ThinkCentre-M70t.56366 > a23-212-164-240.deploy.static.akamaitechnologies.com.https: Flags [P.], seq 1974:2066, ack 3337, win 477, options [nop,nop,TS val 2373590159 ecr 4136319183], length 92
19:42:23.838332 IP 151.101.129.91.https > vyrazu-35-ThinkCentre-M70t.45266: Flags [.], ack 1449, win 289, options [nop,nop,TS val 1562579136 ecr 1264264510], length 0
19:42:23.838661 IP a23-212-164-240.deploy.static.akamaitechnologies.com.https > vyrazu-35-ThinkCentre-M70t.56366: Flags [.], ack 1974, win 501, options [nop,nop,TS val 4136319187 ecr 2373590158], length 0
19:42:23.838661 IP a23-212-164-240.deploy.static.akamaitechnologies.com.https > vyrazu-35-ThinkCentre-M70t.56366: Flags [P.], seq 3337:3608, ack 1974, win 501, options [nop,nop,TS val 4136319188 ecr 2373590158], length 271
19:42:23.838824 IP 151.101.129.91.https > vyrazu-35-ThinkCentre-M70t.45266: Flags [.], ack 1915, win 295, options [nop,nop,TS val 1562579136 ecr 1264264510], length 0
19:42:23.838953 IP a23-212-164-240.deploy.static.akamaitechnologies.com.https > vyrazu-35-ThinkCentre-M70t.56366: Flags [P.], seq 3608:3879, ack 1974, win 501, options [nop,nop,TS val 4136319188 ecr 2373590158], length 271
19:42:23.838976 IP vyrazu-35-ThinkCentre-M70t.56366 > a23-212-164-240.deploy.static.akamaitechnologies.com.https: Flags [.], ack 3879, win 473, options [nop,nop,TS val 2373590160 ecr 4136319188], length 0
19:42:23.839658 IP a23-212-164-240.deploy.static.akamaitechnologies.com.https > vyrazu-35-ThinkCentre-M70t.56366: Flags [.], ack 2066, win 501, options [nop,nop,TS val 4136319188 ecr 2373590159], length 0
19:42:23.840000 IP a23-212-164-240.deploy.static.akamaitechnologies.com.https > vyrazu-35-ThinkCentre-M70t.56366: Flags [P.], seq 3879:3940, ack 2066, win 501, options [nop,nop,TS val 4136319188 ecr 2373590159], length 61
19:42:23.840000 IP a23-212-164-240.deploy.static.akamaitechnologies.com.https > vyrazu-35-ThinkCentre-M70t.56366: Flags [P.], seq 3940:3971, ack 2066, win 501, options [nop,nop,TS val 4136319188 ecr 2373590159], length 31
19:42:23.840006 IP a23-58-120-226.deploy.static.akamaitechnologies.com.https > vyrazu-35-ThinkCentre-M70t.33970: UDP, length 27
19:42:23.840085 IP vyrazu-35-ThinkCentre-M70t.56366 > a23-212-164-240.deploy.static.akamaitechnologies.com.https: Flags [P.], seq 2066:2097, ack 3971, win 473, options [nop,nop,TS val 2373590161 ecr 4136319188], length 31
19:42:23.841653 IP 151.101.129.91.https > vyrazu-35-ThinkCentre-M70t.45266: Flags [P.], seq 1:2889, ack 1915, win 295, options [nop,nop,TS val 1562579138 ecr 1264264510], length 2888
19:42:23.841654 IP 151.101.129.91.https > vyrazu-35-ThinkCentre-M70t.45266: Flags [P.], seq 2889:5777, ack 1915, win 295, options [nop,nop,TS val 1562579138 ecr 1264264510], length 2888
19:42:23.841655 IP 151.101.129.91.https > vyrazu-35-ThinkCentre-M70t.45266: Flags [P.], seq 5777:6176, ack 1915, win 295, options [nop,nop,TS val 1562579138 ecr 1264264510], length 399
19:42:23.841670 IP vyrazu-35-ThinkCentre-M70t.45266 > 151.101.129.91.https: Flags [.], ack 2889, win 480, options [nop,nop,TS val 1264264551 ecr 1562579138], length 0
19:42:23.841681 IP vyrazu-35-ThinkCentre-M70t.45266 > 151.101.129.91.https: Flags [.], ack 5777, win 458, options [nop,nop,TS val 1264264551 ecr 1562579138], length 0
19:42:23.841687 IP vyrazu-35-ThinkCentre-M70t.45266 > 151.101.129.91.https: Flags [.], ack 6176, win 455, options [nop,nop,TS val 1264264551 ecr 1562579138], length 0
19:42:23.841770 IP 172.64.155.119.https > vyrazu-35-ThinkCentre-M70t.58978: Flags [S.], seq 3504508891, ack 550973687, win 65535, options [mss 1400,sackOK,TS val 2334307225 ecr 3815749792,nop,wscale 13], length 0
19:42:23.841782 IP vyrazu-35-ThinkCentre-M70t.58978 > 172.64.155.119.https: Flags [.], ack 1, win 502, options [nop,nop,TS val 3815749830 ecr 2334307225], length 0
19:42:23.842969 IP vyrazu-35-ThinkCentre-M70t.58978 > 172.64.155.119.https: Flags [P.], seq 1:1910, ack 1, win 502, options [nop,nop,TS val 3815749831 ecr 2334307225], length 1909
19:42:23.843134 IP bom12s20-in-f8.1e100.net.https > vyrazu-35-ThinkCentre-M70t.42638: Flags [.], ack 1401, win 1045, options [nop,nop,TS val 344718125 ecr 926598331], length 0
19:42:23.843202 IP vyrazu-35-ThinkCentre-M70t.45266 > 151.101.129.91.https: Flags [P.], seq 1915:1979, ack 6176, win 455, options [nop,nop,TS val 1264264553 ecr 1562579138], length 64
19:42:23.843597 IP vyrazu-35-ThinkCentre-M70t.45266 > 151.101.129.91.https: Flags [P.], seq 1979:2071, ack 6176, win 455, options [nop,nop,TS val 1264264553 ecr 1562579138], length 92
19:42:23.843791 IP bom12s20-in-f8.1e100.net.https > vyrazu-35-ThinkCentre-M70t.42638: Flags [.], ack 1910, win 1044, options [nop,nop,TS val 344718125 ecr 926598331], length 0
19:42:23.844112 IP _gateway.domain > vyrazu-35-ThinkCentre-M70t.35270: 24273 0/1/1 (126)
19:42:23.844741 IP bom12s20-in-f8.1e100.net.https > vyrazu-35-ThinkCentre-M70t.42638: Flags [P.], seq 1:2801, ack 1910, win 1044, options [nop,nop,TS val 344718126 ecr 926598331], length 2800
19:42:23.844741 IP bom12s20-in-f8.1e100.net.https > vyrazu-35-ThinkCentre-M70t.42638: Flags [.], seq 2801:4201, ack 1910, win 1044, options [nop,nop,TS val 344718126 ecr 926598331], length 1400
19:42:23.844749 IP vyrazu-35-ThinkCentre-M70t.42638 > bom12s20-in-f8.1e100.net.https: Flags [.], ack 2801, win 481, options [nop,nop,TS val 926598368 ecr 344718126], length 0
19:42:23.844756 IP vyrazu-35-ThinkCentre-M70t.42638 > bom12s20-in-f8.1e100.net.https: Flags [.], ack 4201, win 471, options [nop,nop,TS val 926598368 ecr 344718126], length 0
19:42:23.845178 IP 172.64.155.119.https > vyrazu-35-ThinkCentre-M70t.58968: Flags [.], ack 1910, win 17, options [nop,nop,TS val 690937224 ecr 3815749798], length 0
19:42:23.845413 IP vyrazu-35-ThinkCentre-M70t.49022 > 151.101.193.167.https: Flags [S], seq 3030849042, win 64240, options [mss 1460,sackOK,TS val 3702254741 ecr 0,nop,wscale 7], length 0
19:42:23.845880 IP bom12s20-in-f8.1e100.net.https > vyrazu-35-ThinkCentre-M70t.42638: Flags [P.], seq 4201:5601, ack 1910, win 1044, options [nop,nop,TS val 344718126 ecr 926598331], length 1400
19:42:23.845921 IP vyrazu-35-ThinkCentre-M70t.42638 > bom12s20-in-f8.1e100.net.https: Flags [.], ack 5601, win 461, options [nop,nop,TS val 926598369 ecr 344718126], length 0
19:42:23.845948 IP bom12s20-in-f8.1e100.net.https > vyrazu-35-ThinkCentre-M70t.42638: Flags [P.], seq 5601:5805, ack 1910, win 1044, options [nop,nop,TS val 344718126 ecr 926598331], length 204
19:42:23.845953 IP vyrazu-35-ThinkCentre-M70t.42638 > bom12s20-in-f8.1e100.net.https: Flags [.], ack 5805, win 460, options [nop,nop,TS val 926598369 ecr 344718126], length 0
19:42:23.846486 IP vyrazu-35-ThinkCentre-M70t.42638 > bom12s20-in-f8.1e100.net.https: Flags [P.], seq 1910:1974, ack 5805, win 460, options [nop,nop,TS val 926598370 ecr 344718126], length 64
19:42:23.846533 IP vyrazu-35-ThinkCentre-M70t.45266 > 151.101.129.91.https: Flags [P.], seq 2071:2360, ack 6176, win 455, options [nop,nop,TS val 1264264556 ecr 1562579138], length 289
19:42:23.846666 IP vyrazu-35-ThinkCentre-M70t.42638 > bom12s20-in-f8.1e100.net.https: Flags [P.], seq 1974:2066, ack 5805, win 460, options [nop,nop,TS val 926598370 ecr 344718126], length 92
19:42:23.848024 IP 172.64.155.119.https > vyrazu-35-ThinkCentre-M70t.58968: Flags [.], seq 1:1449, ack 1910, win 17, options [nop,nop,TS val 690937227 ecr 3815749798], length 1448
19:42:23.848031 IP vyrazu-35-ThinkCentre-M70t.58968 > 172.64.155.119.https: Flags [.], ack 1449, win 491, options [nop,nop,TS val 3815749836 ecr 690937227], length 0
19:42:23.848453 IP 172.64.155.119.https > vyrazu-35-ThinkCentre-M70t.58968: Flags [P.], seq 1449:3453, ack 1910, win 17, options [nop,nop,TS val 690937227 ecr 3815749798], length 2004
19:42:23.848461 IP vyrazu-35-ThinkCentre-M70t.58968 > 172.64.155.119.https: Flags [.], ack 3453, win 476, options [nop,nop,TS val 3815749837 ecr 690937227], length 0
19:42:23.848562 IP 172.64.155.119.https > vyrazu-35-ThinkCentre-M70t.58962: Flags [.], ack 1389, win 17, options [nop,nop,TS val 3295597439 ecr 3815749800], length 0
19:42:23.848730 IP 151.101.193.167.https > vyrazu-35-ThinkCentre-M70t.49022: Flags [S.], seq 3284864542, ack 3030849043, win 65535, options [mss 1460,sackOK,TS val 550183152 ecr 3702254741,nop,wscale 9], length 0
19:42:23.848739 IP vyrazu-35-ThinkCentre-M70t.49022 > 151.101.193.167.https: Flags [.], ack 1, win 502, options [nop,nop,TS val 3702254744 ecr 550183152], length 0
19:42:23.848928 IP vyrazu-35-ThinkCentre-M70t.58968 > 172.64.155.119.https: Flags [P.], seq 1910:1974, ack 3453, win 476, options [nop,nop,TS val 3815749837 ecr 690937227], length 64
19:42:23.849058 IP 172.64.155.119.https > vyrazu-35-ThinkCentre-M70t.58962: Flags [.], ack 1910, win 17, options [nop,nop,TS val 3295597440 ecr 3815749800], length 0
19:42:23.849190 IP vyrazu-35-ThinkCentre-M70t.58968 > 172.64.155.119.https: Flags [P.], seq 1974:2066, ack 3453, win 476, options [nop,nop,TS val 3815749838 ecr 690937227], length 92
19:42:23.849510 IP vyrazu-35-ThinkCentre-M70t.58968 > 172.64.155.119.https: Flags [P.], seq 2066:2364, ack 3453, win 476, options [nop,nop,TS val 3815749838 ecr 690937227], length 298
19:42:23.849540 IP vyrazu-35-ThinkCentre-M70t.49022 > 151.101.193.167.https: Flags [P.], seq 1:1903, ack 1, win 502, options [nop,nop,TS val 3702254745 ecr 550183152], length 1902
19:42:23.852365 IP 151.101.193.167.https > vyrazu-35-ThinkCentre-M70t.49022: Flags [.], ack 1903, win 291, options [nop,nop,TS val 550183156 ecr 3702254745], length 0
19:42:23.853050 IP 172.64.155.119.https > vyrazu-35-ThinkCentre-M70t.58962: Flags [.], seq 1:1449, ack 1910, win 17, options [nop,nop,TS val 3295597444 ecr 3815749800], length 1448
19:42:23.853064 IP vyrazu-35-ThinkCentre-M70t.58962 > 172.64.155.119.https: Flags [.], ack 1449, win 491, options [nop,nop,TS val 3815749841 ecr 3295597444], length 0
19:42:23.854020 IP 172.64.155.119.https > vyrazu-35-ThinkCentre-M70t.58962: Flags [.], seq 1449:2897, ack 1910, win 17, options [nop,nop,TS val 3295597444 ecr 3815749800], length 1448
19:42:23.854053 IP vyrazu-35-ThinkCentre-M70t.58962 > 172.64.155.119.https: Flags [.], ack 2897, win 480, options [nop,nop,TS val 3815749842 ecr 3295597444], length 0
19:42:23.854621 IP 151.101.193.167.https > vyrazu-35-ThinkCentre-M70t.49022: Flags [P.], seq 1:4706, ack 1903, win 291, options [nop,nop,TS val 550183157 ecr 3702254745], length 4705
19:42:23.854655 IP vyrazu-35-ThinkCentre-M70t.49022 > 151.101.193.167.https: Flags [.], ack 4706, win 466, options [nop,nop,TS val 3702254750 ecr 550183157], length 0
19:42:23.854718 IP 172.64.155.119.https > vyrazu-35-ThinkCentre-M70t.58962: Flags [P.], seq 2897:3452, ack 1910, win 17, options [nop,nop,TS val 3295597444 ecr 3815749800], length 555
19:42:23.854721 IP vyrazu-35-ThinkCentre-M70t.58962 > 172.64.155.119.https: Flags [.], ack 3452, win 476, options [nop,nop,TS val 3815749843 ecr 3295597444], length 0
19:42:23.855303 IP vyrazu-35-ThinkCentre-M70t.49022 > 151.101.193.167.https: Flags [P.], seq 1903:1996, ack 4706, win 466, options [nop,nop,TS val 3702254751 ecr 550183157], length 93
19:42:23.855778 IP vyrazu-35-ThinkCentre-M70t.58962 > 172.64.155.119.https: Flags [P.], seq 1910:1974, ack 3452, win 476, options [nop,nop,TS val 3815749844 ecr 3295597444], length 64
19:42:23.855976 IP vyrazu-35-ThinkCentre-M70t.58962 > 172.64.155.119.https: Flags [P.], seq 1974:2083, ack 3452, win 476, options [nop,nop,TS val 3815749844 ecr 3295597444], length 109
19:42:23.858320 IP server-13-35-20-11.ccu50.r.cloudfront.net.https > vyrazu-35-ThinkCentre-M70t.34738: Flags [.], ack 2095, win 140, options [nop,nop,TS val 1719113945 ecr 587668166], length 0
19:42:23.858983 IP 151.101.193.167.https > vyrazu-35-ThinkCentre-M70t.49022: Flags [.], ack 1996, win 291, options [nop,nop,TS val 550183162 ecr 3702254751], length 0
19:42:23.859407 IP 151.101.193.167.https > vyrazu-35-ThinkCentre-M70t.49022: Flags [P.], seq 4706:4964, ack 1996, win 291, options [nop,nop,TS val 550183162 ecr 3702254751], length 258
19:42:23.860023 IP vyrazu-35-ThinkCentre-M70t.49022 > 151.101.193.167.https: Flags [P.], seq 1996:2095, ack 4964, win 464, options [nop,nop,TS val 3702254755 ecr 550183162], length 99
19:42:23.862004 IP 151.101.193.167.https > vyrazu-35-ThinkCentre-M70t.49022: Flags [.], ack 2095, win 291, options [nop,nop,TS val 550183165 ecr 3702254755], length 0
19:42:23.862523 IP 151.101.193.167.https > vyrazu-35-ThinkCentre-M70t.49022: Flags [P.], seq 4964:5036, ack 2095, win 291, options [nop,nop,TS val 550183165 ecr 3702254755], length 72
19:42:23.862695 IP vyrazu-35-ThinkCentre-M70t.49022 > 151.101.193.167.https: Flags [P.], seq 2095:2133, ack 5036, win 464, options [nop,nop,TS val 3702254758 ecr 550183165], length 38
19:42:23.862899 IP 52.57.54.34.bc.googleusercontent.com.https > vyrazu-35-ThinkCentre-M70t.56202: Flags [.], ack 1401, win 1045, options [nop,nop,TS val 3509674373 ecr 1824366331], length 0
19:42:23.864108 IP 52.57.54.34.bc.googleusercontent.com.https > vyrazu-35-ThinkCentre-M70t.56202: Flags [.], ack 1906, win 1044, options [nop,nop,TS val 3509674374 ecr 1824366331], length 0
19:42:23.864857 IP 151.101.193.167.https > vyrazu-35-ThinkCentre-M70t.49022: Flags [.], ack 2133, win 291, options [nop,nop,TS val 550183168 ecr 3702254758], length 0
19:42:23.866735 IP 104.18.86.42.https > vyrazu-35-ThinkCentre-M70t.51304: Flags [.], ack 1389, win 16, options [nop,nop,TS val 3993033054 ecr 1498927574], length 0
19:42:23.867015 IP 104.18.86.42.https > vyrazu-35-ThinkCentre-M70t.51304: Flags [.], ack 1903, win 16, options [nop,nop,TS val 3993033054 ecr 1498927574], length 0
19:42:23.867575 IP a23-196-14-48.deploy.static.akamaitechnologies.com.https > vyrazu-35-ThinkCentre-M70t.47012: Flags [.], ack 1373, win 524, options [nop,nop,TS val 3037743638 ecr 465351094], length 0
19:42:23.868131 IP 104.18.86.42.https > vyrazu-35-ThinkCentre-M70t.51304: Flags [P.], seq 1:3461, ack 1903, win 16, options [nop,nop,TS val 3993033056 ecr 1498927574], length 3460
19:42:23.868136 IP a23-196-14-48.deploy.static.akamaitechnologies.com.https > vyrazu-35-ThinkCentre-M70t.47012: Flags [.], ack 1893, win 545, options [nop,nop,TS val 3037743639 ecr 465351094], length 0
19:42:23.868190 IP vyrazu-35-ThinkCentre-M70t.51304 > 104.18.86.42.https: Flags [.], ack 3461, win 475, options [nop,nop,TS val 1498927612 ecr 3993033056], length 0
19:42:23.869137 IP vyrazu-35-ThinkCentre-M70t.51304 > 104.18.86.42.https: Flags [P.], seq 1903:1967, ack 3461, win 475, options [nop,nop,TS val 1498927613 ecr 3993033056], length 64
19:42:23.869398 IP vyrazu-35-ThinkCentre-M70t.51304 > 104.18.86.42.https: Flags [P.], seq 1967:2059, ack 3461, win 475, options [nop,nop,TS val 1498927614 ecr 3993033056], length 92
19:42:23.869424 IP pnbomb-ab-in-f2.1e100.net.https > vyrazu-35-ThinkCentre-M70t.37452: Flags [.], ack 39, win 1072, options [nop,nop,TS val 1092351486 ecr 617069816], length 0
19:42:23.870368 IP pnbomb-ab-in-f2.1e100.net.https > vyrazu-35-ThinkCentre-M70t.37452: Flags [P.], seq 1:40, ack 39, win 1072, options [nop,nop,TS val 1092351486 ecr 617069816], length 39
19:42:23.870374 IP vyrazu-35-ThinkCentre-M70t.37452 > pnbomb-ab-in-f2.1e100.net.https: Flags [.], ack 40, win 459, options [nop,nop,TS val 617069853 ecr 1092351486], length 0
19:42:23.870378 IP a23-196-14-48.deploy.static.akamaitechnologies.com.https > vyrazu-35-ThinkCentre-M70t.47012: Flags [P.], seq 1449:2897, ack 1893, win 545, options [nop,nop,TS val 3037743640 ecr 465351094], length 1448
19:42:23.870379 IP a23-196-14-48.deploy.static.akamaitechnologies.com.https > vyrazu-35-ThinkCentre-M70t.47012: Flags [.], seq 1:1449, ack 1893, win 545, options [nop,nop,TS val 3037743640 ecr 465351094], length 1448
19:42:23.870379 IP a23-196-14-48.deploy.static.akamaitechnologies.com.https > vyrazu-35-ThinkCentre-M70t.47012: Flags [P.], seq 2897:4097, ack 1893, win 545, options [nop,nop,TS val 3037743640 ecr 465351094], length 1200
19:42:23.870379 IP a23-196-14-48.deploy.static.akamaitechnologies.com.https > vyrazu-35-ThinkCentre-M70t.47012: Flags [P.], seq 4097:4152, ack 1893, win 545, options [nop,nop,TS val 3037743640 ecr 465351094], length 55
19:42:23.870388 IP vyrazu-35-ThinkCentre-M70t.47012 > a23-196-14-48.deploy.static.akamaitechnologies.com.https: Flags [.], ack 1, win 502, options [nop,nop,TS val 465351133 ecr 3037743639,nop,nop,sack 1 {1449:2897}], length 0
19:42:23.870395 IP vyrazu-35-ThinkCentre-M70t.47012 > a23-196-14-48.deploy.static.akamaitechnologies.com.https: Flags [.], ack 2897, win 480, options [nop,nop,TS val 465351133 ecr 3037743640], length 0
19:42:23.870399 IP vyrazu-35-ThinkCentre-M70t.47012 > a23-196-14-48.deploy.static.akamaitechnologies.com.https: Flags [.], ack 4097, win 471, options [nop,nop,TS val 465351133 ecr 3037743640], length 0
19:42:23.870402 IP vyrazu-35-ThinkCentre-M70t.47012 > a23-196-14-48.deploy.static.akamaitechnologies.com.https: Flags [.], ack 4152, win 471, options [nop,nop,TS val 465351133 ecr 3037743640], length 0
19:42:23.871393 IP bom12s11-in-f4.1e100.net.https > vyrazu-35-ThinkCentre-M70t.39270: Flags [.], ack 39, win 1042, options [nop,nop,TS val 1821756586 ecr 4258691995], length 0
19:42:23.871394 IP bom12s11-in-f4.1e100.net.https > vyrazu-35-ThinkCentre-M70t.39270: Flags [P.], seq 1:40, ack 39, win 1042, options [nop,nop,TS val 1821756586 ecr 4258691995], length 39
19:42:23.871649 IP vyrazu-35-ThinkCentre-M70t.47012 > a23-196-14-48.deploy.static.akamaitechnologies.com.https: Flags [P.], seq 1893:1973, ack 4152, win 471, options [nop,nop,TS val 465351134 ecr 3037743640], length 80
19:42:23.879536 IP 172.64.155.119.https > vyrazu-35-ThinkCentre-M70t.58978: Flags [.], ack 1910, win 17, options [nop,nop,TS val 2334307264 ecr 3815749831], length 0
19:42:23.881817 IP a23-212-164-240.deploy.static.akamaitechnologies.com.https > vyrazu-35-ThinkCentre-M70t.56366: Flags [.], ack 2097, win 501, options [nop,nop,TS val 4136319231 ecr 2373590161], length 0
19:42:23.882212 IP 172.64.155.119.https > vyrazu-35-ThinkCentre-M70t.58978: Flags [.], seq 1:1449, ack 1910, win 17, options [nop,nop,TS val 2334307266 ecr 3815749831], length 1448
19:42:23.882238 IP vyrazu-35-ThinkCentre-M70t.58978 > 172.64.155.119.https: Flags [.], ack 1449, win 491, options [nop,nop,TS val 3815749871 ecr 2334307266], length 0
19:42:23.882543 IP bom12s20-in-f8.1e100.net.https > vyrazu-35-ThinkCentre-M70t.42638: Flags [P.], seq 5805:6421, ack 1974, win 1044, options [nop,nop,TS val 344718164 ecr 926598370], length 616
19:42:23.883014 IP vyrazu-35-ThinkCentre-M70t.42638 > bom12s20-in-f8.1e100.net.https: Flags [P.], seq 2066:2097, ack 6421, win 456, options [nop,nop,TS val 926598406 ecr 344718164], length 31
19:42:23.883405 IP bom12s20-in-f8.1e100.net.https > vyrazu-35-ThinkCentre-M70t.42638: Flags [P.], seq 6421:6452, ack 2066, win 1044, options [nop,nop,TS val 344718165 ecr 926598370], length 31
19:42:23.884094 IP 172.64.155.119.https > vyrazu-35-ThinkCentre-M70t.58978: Flags [P.], seq 1449:3454, ack 1910, win 17, options [nop,nop,TS val 2334307266 ecr 3815749831], length 2005
19:42:23.884118 IP vyrazu-35-ThinkCentre-M70t.58978 > 172.64.155.119.https: Flags [.], ack 3454, win 476, options [nop,nop,TS val 3815749872 ecr 2334307266], length 0
19:42:23.884264 IP 151.101.129.91.https > vyrazu-35-ThinkCentre-M70t.45266: Flags [.], ack 2360, win 300, options [nop,nop,TS val 1562579181 ecr 1264264556], length 0
19:42:23.884264 IP 151.101.129.91.https > vyrazu-35-ThinkCentre-M70t.45266: Flags [P.], seq 6176:6241, ack 2360, win 300, options [nop,nop,TS val 1562579182 ecr 1264264556], length 65
19:42:23.884882 IP 172.64.155.119.https > vyrazu-35-ThinkCentre-M70t.58968: Flags [.], ack 2364, win 17, options [nop,nop,TS val 690937263 ecr 3815749837], length 0
19:42:23.884883 IP 172.64.155.119.https > vyrazu-35-ThinkCentre-M70t.58968: Flags [P.], seq 3453:3974, ack 2364, win 17, options [nop,nop,TS val 690937263 ecr 3815749837], length 521
19:42:23.885299 IP vyrazu-35-ThinkCentre-M70t.45266 > 151.101.129.91.https: Flags [P.], seq 2360:2391, ack 6241, win 455, options [nop,nop,TS val 1264264595 ecr 1562579182], length 31
19:42:23.885563 IP vyrazu-35-ThinkCentre-M70t.58968 > 172.64.155.119.https: Flags [P.], seq 2364:2395, ack 3974, win 472, options [nop,nop,TS val 3815749874 ecr 690937263], length 31
19:42:23.885697 IP vyrazu-35-ThinkCentre-M70t.58978 > 172.64.155.119.https: Flags [P.], seq 1910:1974, ack 3454, win 476, options [nop,nop,TS val 3815749874 ecr 2334307266], length 64
19:42:23.885821 IP 151.101.129.91.https > vyrazu-35-ThinkCentre-M70t.45266: Flags [P.], seq 6241:9129, ack 2360, win 300, options [nop,nop,TS val 1562579183 ecr 1264264556], length 2888
19:42:23.885822 IP 151.101.129.91.https > vyrazu-35-ThinkCentre-M70t.45266: Flags [P.], seq 9129:12017, ack 2360, win 300, options [nop,nop,TS val 1562579183 ecr 1264264556], length 2888
19:42:23.885875 IP vyrazu-35-ThinkCentre-M70t.45266 > 151.101.129.91.https: Flags [.], ack 12017, win 410, options [nop,nop,TS val 1264264595 ecr 1562579183], length 0
19:42:23.886307 IP vyrazu-35-ThinkCentre-M70t.58978 > 172.64.155.119.https: Flags [P.], seq 1974:2066, ack 3454, win 476, options [nop,nop,TS val 3815749875 ecr 2334307266], length 92
19:42:23.886327 IP vyrazu-35-ThinkCentre-M70t.58978 > 172.64.155.119.https: Flags [P.], seq 2066:2377, ack 3454, win 476, options [nop,nop,TS val 3815749875 ecr 2334307266], length 311
19:42:23.887049 IP 104.18.86.42.https > vyrazu-35-ThinkCentre-M70t.51272: Flags [.], ack 2090, win 17, options [nop,nop,TS val 3335222409 ecr 1498927554], length 0
19:42:23.887523 IP 151.101.129.91.https > vyrazu-35-ThinkCentre-M70t.45266: Flags [P.], seq 12017:14905, ack 2360, win 300, options [nop,nop,TS val 1562579184 ecr 1264264556], length 2888
19:42:23.887772 IP vyrazu-35-ThinkCentre-M70t.45266 > 151.101.129.91.https: Flags [.], ack 14905, win 388, options [nop,nop,TS val 1264264597 ecr 1562579184], length 0
19:42:23.888096 IP 151.101.129.91.https > vyrazu-35-ThinkCentre-M70t.45266: Flags [P.], seq 14905:17793, ack 2360, win 300, options [nop,nop,TS val 1562579185 ecr 1264264556], length 2888
19:42:23.888114 IP vyrazu-35-ThinkCentre-M70t.45266 > 151.101.129.91.https: Flags [.], ack 17793, win 366, options [nop,nop,TS val 1264264597 ecr 1562579185], length 0
19:42:23.889277 IP 151.101.129.91.https > vyrazu-35-ThinkCentre-M70t.45266: Flags [P.], seq 17793:20681, ack 2360, win 300, options [nop,nop,TS val 1562579187 ecr 1264264556], length 2888
19:42:23.889344 IP vyrazu-35-ThinkCentre-M70t.45266 > 151.101.129.91.https: Flags [.], ack 20681, win 344, options [nop,nop,TS val 1264264599 ecr 1562579187], length 0
19:42:23.890809 IP 151.101.129.91.https > vyrazu-35-ThinkCentre-M70t.45266: Flags [P.], seq 20681:23569, ack 2360, win 300, options [nop,nop,TS val 1562579188 ecr 1264264556], length 2888
19:42:23.890924 IP vyrazu-35-ThinkCentre-M70t.45266 > 151.101.129.91.https: Flags [.], ack 23569, win 322, options [nop,nop,TS val 1264264600 ecr 1562579188], length 0
19:42:23.892162 IP 151.101.129.91.https > vyrazu-35-ThinkCentre-M70t.45266: Flags [P.], seq 23569:26457, ack 2360, win 300, options [nop,nop,TS val 1562579190 ecr 1264264556], length 2888
19:42:23.892290 IP vyrazu-35-ThinkCentre-M70t.45266 > 151.101.129.91.https: Flags [.], ack 26457, win 300, options [nop,nop,TS val 1264264602 ecr 1562579190], length 0
19:42:23.893260 IP 172.64.155.119.https > vyrazu-35-ThinkCentre-M70t.58962: Flags [.], ack 2083, win 17, options [nop,nop,TS val 3295597484 ecr 3815749844], length 0
19:42:23.894043 IP 172.64.155.119.https > vyrazu-35-ThinkCentre-M70t.58962: Flags [P.], seq 3452:3973, ack 2083, win 17, options [nop,nop,TS val 3295597484 ecr 3815749844], length 521
19:42:23.894363 IP 151.101.129.91.https > vyrazu-35-ThinkCentre-M70t.45266: Flags [P.], seq 26457:27985, ack 2360, win 300, options [nop,nop,TS val 1562579191 ecr 1264264556], length 1528
19:42:23.894380 IP vyrazu-35-ThinkCentre-M70t.45266 > 151.101.129.91.https: Flags [.], ack 27985, win 306, options [nop,nop,TS val 1264264604 ecr 1562579191], length 0
19:42:23.894561 IP vyrazu-35-ThinkCentre-M70t.58962 > 172.64.155.119.https: Flags [P.], seq 2083:2107, ack 3973, win 472, options [nop,nop,TS val 3815749883 ecr 3295597484], length 24
19:42:23.894576 IP vyrazu-35-ThinkCentre-M70t.58962 > 172.64.155.119.https: Flags [F.], seq 2107, ack 3973, win 472, options [nop,nop,TS val 3815749883 ecr 3295597484], length 0
19:42:23.906255 IP 172.64.155.119.https > vyrazu-35-ThinkCentre-M70t.58968: Flags [P.], seq 3974:4130, ack 2364, win 17, options [nop,nop,TS val 690937285 ecr 3815749837], length 156
19:42:23.906698 IP 104.18.86.42.https > vyrazu-35-ThinkCentre-M70t.51304: Flags [.], ack 2059, win 16, options [nop,nop,TS val 3993033094 ecr 1498927613], length 0
19:42:23.906698 IP 104.18.86.42.https > vyrazu-35-ThinkCentre-M70t.51304: Flags [P.], seq 3461:3982, ack 2059, win 16, options [nop,nop,TS val 3993033094 ecr 1498927613], length 521
19:42:23.906706 IP 172.64.155.119.https > vyrazu-35-ThinkCentre-M70t.58968: Flags [P.], seq 4130:4259, ack 2364, win 17, options [nop,nop,TS val 690937285 ecr 3815749837], length 129
19:42:23.906706 IP 172.64.155.119.https > vyrazu-35-ThinkCentre-M70t.58968: Flags [P.], seq 4259:4290, ack 2364, win 17, options [nop,nop,TS val 690937285 ecr 3815749837], length 31
19:42:23.906816 IP vyrazu-35-ThinkCentre-M70t.58968 > 172.64.155.119.https: Flags [.], ack 4290, win 470, options [nop,nop,TS val 3815749895 ecr 690937285], length 0
19:42:23.907220 IP vyrazu-35-ThinkCentre-M70t.51304 > 104.18.86.42.https: Flags [P.], seq 2059:2090, ack 3982, win 471, options [nop,nop,TS val 1498927652 ecr 3993033094], length 31
19:42:23.907958 IP a23-196-14-48.deploy.static.akamaitechnologies.com.https > vyrazu-35-ThinkCentre-M70t.47012: Flags [P.], seq 4152:4439, ack 1973, win 545, options [nop,nop,TS val 3037743678 ecr 465351134], length 287
19:42:23.908369 IP a23-196-14-48.deploy.static.akamaitechnologies.com.https > vyrazu-35-ThinkCentre-M70t.47012: Flags [P.], seq 4439:4726, ack 1973, win 545, options [nop,nop,TS val 3037743678 ecr 465351134], length 287
19:42:23.913220 IP vyrazu-35-ThinkCentre-M70t.41786 > ec2-3-6-30-85.ap-south-1.compute.amazonaws.com.http: Flags [.], ack 1, win 501, options [nop,nop,TS val 3268738292 ecr 1456131881], length 0
19:42:23.913281 IP vyrazu-35-ThinkCentre-M70t.39270 > bom12s11-in-f4.1e100.net.https: Flags [.], ack 40, win 447, options [nop,nop,TS val 4258692075 ecr 1821756586], length 0
19:42:23.919404 IP vyrazu-35-ThinkCentre-M70t.52854 > _gateway.domain: 13473+ [1au] HTTPS? i.vimeocdn.com. (43)
19:42:23.919469 IP vyrazu-35-ThinkCentre-M70t.41408 > _gateway.domain: 38412+ [1au] A? i.vimeocdn.com. (43)
19:42:23.919514 IP vyrazu-35-ThinkCentre-M70t.33641 > _gateway.domain: 59896+ [1au] AAAA? i.vimeocdn.com. (43)
19:42:23.922308 IP 172.64.155.119.https > vyrazu-35-ThinkCentre-M70t.58978: Flags [.], ack 2377, win 17, options [nop,nop,TS val 2334307306 ecr 3815749874], length 0
19:42:23.922717 IP 172.64.155.119.https > vyrazu-35-ThinkCentre-M70t.58978: Flags [P.], seq 3454:3975, ack 2377, win 17, options [nop,nop,TS val 2334307306 ecr 3815749874], length 521
19:42:23.923048 IP vyrazu-35-ThinkCentre-M70t.58978 > 172.64.155.119.https: Flags [P.], seq 2377:2408, ack 3975, win 472, options [nop,nop,TS val 3815749911 ecr 2334307306], length 31
19:42:23.923146 IP 151.101.129.91.https > vyrazu-35-ThinkCentre-M70t.45266: Flags [.], ack 2391, win 300, options [nop,nop,TS val 1562579221 ecr 1264264595], length 0
19:42:23.924176 IP vyrazu-35-ThinkCentre-M70t.42638 > bom12s20-in-f8.1e100.net.https: Flags [.], ack 6452, win 456, options [nop,nop,TS val 926598448 ecr 344718165], length 0
19:42:23.926493 IP bom12s20-in-f8.1e100.net.https > vyrazu-35-ThinkCentre-M70t.42638: Flags [.], ack 2097, win 1044, options [nop,nop,TS val 344718208 ecr 926598406], length 0
19:42:23.932050 IP 52.57.54.34.bc.googleusercontent.com.https > vyrazu-35-ThinkCentre-M70t.56202: Flags [.], seq 1:1401, ack 1906, win 1044, options [nop,nop,TS val 3509674443 ecr 1824366331], length 1400
19:42:23.932060 IP vyrazu-35-ThinkCentre-M70t.56202 > 52.57.54.34.bc.googleusercontent.com.https: Flags [.], ack 1401, win 492, options [nop,nop,TS val 1824366436 ecr 3509674443], length 0
19:42:23.932905 IP 52.57.54.34.bc.googleusercontent.com.https > vyrazu-35-ThinkCentre-M70t.56202: Flags [P.], seq 1401:2801, ack 1906, win 1044, options [nop,nop,TS val 3509674443 ecr 1824366331], length 1400
19:42:23.932905 IP 52.57.54.34.bc.googleusercontent.com.https > vyrazu-35-ThinkCentre-M70t.56202: Flags [P.], seq 2801:4509, ack 1906, win 1044, options [nop,nop,TS val 3509674443 ecr 1824366331], length 1708
19:42:23.932914 IP vyrazu-35-ThinkCentre-M70t.56202 > 52.57.54.34.bc.googleusercontent.com.https: Flags [.], ack 2801, win 482, options [nop,nop,TS val 1824366437 ecr 3509674443], length 0
19:42:23.932921 IP vyrazu-35-ThinkCentre-M70t.56202 > 52.57.54.34.bc.googleusercontent.com.https: Flags [.], ack 4509, win 469, options [nop,nop,TS val 1824366437 ecr 3509674443], length 0
19:42:23.933053 IP 172.64.155.119.https > vyrazu-35-ThinkCentre-M70t.58962: Flags [F.], seq 3973, ack 2108, win 17, options [nop,nop,TS val 3295597523 ecr 3815749883], length 0
19:42:23.933081 IP vyrazu-35-ThinkCentre-M70t.58962 > 172.64.155.119.https: Flags [.], ack 3974, win 472, options [nop,nop,TS val 3815749921 ecr 3295597523], length 0
19:42:23.934505 IP vyrazu-35-ThinkCentre-M70t.56202 > 52.57.54.34.bc.googleusercontent.com.https: Flags [P.], seq 1906:1970, ack 4509, win 469, options [nop,nop,TS val 1824366439 ecr 3509674443], length 64
19:42:23.934740 IP vyrazu-35-ThinkCentre-M70t.56202 > 52.57.54.34.bc.googleusercontent.com.https: Flags [P.], seq 1970:2062, ack 4509, win 469, options [nop,nop,TS val 1824366439 ecr 3509674443], length 92
19:42:23.945931 IP ec2-3-6-30-85.ap-south-1.compute.amazonaws.com.http > vyrazu-35-ThinkCentre-M70t.41786: Flags [.], ack 1, win 2098, options [nop,nop,TS val 1456132915 ecr 3268723855], length 0
19:42:23.949222 IP vyrazu-35-ThinkCentre-M70t.47012 > a23-196-14-48.deploy.static.akamaitechnologies.com.https: Flags [.], ack 4726, win 467, options [nop,nop,TS val 465351212 ecr 3037743678], length 0
19:42:23.951261 IP vyrazu-35-ThinkCentre-M70t.60624 > 172.64.144.122.https: Flags [S], seq 285273880, win 64240, options [mss 1460,sackOK,TS val 3673309669 ecr 0,nop,wscale 7], length 0
19:42:23.959099 IP _gateway.domain > vyrazu-35-ThinkCentre-M70t.41408: 38412 5/0/1 CNAME vimeo.map.fastly.net., A 151.101.0.217, A 151.101.64.217, A 151.101.192.217, A 151.101.128.217 (141)
19:42:23.959513 IP _gateway.domain > vyrazu-35-ThinkCentre-M70t.52854: 13473 1/1/1 CNAME vimeo.map.fastly.net. (135)
19:42:23.959669 IP vyrazu-35-ThinkCentre-M70t.52307 > _gateway.domain: 36312+ [1au] HTTPS? vimeo.map.fastly.net. (49)
19:42:23.960354 IP _gateway.domain > vyrazu-35-ThinkCentre-M70t.33641: 59896 1/1/1 CNAME vimeo.map.fastly.net. (135)
19:42:23.960530 IP vyrazu-35-ThinkCentre-M70t.55592 > _gateway.domain: 46971+ [1au] AAAA? vimeo.map.fastly.net. (49)
19:42:23.961625 IP lb-140-82-113-26-iad.github.com.https > vyrazu-35-ThinkCentre-M70t.54152: Flags [P.], seq 74:147, ack 377, win 88, options [nop,nop,TS val 2005469660 ecr 860571691], length 73
19:42:23.961639 IP vyrazu-35-ThinkCentre-M70t.54152 > lb-140-82-113-26-iad.github.com.https: Flags [.], ack 147, win 470, options [nop,nop,TS val 860571954 ecr 2005469660], length 0
19:42:23.962573 IP 172.64.155.119.https > vyrazu-35-ThinkCentre-M70t.58968: Flags [.], ack 2395, win 17, options [nop,nop,TS val 690937342 ecr 3815749874], length 0
19:42:23.963045 IP 172.64.155.119.https > vyrazu-35-ThinkCentre-M70t.58978: Flags [P.], seq 3975:4200, ack 2408, win 17, options [nop,nop,TS val 2334307346 ecr 3815749911], length 225
19:42:23.963045 IP 172.64.155.119.https > vyrazu-35-ThinkCentre-M70t.58978: Flags [P.], seq 4200:4320, ack 2408, win 17, options [nop,nop,TS val 2334307347 ecr 3815749911], length 120
19:42:23.963045 IP 172.64.155.119.https > vyrazu-35-ThinkCentre-M70t.58978: Flags [P.], seq 4320:4351, ack 2408, win 17, options [nop,nop,TS val 2334307347 ecr 3815749911], length 31
19:42:23.963188 IP vyrazu-35-ThinkCentre-M70t.58978 > 172.64.155.119.https: Flags [.], ack 4351, win 470, options [nop,nop,TS val 3815749952 ecr 2334307346], length 0
19:42:23.966975 IP _gateway.domain > vyrazu-35-ThinkCentre-M70t.52307: 36312 0/1/1 (120)
19:42:23.967179 IP vyrazu-35-ThinkCentre-M70t.60774 > ec2-3-6-30-85.ap-south-1.compute.amazonaws.com.http: Flags [.], ack 1, win 501, options [nop,nop,TS val 3268738346 ecr 1456131936], length 0
19:42:23.967335 IP _gateway.domain > vyrazu-35-ThinkCentre-M70t.55592: 46971 0/1/1 (120)
19:42:23.970556 IP 52.57.54.34.bc.googleusercontent.com.https > vyrazu-35-ThinkCentre-M70t.56202: Flags [.], ack 2062, win 1044, options [nop,nop,TS val 3509674481 ecr 1824366439], length 0
19:42:23.970924 IP 52.57.54.34.bc.googleusercontent.com.https > vyrazu-35-ThinkCentre-M70t.56202: Flags [P.], seq 4509:5127, ack 2062, win 1044, options [nop,nop,TS val 3509674481 ecr 1824366439], length 618
19:42:23.971324 IP vyrazu-35-ThinkCentre-M70t.56202 > 52.57.54.34.bc.googleusercontent.com.https: Flags [P.], seq 2062:2093, ack 5127, win 465, options [nop,nop,TS val 1824366476 ecr 3509674481], length 31
19:42:23.971417 IP 52.57.54.34.bc.googleusercontent.com.https > vyrazu-35-ThinkCentre-M70t.56202: Flags [P.], seq 5127:5158, ack 2062, win 1044, options [nop,nop,TS val 3509674482 ecr 1824366439], length 31
19:42:23.983992 IP a23-196-14-48.deploy.static.akamaitechnologies.com.https > vyrazu-35-ThinkCentre-M70t.47012: Flags [P.], seq 4439:4726, ack 1973, win 545, options [nop,nop,TS val 3037743755 ecr 465351134], length 287
19:42:23.984042 IP vyrazu-35-ThinkCentre-M70t.47012 > a23-196-14-48.deploy.static.akamaitechnologies.com.https: Flags [.], ack 4726, win 467, options [nop,nop,TS val 465351246 ecr 3037743755,nop,nop,sack 1 {4439:4726}], length 0
19:42:23.984516 IP 104.18.86.42.https > vyrazu-35-ThinkCentre-M70t.51304: Flags [.], ack 2090, win 16, options [nop,nop,TS val 3993033173 ecr 1498927652], length 0
19:42:23.986919 IP vyrazu-35-ThinkCentre-M70t.60626 > 172.64.144.122.https: Flags [S], seq 695107721, win 64240, options [mss 1460,sackOK,TS val 3673309704 ecr 0,nop,wscale 7], length 0
19:42:23.987004 IP 172.64.144.122.https > vyrazu-35-ThinkCentre-M70t.60624: Flags [S.], seq 1749472211, ack 285273881, win 65535, options [mss 1400,sackOK,TS val 3912057763 ecr 3673309669,nop,wscale 13], length 0
19:42:23.987025 IP vyrazu-35-ThinkCentre-M70t.60624 > 172.64.144.122.https: Flags [.], ack 1, win 502, options [nop,nop,TS val 3673309704 ecr 3912057763], length 0
19:42:23.987465 IP vyrazu-35-ThinkCentre-M70t.60624 > 172.64.144.122.https: Flags [P.], seq 1:1902, ack 1, win 502, options [nop,nop,TS val 3673309705 ecr 3912057763], length 1901
19:42:23.994736 IP vyrazu-35-ThinkCentre-M70t.60632 > 172.64.144.122.https: Flags [S], seq 946866098, win 64240, options [mss 1460,sackOK,TS val 3673309712 ecr 0,nop,wscale 7], length 0
19:42:23.995072 IP vyrazu-35-ThinkCentre-M70t.60648 > 172.64.144.122.https: Flags [S], seq 1555244224, win 64240, options [mss 1460,sackOK,TS val 3673309712 ecr 0,nop,wscale 7], length 0
19:42:23.995809 IP vyrazu-35-ThinkCentre-M70t.60656 > 172.64.144.122.https: Flags [S], seq 2482830011, win 64240, options [mss 1460,sackOK,TS val 3673309713 ecr 0,nop,wscale 7], length 0
19:42:23.999668 IP ec2-3-6-30-85.ap-south-1.compute.amazonaws.com.http > vyrazu-35-ThinkCentre-M70t.60774: Flags [.], ack 1, win 2168, options [nop,nop,TS val 1456132969 ecr 3268732815], length 0
19:42:24.012076 IP 52.57.54.34.bc.googleusercontent.com.https > vyrazu-35-ThinkCentre-M70t.56202: Flags [.], ack 2093, win 1044, options [nop,nop,TS val 3509674523 ecr 1824366476], length 0
19:42:24.012176 IP vyrazu-35-ThinkCentre-M70t.56202 > 52.57.54.34.bc.googleusercontent.com.https: Flags [.], ack 5158, win 465, options [nop,nop,TS val 1824366517 ecr 3509674482], length 0
19:42:24.023712 IP 172.64.144.122.https > vyrazu-35-ThinkCentre-M70t.60626: Flags [S.], seq 736399019, ack 695107722, win 65535, options [mss 1400,sackOK,TS val 744455774 ecr 3673309704,nop,wscale 13], length 0
19:42:24.023734 IP vyrazu-35-ThinkCentre-M70t.60626 > 172.64.144.122.https: Flags [.], ack 1, win 502, options [nop,nop,TS val 3673309741 ecr 744455774], length 0
19:42:24.024183 IP 172.64.144.122.https > vyrazu-35-ThinkCentre-M70t.60624: Flags [.], ack 1902, win 16, options [nop,nop,TS val 3912057800 ecr 3673309705], length 0
19:42:24.024291 IP vyrazu-35-ThinkCentre-M70t.60626 > 172.64.144.122.https: Flags [P.], seq 1:1902, ack 1, win 502, options [nop,nop,TS val 3673309742 ecr 744455774], length 1901
19:42:24.029484 IP 172.64.144.122.https > vyrazu-35-ThinkCentre-M70t.60624: Flags [P.], seq 1:3464, ack 1902, win 16, options [nop,nop,TS val 3912057805 ecr 3673309705], length 3463
19:42:24.029500 IP vyrazu-35-ThinkCentre-M70t.60624 > 172.64.144.122.https: Flags [.], ack 3464, win 475, options [nop,nop,TS val 3673309747 ecr 3912057805], length 0
19:42:24.030528 IP vyrazu-35-ThinkCentre-M70t.60624 > 172.64.144.122.https: Flags [P.], seq 1902:1966, ack 3464, win 475, options [nop,nop,TS val 3673309748 ecr 3912057805], length 64
19:42:24.031038 IP vyrazu-35-ThinkCentre-M70t.60624 > 172.64.144.122.https: Flags [P.], seq 1966:2058, ack 3464, win 475, options [nop,nop,TS val 3673309748 ecr 3912057805], length 92
19:42:24.031057 IP vyrazu-35-ThinkCentre-M70t.60624 > 172.64.144.122.https: Flags [P.], seq 2058:4255, ack 3464, win 475, options [nop,nop,TS val 3673309748 ecr 3912057805], length 2197
19:42:24.031349 IP 172.64.144.122.https > vyrazu-35-ThinkCentre-M70t.60632: Flags [S.], seq 562243069, ack 946866099, win 65535, options [mss 1400,sackOK,TS val 1531826662 ecr 3673309712,nop,wscale 13], length 0
19:42:24.031361 IP vyrazu-35-ThinkCentre-M70t.60632 > 172.64.144.122.https: Flags [R], seq 946866099, win 0, length 0
19:42:24.032023 IP 172.64.144.122.https > vyrazu-35-ThinkCentre-M70t.60656: Flags [S.], seq 2213046587, ack 2482830012, win 65535, options [mss 1400,sackOK,TS val 2884394128 ecr 3673309713,nop,wscale 13], length 0
19:42:24.032023 IP 172.64.144.122.https > vyrazu-35-ThinkCentre-M70t.60648: Flags [S.], seq 2780686389, ack 1555244225, win 65535, options [mss 1400,sackOK,TS val 2359203038 ecr 3673309712,nop,wscale 13], length 0
19:42:24.032029 IP vyrazu-35-ThinkCentre-M70t.60656 > 172.64.144.122.https: Flags [R], seq 2482830012, win 0, length 0
19:42:24.032033 IP vyrazu-35-ThinkCentre-M70t.60648 > 172.64.144.122.https: Flags [R], seq 1555244225, win 0, length 0
19:42:24.034176 IP vyrazu-35-ThinkCentre-M70t.53220 > ec2-3-6-115-182.ap-south-1.compute.amazonaws.com.http: Flags [.], ack 1, win 501, options [nop,nop,TS val 4239960098 ecr 35765035], length 0
19:42:24.061549 IP 172.64.144.122.https > vyrazu-35-ThinkCentre-M70t.60626: Flags [.], ack 1389, win 17, options [nop,nop,TS val 744455813 ecr 3673309742], length 0
19:42:24.062163 IP 172.64.144.122.https > vyrazu-35-ThinkCentre-M70t.60626: Flags [.], ack 1902, win 17, options [nop,nop,TS val 744455813 ecr 3673309742], length 0
19:42:24.063817 IP vyrazu-35-ThinkCentre-M70t.41460 > 151.101.193.91.https: Flags [S], seq 4146544100, win 64240, options [mss 1460,sackOK,TS val 366431012 ecr 0,nop,wscale 7], length 0
19:42:24.063994 IP vyrazu-35-ThinkCentre-M70t.41468 > 151.101.193.91.https: Flags [S], seq 3143800444, win 64240, options [mss 1460,sackOK,TS val 366431012 ecr 0,nop,wscale 7], length 0
19:42:24.067661 IP ec2-3-6-115-182.ap-south-1.compute.amazonaws.com.http > vyrazu-35-ThinkCentre-M70t.53220: Flags [.], ack 1, win 2239, options [nop,nop,TS val 35766069 ecr 4239945409], length 0
19:42:24.068387 IP vyrazu-35-ThinkCentre-M70t.33970 > a23-58-120-226.deploy.static.akamaitechnologies.com.https: UDP, length 532
19:42:24.068424 IP 172.64.144.122.https > vyrazu-35-ThinkCentre-M70t.60624: Flags [P.], seq 3464:3976, ack 1966, win 16, options [nop,nop,TS val 3912057844 ecr 3673309748], length 512
19:42:24.068976 IP 172.64.144.122.https > vyrazu-35-ThinkCentre-M70t.60626: Flags [P.], seq 1:3465, ack 1902, win 17, options [nop,nop,TS val 744455820 ecr 3673309742], length 3464
19:42:24.068992 IP vyrazu-35-ThinkCentre-M70t.60626 > 172.64.144.122.https: Flags [.], ack 3465, win 475, options [nop,nop,TS val 3673309786 ecr 744455820], length 0
19:42:24.069206 IP vyrazu-35-ThinkCentre-M70t.60624 > 172.64.144.122.https: Flags [P.], seq 4255:4286, ack 3976, win 471, options [nop,nop,TS val 3673309787 ecr 3912057844], length 31
19:42:24.070387 IP 172.64.144.122.https > vyrazu-35-ThinkCentre-M70t.60624: Flags [P.], seq 3976:4007, ack 2058, win 16, options [nop,nop,TS val 3912057846 ecr 3673309748], length 31
19:42:24.070784 IP 172.64.144.122.https > vyrazu-35-ThinkCentre-M70t.60624: Flags [.], ack 4255, win 16, options [nop,nop,TS val 3912057846 ecr 3673309748], length 0
19:42:24.071420 IP vyrazu-35-ThinkCentre-M70t.60626 > 172.64.144.122.https: Flags [P.], seq 1902:1966, ack 3465, win 475, options [nop,nop,TS val 3673309789 ecr 744455820], length 64
19:42:24.071633 IP a23-58-120-226.deploy.static.akamaitechnologies.com.https > vyrazu-35-ThinkCentre-M70t.33970: UDP, length 30
19:42:24.071829 IP vyrazu-35-ThinkCentre-M70t.33970 > a23-58-120-226.deploy.static.akamaitechnologies.com.https: UDP, length 31
19:42:24.072386 IP vyrazu-35-ThinkCentre-M70t.60626 > 172.64.144.122.https: Flags [P.], seq 1966:2075, ack 3465, win 475, options [nop,nop,TS val 3673309790 ecr 744455820], length 109
19:42:24.073415 IP a23-58-120-226.deploy.static.akamaitechnologies.com.https > vyrazu-35-ThinkCentre-M70t.33970: UDP, length 282
19:42:24.074114 IP a23-58-120-226.deploy.static.akamaitechnologies.com.https > vyrazu-35-ThinkCentre-M70t.33970: UDP, length 72
19:42:24.074114 IP a23-58-120-226.deploy.static.akamaitechnologies.com.https > vyrazu-35-ThinkCentre-M70t.33970: UDP, length 24
19:42:24.074115 IP a23-58-120-226.deploy.static.akamaitechnologies.com.https > vyrazu-35-ThinkCentre-M70t.33970: UDP, length 1452
19:42:24.074197 IP vyrazu-35-ThinkCentre-M70t.57250 > ec2-3-6-115-182.ap-south-1.compute.amazonaws.com.http: Flags [.], ack 1, win 501, options [nop,nop,TS val 4239960138 ecr 35765050], length 0
19:42:24.077408 IP vyrazu-35-ThinkCentre-M70t.33970 > a23-58-120-226.deploy.static.akamaitechnologies.com.https: UDP, length 36
19:42:24.083210 IP vyrazu-35-ThinkCentre-M70t.53218 > _gateway.domain: 3956+ [1au] HTTPS? res.cloudinary.com. (47)
19:42:24.083482 IP vyrazu-35-ThinkCentre-M70t.34658 > _gateway.domain: 57393+ [1au] A? res.cloudinary.com. (47)
19:42:24.083719 IP vyrazu-35-ThinkCentre-M70t.43066 > _gateway.domain: 16851+ [1au] AAAA? res.cloudinary.com. (47)
19:42:24.094123 IP vyrazu-35-ThinkCentre-M70t.60624 > 172.64.144.122.https: Flags [P.], seq 4286:4795, ack 4007, win 471, options [nop,nop,TS val 3673309811 ecr 3912057846], length 509
19:42:24.096099 IP vyrazu-35-ThinkCentre-M70t.60624 > 172.64.144.122.https: Flags [P.], seq 4795:4830, ack 4007, win 471, options [nop,nop,TS val 3673309813 ecr 3912057846], length 35
19:42:24.101879 IP 151.101.193.91.https > vyrazu-35-ThinkCentre-M70t.41468: Flags [S.], seq 896811625, ack 3143800445, win 65535, options [mss 1460,sackOK,TS val 3406672729 ecr 366431012,nop,wscale 9], length 0
19:42:24.101913 IP vyrazu-35-ThinkCentre-M70t.41468 > 151.101.193.91.https: Flags [.], ack 1, win 502, options [nop,nop,TS val 366431050 ecr 3406672729], length 0
19:42:24.102639 IP 151.101.193.91.https > vyrazu-35-ThinkCentre-M70t.41460: Flags [S.], seq 1860784407, ack 4146544101, win 65535, options [mss 1460,sackOK,TS val 2881407979 ecr 366431012,nop,wscale 9], length 0
19:42:24.102655 IP vyrazu-35-ThinkCentre-M70t.41460 > 151.101.193.91.https: Flags [.], ack 1, win 502, options [nop,nop,TS val 366431051 ecr 2881407979], length 0
19:42:24.102688 IP vyrazu-35-ThinkCentre-M70t.41468 > 151.101.193.91.https: Flags [P.], seq 1:1915, ack 1, win 502, options [nop,nop,TS val 366431051 ecr 3406672729], length 1914
19:42:24.103506 IP vyrazu-35-ThinkCentre-M70t.41460 > 151.101.193.91.https: Flags [P.], seq 1:1915, ack 1, win 502, options [nop,nop,TS val 366431052 ecr 2881407979], length 1914
19:42:24.104594 IP a23-58-120-226.deploy.static.akamaitechnologies.com.https > vyrazu-35-ThinkCentre-M70t.33970: UDP, length 27
19:42:24.107326 IP 172.64.144.122.https > vyrazu-35-ThinkCentre-M70t.60626: Flags [P.], seq 3465:3977, ack 1966, win 17, options [nop,nop,TS val 744455859 ecr 3673309789], length 512
19:42:24.108311 IP vyrazu-35-ThinkCentre-M70t.60626 > 172.64.144.122.https: Flags [P.], seq 2075:2099, ack 3977, win 471, options [nop,nop,TS val 3673309826 ecr 744455859], length 24
19:42:24.108334 IP vyrazu-35-ThinkCentre-M70t.60626 > 172.64.144.122.https: Flags [F.], seq 2099, ack 3977, win 471, options [nop,nop,TS val 3673309826 ecr 744455859], length 0
19:42:24.108888 IP ec2-3-6-115-182.ap-south-1.compute.amazonaws.com.http > vyrazu-35-ThinkCentre-M70t.57250: Flags [.], ack 1, win 3646, options [nop,nop,TS val 35766111 ecr 4239955009], length 0
19:42:24.109660 IP 172.64.144.122.https > vyrazu-35-ThinkCentre-M70t.60626: Flags [P.], seq 3977:4008, ack 2075, win 17, options [nop,nop,TS val 744455860 ecr 3673309790], length 31
19:42:24.109682 IP vyrazu-35-ThinkCentre-M70t.60626 > 172.64.144.122.https: Flags [R], seq 695109796, win 0, length 0
19:42:24.128198 IP _gateway.domain > vyrazu-35-ThinkCentre-M70t.53218: 3956 2/1/1 CNAME ion.cloudinary.com.edgekey.net., CNAME e1315.dsca.akamaiedge.net. (188)
19:42:24.128519 IP vyrazu-35-ThinkCentre-M70t.55855 > _gateway.domain: 45497+ [1au] HTTPS? e1315.dsca.akamaiedge.net. (54)
19:42:24.131033 IP 172.64.144.122.https > vyrazu-35-ThinkCentre-M70t.60624: Flags [.], ack 4795, win 16, options [nop,nop,TS val 3912057906 ecr 3673309787], length 0
19:42:24.131457 IP _gateway.domain > vyrazu-35-ThinkCentre-M70t.43066: 16851 3/0/1 CNAME resc.cloudinary.com.cdn.cloudflare.net., AAAA 2606:4700::6810:4e06, AAAA 2606:4700::6810:4f06 (155)
19:42:24.133065 IP 172.64.144.122.https > vyrazu-35-ThinkCentre-M70t.60624: Flags [P.], seq 4007:4518, ack 4830, win 16, options [nop,nop,TS val 3912057909 ecr 3673309813], length 511
19:42:24.134035 IP _gateway.domain > vyrazu-35-ThinkCentre-M70t.34658: 57393 3/0/1 CNAME resc.cloudinary.com.cdn.cloudflare.net., A 104.16.78.6, A 104.16.79.6 (131)
19:42:24.141323 IP 151.101.193.91.https > vyrazu-35-ThinkCentre-M70t.41468: Flags [.], ack 1449, win 289, options [nop,nop,TS val 3406672767 ecr 366431051], length 0
19:42:24.141845 IP 151.101.193.91.https > vyrazu-35-ThinkCentre-M70t.41468: Flags [.], ack 1915, win 295, options [nop,nop,TS val 3406672767 ecr 366431051], length 0
19:42:24.142474 IP 151.101.193.91.https > vyrazu-35-ThinkCentre-M70t.41468: Flags [.], seq 1:1445, ack 1915, win 295, options [nop,nop,TS val 3406672769 ecr 366431051], length 1444
19:42:24.142491 IP vyrazu-35-ThinkCentre-M70t.41468 > 151.101.193.91.https: Flags [.], ack 1445, win 491, options [nop,nop,TS val 366431091 ecr 3406672769], length 0
19:42:24.144258 IP 151.101.193.91.https > vyrazu-35-ThinkCentre-M70t.41468: Flags [P.], seq 1445:2889, ack 1915, win 295, options [nop,nop,TS val 3406672769 ecr 366431051], length 1444
19:42:24.144260 IP 151.101.193.91.https > vyrazu-35-ThinkCentre-M70t.41468: Flags [P.], seq 2889:5777, ack 1915, win 295, options [nop,nop,TS val 3406672769 ecr 366431051], length 2888
19:42:24.144260 IP 151.101.193.91.https > vyrazu-35-ThinkCentre-M70t.41468: Flags [P.], seq 5777:6176, ack 1915, win 295, options [nop,nop,TS val 3406672769 ecr 366431051], length 399
19:42:24.144274 IP 151.101.193.91.https > vyrazu-35-ThinkCentre-M70t.41460: Flags [.], ack 1915, win 295, options [nop,nop,TS val 2881408019 ecr 366431052], length 0
19:42:24.144322 IP vyrazu-35-ThinkCentre-M70t.41468 > 151.101.193.91.https: Flags [.], ack 2889, win 480, options [nop,nop,TS val 366431093 ecr 3406672769], length 0
19:42:24.144362 IP vyrazu-35-ThinkCentre-M70t.41468 > 151.101.193.91.https: Flags [.], ack 5777, win 458, options [nop,nop,TS val 366431093 ecr 3406672769], length 0
19:42:24.144369 IP vyrazu-35-ThinkCentre-M70t.41468 > 151.101.193.91.https: Flags [.], ack 6176, win 455, options [nop,nop,TS val 366431093 ecr 3406672769], length 0
19:42:24.144715 IP 151.101.193.91.https > vyrazu-35-ThinkCentre-M70t.41460: Flags [P.], seq 1:2889, ack 1915, win 295, options [nop,nop,TS val 2881408020 ecr 366431052], length 2888
19:42:24.144723 IP 151.101.193.91.https > vyrazu-35-ThinkCentre-M70t.41460: Flags [P.], seq 2889:5777, ack 1915, win 295, options [nop,nop,TS val 2881408020 ecr 366431052], length 2888
19:42:24.144724 IP 151.101.193.91.https > vyrazu-35-ThinkCentre-M70t.41460: Flags [P.], seq 5777:6176, ack 1915, win 295, options [nop,nop,TS val 2881408020 ecr 366431052], length 399
19:42:24.144749 IP vyrazu-35-ThinkCentre-M70t.41460 > 151.101.193.91.https: Flags [.], ack 2889, win 480, options [nop,nop,TS val 366431093 ecr 2881408020], length 0
19:42:24.144784 IP vyrazu-35-ThinkCentre-M70t.41460 > 151.101.193.91.https: Flags [.], ack 5777, win 458, options [nop,nop,TS val 366431093 ecr 2881408020], length 0
19:42:24.144794 IP vyrazu-35-ThinkCentre-M70t.41460 > 151.101.193.91.https: Flags [.], ack 6176, win 455, options [nop,nop,TS val 366431093 ecr 2881408020], length 0
19:42:24.145686 IP vyrazu-35-ThinkCentre-M70t.51291 > _gateway.domain: 20034+ [1au] PTR? 122.144.64.172.in-addr.arpa. (56)
19:42:24.145795 IP 172.64.144.122.https > vyrazu-35-ThinkCentre-M70t.60626: Flags [F.], seq 4008, ack 2100, win 17, options [nop,nop,TS val 744455897 ecr 3673309826], length 0
19:42:24.145812 IP vyrazu-35-ThinkCentre-M70t.60626 > 172.64.144.122.https: Flags [R], seq 695109821, win 0, length 0
19:42:24.146827 IP vyrazu-35-ThinkCentre-M70t.41468 > 151.101.193.91.https: Flags [P.], seq 1915:1979, ack 6176, win 455, options [nop,nop,TS val 366431095 ecr 3406672769], length 64
19:42:24.147388 IP vyrazu-35-ThinkCentre-M70t.41460 > 151.101.193.91.https: Flags [P.], seq 1915:1979, ack 6176, win 455, options [nop,nop,TS val 366431096 ecr 2881408020], length 64
19:42:24.147793 IP ec2-3-6-122-107.ap-south-1.compute.amazonaws.com.http > vyrazu-35-ThinkCentre-M70t.59792: Flags [.], ack 1, win 448, options [nop,nop,TS val 1118647940 ecr 215681993], length 0
19:42:24.147873 IP vyrazu-35-ThinkCentre-M70t.59792 > ec2-3-6-122-107.ap-south-1.compute.amazonaws.com.http: Flags [.], ack 1, win 501, options [nop,nop,TS val 215697343 ecr 1118647017], length 0
19:42:24.150375 IP vyrazu-35-ThinkCentre-M70t.41468 > 151.101.193.91.https: Flags [P.], seq 1979:2071, ack 6176, win 455, options [nop,nop,TS val 366431099 ecr 3406672769], length 92
19:42:24.150598 IP vyrazu-35-ThinkCentre-M70t.41468 > 151.101.193.91.https: Flags [P.], seq 2071:2477, ack 6176, win 455, options [nop,nop,TS val 366431099 ecr 3406672769], length 406
19:42:24.159630 IP vyrazu-35-ThinkCentre-M70t.41460 > 151.101.193.91.https: Flags [P.], seq 1979:2088, ack 6176, win 455, options [nop,nop,TS val 366431108 ecr 2881408020], length 109
19:42:24.164779 IP vyrazu-35-ThinkCentre-M70t.41468 > 151.101.193.91.https: Flags [P.], seq 2477:2645, ack 6176, win 455, options [nop,nop,TS val 366431113 ecr 3406672769], length 168
19:42:24.166429 IP vyrazu-35-ThinkCentre-M70t.41460 > 151.101.193.91.https: Flags [P.], seq 2088:2112, ack 6176, win 455, options [nop,nop,TS val 366431115 ecr 2881408020], length 24
19:42:24.166495 IP vyrazu-35-ThinkCentre-M70t.41460 > 151.101.193.91.https: Flags [F.], seq 2112, ack 6176, win 455, options [nop,nop,TS val 366431115 ecr 2881408020], length 0
19:42:24.167213 IP _gateway.domain > vyrazu-35-ThinkCentre-M70t.55855: 45497 0/1/1 (118)
19:42:24.171487 IP vyrazu-35-ThinkCentre-M70t.40386 > 104.16.78.6.https: Flags [S], seq 296784605, win 64240, options [mss 1460,sackOK,TS val 197140887 ecr 0,nop,wscale 7], length 0
19:42:24.173197 IP vyrazu-35-ThinkCentre-M70t.60624 > 172.64.144.122.https: Flags [.], ack 4518, win 468, options [nop,nop,TS val 3673309891 ecr 3912057909], length 0
19:42:24.184681 IP 151.101.193.91.https > vyrazu-35-ThinkCentre-M70t.41468: Flags [.], ack 1979, win 295, options [nop,nop,TS val 3406672811 ecr 366431095], length 0
19:42:24.186555 IP 151.101.193.91.https > vyrazu-35-ThinkCentre-M70t.41460: Flags [.], ack 1979, win 295, options [nop,nop,TS val 2881408062 ecr 366431096], length 0
19:42:24.188675 IP 151.101.193.91.https > vyrazu-35-ThinkCentre-M70t.41468: Flags [.], ack 2477, win 300, options [nop,nop,TS val 3406672815 ecr 366431099], length 0
19:42:24.188678 IP 151.101.193.91.https > vyrazu-35-ThinkCentre-M70t.41468: Flags [P.], seq 6176:6241, ack 2477, win 300, options [nop,nop,TS val 3406672815 ecr 366431099], length 65
19:42:24.189439 IP vyrazu-35-ThinkCentre-M70t.41468 > 151.101.193.91.https: Flags [P.], seq 2645:2676, ack 6241, win 455, options [nop,nop,TS val 366431138 ecr 3406672815], length 31
19:42:24.190714 IP 151.101.193.91.https > vyrazu-35-ThinkCentre-M70t.41468: Flags [P.], seq 6241:7022, ack 2477, win 300, options [nop,nop,TS val 3406672817 ecr 366431099], length 781
19:42:24.192565 IP _gateway.domain > vyrazu-35-ThinkCentre-M70t.51291: 20034 ServFail 0/1/1 (118)
19:42:24.192716 IP vyrazu-35-ThinkCentre-M70t.51291 > _gateway.domain: 20034+ [1au] PTR? 122.144.64.172.in-addr.arpa. (56)
19:42:24.197898 IP 151.101.193.91.https > vyrazu-35-ThinkCentre-M70t.41460: Flags [.], ack 2088, win 295, options [nop,nop,TS val 2881408074 ecr 366431108], length 0
19:42:24.198231 IP 151.101.193.91.https > vyrazu-35-ThinkCentre-M70t.41460: Flags [P.], seq 6176:6241, ack 2088, win 295, options [nop,nop,TS val 2881408074 ecr 366431108], length 65
19:42:24.198251 IP vyrazu-35-ThinkCentre-M70t.41460 > 151.101.193.91.https: Flags [R], seq 4146546188, win 0, length 0
19:42:24.201540 IP 151.101.193.91.https > vyrazu-35-ThinkCentre-M70t.41468: Flags [.], ack 2645, win 306, options [nop,nop,TS val 3406672828 ecr 366431113], length 0
19:42:24.202253 IP vyrazu-35-ThinkCentre-M70t.34916 > ec2-3-6-30-85.ap-south-1.compute.amazonaws.com.http: Flags [.], ack 1, win 501, options [nop,nop,TS val 3268738581 ecr 1456132146], length 0
19:42:24.202534 IP 151.101.193.91.https > vyrazu-35-ThinkCentre-M70t.41468: Flags [P.], seq 7022:7120, ack 2645, win 306, options [nop,nop,TS val 3406672829 ecr 366431113], length 98
19:42:24.202870 IP vyrazu-35-ThinkCentre-M70t.41468 > 151.101.193.91.https: Flags [.], ack 7120, win 449, options [nop,nop,TS val 366431151 ecr 3406672817], length 0
19:42:24.204819 IP 151.101.193.91.https > vyrazu-35-ThinkCentre-M70t.41460: Flags [.], ack 2112, win 295, options [nop,nop,TS val 2881408081 ecr 366431115], length 0
19:42:24.204820 IP 151.101.193.91.https > vyrazu-35-ThinkCentre-M70t.41460: Flags [P.], seq 6241:6265, ack 2112, win 295, options [nop,nop,TS val 2881408081 ecr 366431115], length 24
19:42:24.204820 IP 151.101.193.91.https > vyrazu-35-ThinkCentre-M70t.41460: Flags [F.], seq 6265, ack 2112, win 295, options [nop,nop,TS val 2881408081 ecr 366431115], length 0
19:42:24.204845 IP vyrazu-35-ThinkCentre-M70t.41460 > 151.101.193.91.https: Flags [R], seq 4146546212, win 0, length 0
19:42:24.204860 IP vyrazu-35-ThinkCentre-M70t.41460 > 151.101.193.91.https: Flags [R], seq 4146546212, win 0, length 0
19:42:24.204863 IP vyrazu-35-ThinkCentre-M70t.41460 > 151.101.193.91.https: Flags [R], seq 4146546212, win 0, length 0
19:42:24.206267 IP 151.101.193.91.https > vyrazu-35-ThinkCentre-M70t.41460: Flags [.], ack 2113, win 295, options [nop,nop,TS val 2881408082 ecr 366431115], length 0
19:42:24.206287 IP vyrazu-35-ThinkCentre-M70t.41460 > 151.101.193.91.https: Flags [R], seq 4146546213, win 0, length 0
19:42:24.207934 IP 104.16.78.6.https > vyrazu-35-ThinkCentre-M70t.40386: Flags [S.], seq 3439663425, ack 296784606, win 65535, options [mss 1400,sackOK,TS val 2413068870 ecr 197140887,nop,wscale 13], length 0
19:42:24.207957 IP vyrazu-35-ThinkCentre-M70t.40386 > 104.16.78.6.https: Flags [.], ack 1, win 502, options [nop,nop,TS val 197140923 ecr 2413068870], length 0
19:42:24.208485 IP vyrazu-35-ThinkCentre-M70t.40386 > 104.16.78.6.https: Flags [P.], seq 1:1904, ack 1, win 502, options [nop,nop,TS val 197140924 ecr 2413068870], length 1903
19:42:24.211204 IP vyrazu-35-ThinkCentre-M70t.57330 > ec2-3-6-98-232.ap-south-1.compute.amazonaws.com.http: Flags [.], ack 1, win 501, options [nop,nop,TS val 4263180460 ecr 3143435684], length 0
19:42:24.213210 IP vyrazu-35-ThinkCentre-M70t.38390 > ec2-3-6-115-64.ap-south-1.compute.amazonaws.com.http: Flags [.], ack 1, win 501, options [nop,nop,TS val 3327828440 ecr 2970392682], length 0
19:42:24.213229 IP vyrazu-35-ThinkCentre-M70t.53798 > ec2-3-6-115-64.ap-south-1.compute.amazonaws.com.http: Flags [.], ack 1, win 501, options [nop,nop,TS val 3327828440 ecr 2970392682], length 0
19:42:24.221831 IP vyrazu-35-ThinkCentre-M70t.60624 > 172.64.144.122.https: Flags [P.], seq 4830:6951, ack 4518, win 468, options [nop,nop,TS val 3673309939 ecr 3912057909], length 2121
19:42:24.222313 IP vyrazu-35-ThinkCentre-M70t.60624 > 172.64.144.122.https: Flags [P.], seq 6951:7159, ack 4518, win 468, options [nop,nop,TS val 3673309940 ecr 3912057909], length 208
19:42:24.227211 IP vyrazu-35-ThinkCentre-M70t.59792 > ec2-3-6-122-107.ap-south-1.compute.amazonaws.com.http: Flags [.], ack 1, win 501, options [nop,nop,TS val 215697423 ecr 1118647017], length 0
19:42:24.227282 IP 151.101.193.91.https > vyrazu-35-ThinkCentre-M70t.41468: Flags [.], ack 2676, win 306, options [nop,nop,TS val 3406672854 ecr 366431138], length 0
19:42:24.232985 IP _gateway.domain > vyrazu-35-ThinkCentre-M70t.51291: 20034 ServFail 0/1/1 (118)
19:42:24.233045 IP vyrazu-35-ThinkCentre-M70t.51291 > _gateway.domain: 20034+ PTR? 122.144.64.172.in-addr.arpa. (45)
19:42:24.234206 IP ec2-3-6-30-85.ap-south-1.compute.amazonaws.com.http > vyrazu-35-ThinkCentre-M70t.34916: Flags [.], ack 1, win 442, options [nop,nop,TS val 1456133204 ecr 3268730896], length 0
19:42:24.243532 IP vyrazu-35-ThinkCentre-M70t.60624 > 172.64.144.122.https: Flags [P.], seq 7159:7346, ack 4518, win 468, options [nop,nop,TS val 3673309961 ecr 3912057909], length 187
19:42:24.243946 IP vyrazu-35-ThinkCentre-M70t.60624 > 172.64.144.122.https: Flags [P.], seq 7346:7543, ack 4518, win 468, options [nop,nop,TS val 3673309961 ecr 3912057909], length 197
19:42:24.245107 IP ec2-3-6-98-232.ap-south-1.compute.amazonaws.com.http > vyrazu-35-ThinkCentre-M70t.57330: Flags [.], ack 1, win 442, options [nop,nop,TS val 3143436716 ecr 4263177914], length 0
19:42:24.245479 IP 104.16.78.6.https > vyrazu-35-ThinkCentre-M70t.40386: Flags [.], ack 1904, win 16, options [nop,nop,TS val 2413068906 ecr 197140924], length 0
19:42:24.246450 IP vyrazu-35-ThinkCentre-M70t.60624 > 172.64.144.122.https: Flags [P.], seq 7543:7730, ack 4518, win 468, options [nop,nop,TS val 3673309964 ecr 3912057909], length 187
19:42:24.246772 IP ec2-3-6-115-64.ap-south-1.compute.amazonaws.com.http > vyrazu-35-ThinkCentre-M70t.38390: Flags [.], ack 1, win 2383, options [nop,nop,TS val 2970393717 ecr 3327819257], length 0
19:42:24.246772 IP ec2-3-6-115-64.ap-south-1.compute.amazonaws.com.http > vyrazu-35-ThinkCentre-M70t.53798: Flags [.], ack 1, win 1704, options [nop,nop,TS val 2970393717 ecr 3327825648], length 0
19:42:24.248155 IP 104.16.78.6.https > vyrazu-35-ThinkCentre-M70t.40386: Flags [.], seq 1:1449, ack 1904, win 16, options [nop,nop,TS val 2413068910 ecr 197140924], length 1448
19:42:24.248247 IP vyrazu-35-ThinkCentre-M70t.40386 > 104.16.78.6.https: Flags [.], ack 1449, win 491, options [nop,nop,TS val 197140964 ecr 2413068910], length 0
19:42:24.248734 IP 104.16.78.6.https > vyrazu-35-ThinkCentre-M70t.40386: Flags [P.], seq 1449:5499, ack 1904, win 16, options [nop,nop,TS val 2413068910 ecr 197140924], length 4050
19:42:24.248746 IP vyrazu-35-ThinkCentre-M70t.40386 > 104.16.78.6.https: Flags [.], ack 5499, win 460, options [nop,nop,TS val 197140964 ecr 2413068910], length 0
19:42:24.252877 IP vyrazu-35-ThinkCentre-M70t.40386 > 104.16.78.6.https: Flags [P.], seq 1904:1968, ack 5499, win 460, options [nop,nop,TS val 197140968 ecr 2413068910], length 64
19:42:24.253431 IP vyrazu-35-ThinkCentre-M70t.40386 > 104.16.78.6.https: Flags [P.], seq 1968:2060, ack 5499, win 460, options [nop,nop,TS val 197140969 ecr 2413068910], length 92
19:42:24.257155 IP vyrazu-35-ThinkCentre-M70t.60624 > 172.64.144.122.https: Flags [P.], seq 7730:7917, ack 4518, win 468, options [nop,nop,TS val 3673309974 ecr 3912057909], length 187
19:42:24.258750 IP 172.64.144.122.https > vyrazu-35-ThinkCentre-M70t.60624: Flags [.], ack 6951, win 16, options [nop,nop,TS val 3912058033 ecr 3673309939], length 0
19:42:24.260866 IP vyrazu-35-ThinkCentre-M70t.51310 > 104.18.86.42.https: Flags [S], seq 1635727327, win 64240, options [mss 1460,sackOK,TS val 1498928005 ecr 0,nop,wscale 7], length 0
19:42:24.260925 IP vyrazu-35-ThinkCentre-M70t.39189 > _gateway.domain: 54833+ [1au] HTTPS? api-v2.mutinyhq.io. (47)
19:42:24.261060 IP vyrazu-35-ThinkCentre-M70t.52817 > _gateway.domain: 35629+ [1au] A? api-v2.mutinyhq.io. (47)
19:42:24.261122 IP vyrazu-35-ThinkCentre-M70t.49118 > _gateway.domain: 57666+ [1au] AAAA? api-v2.mutinyhq.io. (47)
19:42:24.261887 IP ec2-3-6-122-107.ap-south-1.compute.amazonaws.com.http > vyrazu-35-ThinkCentre-M70t.59792: Flags [.], ack 1, win 448, options [nop,nop,TS val 1118648054 ecr 215697343], length 0
19:42:24.275400 IP _gateway.domain > vyrazu-35-ThinkCentre-M70t.51291: 20034 ServFail 0/1/0 (107)
19:42:24.276497 IP vyrazu-35-ThinkCentre-M70t.40018 > _gateway.domain: 18256+ [1au] PTR? 122.144.64.172.in-addr.arpa. (56)
19:42:24.280387 IP 172.64.144.122.https > vyrazu-35-ThinkCentre-M70t.60624: Flags [.], ack 7346, win 16, options [nop,nop,TS val 3912058056 ecr 3673309940], length 0
19:42:24.282827 IP 172.64.144.122.https > vyrazu-35-ThinkCentre-M70t.60624: Flags [.], ack 7730, win 16, options [nop,nop,TS val 3912058058 ecr 3673309961], length 0
19:42:24.284869 IP vyrazu-35-ThinkCentre-M70t.35450 > bom12s11-in-f4.1e100.net.https: Flags [P.], seq 1095:1188, ack 11908, win 280, options [nop,nop,TS val 4258692446 ecr 152260227], length 93
19:42:24.289421 IP 104.16.78.6.https > vyrazu-35-ThinkCentre-M70t.40386: Flags [P.], seq 5499:6011, ack 1968, win 16, options [nop,nop,TS val 2413068950 ecr 197140968], length 512
19:42:24.289778 IP 104.16.78.6.https > vyrazu-35-ThinkCentre-M70t.40386: Flags [P.], seq 6011:6042, ack 2060, win 16, options [nop,nop,TS val 2413068951 ecr 197140969], length 31
19:42:24.293506 IP vyrazu-35-ThinkCentre-M70t.40386 > 104.16.78.6.https: Flags [P.], seq 2060:2091, ack 6042, win 456, options [nop,nop,TS val 197141009 ecr 2413068950], length 31
19:42:24.297423 IP 104.18.86.42.https > vyrazu-35-ThinkCentre-M70t.51310: Flags [S.], seq 3029978912, ack 1635727328, win 65535, options [mss 1400,sackOK,TS val 848528721 ecr 1498928005,nop,wscale 13], length 0
19:42:24.297467 IP vyrazu-35-ThinkCentre-M70t.51310 > 104.18.86.42.https: Flags [.], ack 1, win 502, options [nop,nop,TS val 1498928042 ecr 848528721], length 0
19:42:24.298761 IP vyrazu-35-ThinkCentre-M70t.51310 > 104.18.86.42.https: Flags [P.], seq 1:1903, ack 1, win 502, options [nop,nop,TS val 1498928043 ecr 848528721], length 1902
19:42:24.304333 IP _gateway.domain > vyrazu-35-ThinkCentre-M70t.39189: 54833 1/1/1 CNAME k8s-mutiny-privatea-b7eaf9f835-63806838.us-east-1.elb.amazonaws.com. (210)
19:42:24.304648 IP _gateway.domain > vyrazu-35-ThinkCentre-M70t.49118: 57666 1/1/1 CNAME k8s-mutiny-privatea-b7eaf9f835-63806838.us-east-1.elb.amazonaws.com. (210)
19:42:24.304649 IP _gateway.domain > vyrazu-35-ThinkCentre-M70t.52817: 35629 6/0/1 CNAME k8s-mutiny-privatea-b7eaf9f835-63806838.us-east-1.elb.amazonaws.com., A 3.231.117.185, A 3.224.116.129, A 52.22.98.83, A 54.145.64.28, A 34.233.113.213 (208)
19:42:24.305028 IP vyrazu-35-ThinkCentre-M70t.39520 > _gateway.domain: 9724+ [1au] HTTPS? k8s-mutiny-privatea-b7eaf9f835-63806838.us-east-1.elb.amazonaws.com. (96)
19:42:24.305506 IP vyrazu-35-ThinkCentre-M70t.49345 > _gateway.domain: 20882+ [1au] AAAA? k8s-mutiny-privatea-b7eaf9f835-63806838.us-east-1.elb.amazonaws.com. (96)
19:42:24.320350 IP bom12s11-in-f4.1e100.net.https > vyrazu-35-ThinkCentre-M70t.35450: Flags [.], ack 1188, win 1042, options [nop,nop,TS val 152262051 ecr 4258692446], length 0
19:42:24.326683 IP _gateway.domain > vyrazu-35-ThinkCentre-M70t.40018: 18256 ServFail 0/1/1 (118)
19:42:24.327204 IP vyrazu-35-ThinkCentre-M70t.40018 > _gateway.domain: 18256+ [1au] PTR? 122.144.64.172.in-addr.arpa. (56)
19:42:24.335088 IP 172.64.144.122.https > vyrazu-35-ThinkCentre-M70t.60624: Flags [.], ack 7917, win 16, options [nop,nop,TS val 3912058111 ecr 3673309974], length 0
19:42:24.335372 IP 104.18.86.42.https > vyrazu-35-ThinkCentre-M70t.51310: Flags [.], ack 1903, win 17, options [nop,nop,TS val 848528759 ecr 1498928043], length 0
19:42:24.338468 IP 104.18.86.42.https > vyrazu-35-ThinkCentre-M70t.51310: Flags [.], seq 1:1449, ack 1903, win 17, options [nop,nop,TS val 848528762 ecr 1498928043], length 1448
19:42:24.338572 IP vyrazu-35-ThinkCentre-M70t.51310 > 104.18.86.42.https: Flags [.], ack 1449, win 491, options [nop,nop,TS val 1498928083 ecr 848528762], length 0
19:42:24.338770 IP 104.18.86.42.https > vyrazu-35-ThinkCentre-M70t.51310: Flags [.], seq 1449:2897, ack 1903, win 17, options [nop,nop,TS val 848528762 ecr 1498928043], length 1448
19:42:24.338781 IP vyrazu-35-ThinkCentre-M70t.51310 > 104.18.86.42.https: Flags [.], ack 2897, win 480, options [nop,nop,TS val 1498928083 ecr 848528762], length 0
19:42:24.339559 IP 104.18.86.42.https > vyrazu-35-ThinkCentre-M70t.51310: Flags [P.], seq 2897:3460, ack 1903, win 17, options [nop,nop,TS val 848528762 ecr 1498928043], length 563
19:42:24.339580 IP vyrazu-35-ThinkCentre-M70t.51310 > 104.18.86.42.https: Flags [.], ack 3460, win 476, options [nop,nop,TS val 1498928084 ecr 848528762], length 0
19:42:24.342072 IP _gateway.domain > vyrazu-35-ThinkCentre-M70t.49345: 20882 0/1/1 (181)
19:42:24.342482 IP _gateway.domain > vyrazu-35-ThinkCentre-M70t.39520: 9724 0/1/1 (181)
19:42:24.342885 IP vyrazu-35-ThinkCentre-M70t.51310 > 104.18.86.42.https: Flags [P.], seq 1903:1967, ack 3460, win 476, options [nop,nop,TS val 1498928087 ecr 848528762], length 64
19:42:24.343378 IP vyrazu-35-ThinkCentre-M70t.51310 > 104.18.86.42.https: Flags [P.], seq 1967:2059, ack 3460, win 476, options [nop,nop,TS val 1498928088 ecr 848528762], length 92
19:42:24.347726 IP vyrazu-35-ThinkCentre-M70t.52870 > ec2-34-233-113-213.compute-1.amazonaws.com.https: Flags [S], seq 1009298333, win 64240, options [mss 1460,sackOK,TS val 2568011189 ecr 0,nop,wscale 7], length 0
19:42:24.347859 IP vyrazu-35-ThinkCentre-M70t.52878 > ec2-34-233-113-213.compute-1.amazonaws.com.https: Flags [S], seq 2358557627, win 64240, options [mss 1460,sackOK,TS val 2568011189 ecr 0,nop,wscale 7], length 0
19:42:24.366748 IP _gateway.domain > vyrazu-35-ThinkCentre-M70t.40018: 18256 ServFail 0/1/1 (118)
19:42:24.366876 IP vyrazu-35-ThinkCentre-M70t.40018 > _gateway.domain: 18256+ PTR? 122.144.64.172.in-addr.arpa. (45)
19:42:24.371283 IP 104.16.78.6.https > vyrazu-35-ThinkCentre-M70t.40386: Flags [.], ack 2091, win 16, options [nop,nop,TS val 2413069033 ecr 197141009], length 0
19:42:24.379677 IP 104.18.86.42.https > vyrazu-35-ThinkCentre-M70t.51310: Flags [P.], seq 3460:3972, ack 1967, win 17, options [nop,nop,TS val 848528803 ecr 1498928087], length 512
19:42:24.380497 IP 104.18.86.42.https > vyrazu-35-ThinkCentre-M70t.51310: Flags [P.], seq 3972:4003, ack 2059, win 17, options [nop,nop,TS val 848528804 ecr 1498928088], length 31
19:42:24.382066 IP vyrazu-35-ThinkCentre-M70t.51310 > 104.18.86.42.https: Flags [P.], seq 2059:2090, ack 4003, win 472, options [nop,nop,TS val 1498928126 ecr 848528803], length 31
19:42:24.385319 IP vyrazu-35-ThinkCentre-M70t.50257 > _gateway.domain: 47157+ [1au] HTTPS? app.launchdarkly.com. (49)
19:42:24.385511 IP vyrazu-35-ThinkCentre-M70t.46486 > _gateway.domain: 4362+ [1au] A? app.launchdarkly.com. (49)
19:42:24.385567 IP vyrazu-35-ThinkCentre-M70t.38922 > _gateway.domain: 27704+ [1au] AAAA? app.launchdarkly.com. (49)
19:42:24.403737 IP vyrazu-35-ThinkCentre-M70t.50985 > _gateway.domain: 431+ [1au] HTTPS? b.shared.global.fastly.net. (55)
19:42:24.404849 IP vyrazu-35-ThinkCentre-M70t.57572 > _gateway.domain: 11751+ [1au] AAAA? b.shared.global.fastly.net. (55)
19:42:24.409929 IP vyrazu-35-ThinkCentre-M70t.57892 > 151.101.129.167.https: Flags [S], seq 2393971528, win 64240, options [mss 1460,sackOK,TS val 4254898315 ecr 0,nop,wscale 7], length 0
19:42:24.412715 IP _gateway.domain > vyrazu-35-ThinkCentre-M70t.40018: 18256 ServFail 0/1/0 (107)
19:42:24.414370 IP 151.101.129.167.https > vyrazu-35-ThinkCentre-M70t.57892: Flags [S.], seq 1258348705, ack 2393971529, win 65535, options [mss 1460,sackOK,TS val 1928510242 ecr 4254898315,nop,wscale 9], length 0
19:42:24.414519 IP vyrazu-35-ThinkCentre-M70t.57892 > 151.101.129.167.https: Flags [.], ack 1, win 502, options [nop,nop,TS val 4254898320 ecr 1928510242], length 0
19:42:24.414797 IP vyrazu-35-ThinkCentre-M70t.37301 > _gateway.domain: 5348+ [1au] PTR? 42.86.18.104.in-addr.arpa. (54)
19:42:24.415671 IP bom12s11-in-f4.1e100.net.https > vyrazu-35-ThinkCentre-M70t.35450: Flags [P.], seq 11908:12136, ack 1188, win 1042, options [nop,nop,TS val 152262146 ecr 4258692446], length 228
19:42:24.415674 IP bom12s11-in-f4.1e100.net.https > vyrazu-35-ThinkCentre-M70t.35450: Flags [P.], seq 12136:13536, ack 1188, win 1042, options [nop,nop,TS val 152262146 ecr 4258692446], length 1400
19:42:24.416109 IP bom12s11-in-f4.1e100.net.https > vyrazu-35-ThinkCentre-M70t.35450: Flags [P.], seq 13536:14936, ack 1188, win 1042, options [nop,nop,TS val 152262147 ecr 4258692446], length 1400
19:42:24.416199 IP vyrazu-35-ThinkCentre-M70t.57892 > 151.101.129.167.https: Flags [P.], seq 1:1903, ack 1, win 502, options [nop,nop,TS val 4254898322 ecr 1928510242], length 1902
19:42:24.416534 IP vyrazu-35-ThinkCentre-M70t.35450 > bom12s11-in-f4.1e100.net.https: Flags [.], ack 14936, win 261, options [nop,nop,TS val 4258692578 ecr 152262146], length 0
19:42:24.417313 IP _gateway.domain > vyrazu-35-ThinkCentre-M70t.50985: 431 0/1/1 (126)
19:42:24.417599 IP bom12s11-in-f4.1e100.net.https > vyrazu-35-ThinkCentre-M70t.35450: Flags [P.], seq 14936:15112, ack 1188, win 1042, options [nop,nop,TS val 152262148 ecr 4258692446], length 176
19:42:24.417604 IP bom12s11-in-f4.1e100.net.https > vyrazu-35-ThinkCentre-M70t.35450: Flags [P.], seq 15112:15925, ack 1188, win 1042, options [nop,nop,TS val 152262148 ecr 4258692446], length 813
19:42:24.417896 IP _gateway.domain > vyrazu-35-ThinkCentre-M70t.57572: 11751 0/1/1 (126)
19:42:24.418047 IP bom12s11-in-f4.1e100.net.https > vyrazu-35-ThinkCentre-M70t.35450: Flags [P.], seq 15925:16027, ack 1188, win 1042, options [nop,nop,TS val 152262149 ecr 4258692446], length 102
19:42:24.418094 IP vyrazu-35-ThinkCentre-M70t.35450 > bom12s11-in-f4.1e100.net.https: Flags [.], ack 15925, win 280, options [nop,nop,TS val 4258692579 ecr 152262148], length 0
19:42:24.418524 IP vyrazu-35-ThinkCentre-M70t.35450 > bom12s11-in-f4.1e100.net.https: Flags [P.], seq 1188:1227, ack 16027, win 280, options [nop,nop,TS val 4258692580 ecr 152262149], length 39
19:42:24.421034 IP 151.101.129.167.https > vyrazu-35-ThinkCentre-M70t.57892: Flags [.], ack 1903, win 291, options [nop,nop,TS val 1928510250 ecr 4254898322], length 0
19:42:24.425010 IP 151.101.129.167.https > vyrazu-35-ThinkCentre-M70t.57892: Flags [.], seq 1:1445, ack 1903, win 291, options [nop,nop,TS val 1928510254 ecr 4254898322], length 1444
19:42:24.425105 IP vyrazu-35-ThinkCentre-M70t.57892 > 151.101.129.167.https: Flags [.], ack 1445, win 491, options [nop,nop,TS val 4254898330 ecr 1928510254], length 0
19:42:24.425570 IP 151.101.129.167.https > vyrazu-35-ThinkCentre-M70t.57892: Flags [P.], seq 1445:4706, ack 1903, win 291, options [nop,nop,TS val 1928510254 ecr 4254898322], length 3261
19:42:24.425579 IP vyrazu-35-ThinkCentre-M70t.57892 > 151.101.129.167.https: Flags [.], ack 4706, win 466, options [nop,nop,TS val 4254898331 ecr 1928510254], length 0
19:42:24.426998 IP vyrazu-35-ThinkCentre-M70t.57892 > 151.101.129.167.https: Flags [P.], seq 1903:1996, ack 4706, win 466, options [nop,nop,TS val 4254898332 ecr 1928510254], length 93
19:42:24.429615 IP 151.101.129.167.https > vyrazu-35-ThinkCentre-M70t.57892: Flags [.], ack 1996, win 291, options [nop,nop,TS val 1928510259 ecr 4254898332], length 0
19:42:24.430034 IP 151.101.129.167.https > vyrazu-35-ThinkCentre-M70t.57892: Flags [P.], seq 4706:4964, ack 1996, win 291, options [nop,nop,TS val 1928510259 ecr 4254898332], length 258
19:42:24.432368 IP _gateway.domain > vyrazu-35-ThinkCentre-M70t.50257: 47157 1/1/1 CNAME m.sni.global.fastly.net. (144)
19:42:24.432908 IP vyrazu-35-ThinkCentre-M70t.57892 > 151.101.129.167.https: Flags [P.], seq 1996:2095, ack 4964, win 464, options [nop,nop,TS val 4254898338 ecr 1928510259], length 99
19:42:24.433078 IP vyrazu-35-ThinkCentre-M70t.57892 > 151.101.129.167.https: Flags [P.], seq 2095:2381, ack 4964, win 464, options [nop,nop,TS val 4254898338 ecr 1928510259], length 286
19:42:24.433344 IP vyrazu-35-ThinkCentre-M70t.50605 > _gateway.domain: 49198+ [1au] HTTPS? m.sni.global.fastly.net. (52)
19:42:24.435715 IP _gateway.domain > vyrazu-35-ThinkCentre-M70t.46486: 4362 5/0/1 CNAME m.sni.global.fastly.net., A 151.101.1.55, A 151.101.129.55, A 151.101.65.55, A 151.101.193.55 (150)
19:42:24.436395 IP 151.101.129.167.https > vyrazu-35-ThinkCentre-M70t.57892: Flags [.], ack 2381, win 296, options [nop,nop,TS val 1928510265 ecr 4254898338], length 0
19:42:24.436898 IP 151.101.129.167.https > vyrazu-35-ThinkCentre-M70t.57892: Flags [P.], seq 4964:5036, ack 2381, win 296, options [nop,nop,TS val 1928510266 ecr 4254898338], length 72
19:42:24.437732 IP 151.101.129.167.https > vyrazu-35-ThinkCentre-M70t.57892: Flags [P.], seq 5036:5252, ack 2381, win 296, options [nop,nop,TS val 1928510266 ecr 4254898338], length 216
19:42:24.437988 IP vyrazu-35-ThinkCentre-M70t.57892 > 151.101.129.167.https: Flags [P.], seq 2381:2419, ack 5252, win 462, options [nop,nop,TS val 4254898343 ecr 1928510266], length 38
19:42:24.438045 IP _gateway.domain > vyrazu-35-ThinkCentre-M70t.38922: 27704 1/1/1 CNAME m.sni.global.fastly.net. (144)
19:42:24.438488 IP vyrazu-35-ThinkCentre-M70t.34620 > _gateway.domain: 10869+ [1au] AAAA? m.sni.global.fastly.net. (52)
19:42:24.441419 IP 151.101.129.167.https > vyrazu-35-ThinkCentre-M70t.57892: Flags [.], ack 2419, win 296, options [nop,nop,TS val 1928510270 ecr 4254898343], length 0
19:42:24.455312 IP bom12s11-in-f4.1e100.net.https > vyrazu-35-ThinkCentre-M70t.35450: Flags [.], ack 1227, win 1042, options [nop,nop,TS val 152262186 ecr 4258692580], length 0
19:42:24.460365 IP 104.18.86.42.https > vyrazu-35-ThinkCentre-M70t.51310: Flags [.], ack 2090, win 17, options [nop,nop,TS val 848528884 ecr 1498928126], length 0
19:42:24.462061 IP _gateway.domain > vyrazu-35-ThinkCentre-M70t.37301: 5348 ServFail 0/1/1 (116)
19:42:24.462240 IP vyrazu-35-ThinkCentre-M70t.37301 > _gateway.domain: 5348+ [1au] PTR? 42.86.18.104.in-addr.arpa. (54)
19:42:24.464938 IP _gateway.domain > vyrazu-35-ThinkCentre-M70t.50605: 49198 0/1/1 (123)
19:42:24.477197 IP vyrazu-35-ThinkCentre-M70t.49294 > ec2-3-6-115-64.ap-south-1.compute.amazonaws.com.http: Flags [.], ack 1, win 501, options [nop,nop,TS val 3327828704 ecr 2970392946], length 0
19:42:24.481005 IP _gateway.domain > vyrazu-35-ThinkCentre-M70t.34620: 10869 0/1/1 (113)
19:42:24.481771 IP vyrazu-35-ThinkCentre-M70t.35098 > 151.101.193.55.https: Flags [S], seq 1010500055, win 64240, options [mss 1460,sackOK,TS val 1963517225 ecr 0,nop,wscale 7], length 0
19:42:24.481855 IP vyrazu-35-ThinkCentre-M70t.35110 > 151.101.193.55.https: Flags [S], seq 354456592, win 64240, options [mss 1460,sackOK,TS val 1963517225 ecr 0,nop,wscale 7], length 0
19:42:24.481909 IP vyrazu-35-ThinkCentre-M70t.35114 > 151.101.193.55.https: Flags [S], seq 1495447174, win 64240, options [mss 1460,sackOK,TS val 1963517225 ecr 0,nop,wscale 7], length 0
19:42:24.481954 IP vyrazu-35-ThinkCentre-M70t.35120 > 151.101.193.55.https: Flags [S], seq 1693231977, win 64240, options [mss 1460,sackOK,TS val 1963517225 ecr 0,nop,wscale 7], length 0
19:42:24.503367 IP _gateway.domain > vyrazu-35-ThinkCentre-M70t.37301: 5348 ServFail 0/1/1 (116)
19:42:24.503664 IP vyrazu-35-ThinkCentre-M70t.37301 > _gateway.domain: 5348+ PTR? 42.86.18.104.in-addr.arpa. (43)
19:42:24.517634 IP ec2-3-6-115-64.ap-south-1.compute.amazonaws.com.http > vyrazu-35-ThinkCentre-M70t.49294: Flags [.], ack 1, win 442, options [nop,nop,TS val 2970393987 ecr 3327817970], length 0
19:42:24.518635 IP 151.101.193.55.https > vyrazu-35-ThinkCentre-M70t.35098: Flags [S.], seq 2074030554, ack 1010500056, win 65535, options [mss 1460,sackOK,TS val 821797924 ecr 1963517225,nop,wscale 9], length 0
19:42:24.518711 IP vyrazu-35-ThinkCentre-M70t.35098 > 151.101.193.55.https: Flags [.], ack 1, win 502, options [nop,nop,TS val 1963517262 ecr 821797924], length 0
19:42:24.519808 IP 151.101.193.55.https > vyrazu-35-ThinkCentre-M70t.35114: Flags [S.], seq 3807518864, ack 1495447175, win 65535, options [mss 1460,sackOK,TS val 1058206916 ecr 1963517225,nop,wscale 9], length 0
19:42:24.519863 IP vyrazu-35-ThinkCentre-M70t.35114 > 151.101.193.55.https: Flags [.], ack 1, win 502, options [nop,nop,TS val 1963517263 ecr 1058206916], length 0
19:42:24.520563 IP 151.101.193.55.https > vyrazu-35-ThinkCentre-M70t.35110: Flags [S.], seq 1639218454, ack 354456593, win 65535, options [mss 1460,sackOK,TS val 1649137789 ecr 1963517225,nop,wscale 9], length 0
19:42:24.520587 IP vyrazu-35-ThinkCentre-M70t.35110 > 151.101.193.55.https: Flags [.], ack 1, win 502, options [nop,nop,TS val 1963517264 ecr 1649137789], length 0
19:42:24.521263 IP vyrazu-35-ThinkCentre-M70t.35098 > 151.101.193.55.https: Flags [P.], seq 1:1906, ack 1, win 502, options [nop,nop,TS val 1963517265 ecr 821797924], length 1905
19:42:24.521336 IP 151.101.193.55.https > vyrazu-35-ThinkCentre-M70t.35120: Flags [S.], seq 1832746168, ack 1693231978, win 65535, options [mss 1460,sackOK,TS val 1644462441 ecr 1963517225,nop,wscale 9], length 0
19:42:24.521388 IP vyrazu-35-ThinkCentre-M70t.35120 > 151.101.193.55.https: Flags [.], ack 1, win 502, options [nop,nop,TS val 1963517265 ecr 1644462441], length 0
19:42:24.522808 IP vyrazu-35-ThinkCentre-M70t.35114 > 151.101.193.55.https: Flags [P.], seq 1:1906, ack 1, win 502, options [nop,nop,TS val 1963517266 ecr 1058206916], length 1905
19:42:24.525131 IP vyrazu-35-ThinkCentre-M70t.35120 > 151.101.193.55.https: Flags [P.], seq 1:1906, ack 1, win 502, options [nop,nop,TS val 1963517268 ecr 1644462441], length 1905
19:42:24.526357 IP vyrazu-35-ThinkCentre-M70t.35110 > 151.101.193.55.https: Flags [P.], seq 1:1906, ack 1, win 502, options [nop,nop,TS val 1963517270 ecr 1649137789], length 1905
19:42:24.534600 IP vyrazu-35-ThinkCentre-M70t.60624 > 172.64.144.122.https: Flags [P.], seq 7917:7952, ack 4518, win 468, options [nop,nop,TS val 3673310252 ecr 3912058111], length 35
19:42:24.534713 IP vyrazu-35-ThinkCentre-M70t.60624 > 172.64.144.122.https: Flags [P.], seq 7952:8022, ack 4518, win 468, options [nop,nop,TS val 3673310252 ecr 3912058111], length 70
19:42:24.536068 IP vyrazu-35-ThinkCentre-M70t.60624 > 172.64.144.122.https: Flags [P.], seq 8022:8127, ack 4518, win 468, options [nop,nop,TS val 3673310253 ecr 3912058111], length 105
19:42:24.541993 IP _gateway.domain > vyrazu-35-ThinkCentre-M70t.37301: 5348 ServFail 0/1/0 (105)
19:42:24.542434 IP vyrazu-35-ThinkCentre-M70t.58619 > _gateway.domain: 54503+ [1au] PTR? 42.86.18.104.in-addr.arpa. (54)
19:42:24.559351 IP 151.101.193.55.https > vyrazu-35-ThinkCentre-M70t.35098: Flags [.], ack 1449, win 289, options [nop,nop,TS val 821797965 ecr 1963517265], length 0
19:42:24.559708 IP 151.101.193.55.https > vyrazu-35-ThinkCentre-M70t.35098: Flags [.], ack 1906, win 295, options [nop,nop,TS val 821797965 ecr 1963517265], length 0
19:42:24.560265 IP 151.101.193.55.https > vyrazu-35-ThinkCentre-M70t.35114: Flags [.], ack 1906, win 295, options [nop,nop,TS val 1058206957 ecr 1963517266], length 0
19:42:24.562071 IP 151.101.193.55.https > vyrazu-35-ThinkCentre-M70t.35098: Flags [.], seq 1:1445, ack 1906, win 295, options [nop,nop,TS val 821797967 ecr 1963517265], length 1444
19:42:24.562129 IP vyrazu-35-ThinkCentre-M70t.35098 > 151.101.193.55.https: Flags [.], ack 1445, win 491, options [nop,nop,TS val 1963517305 ecr 821797967], length 0
19:42:24.563531 IP 151.101.193.55.https > vyrazu-35-ThinkCentre-M70t.35098: Flags [P.], seq 1445:2889, ack 1906, win 295, options [nop,nop,TS val 821797967 ecr 1963517265], length 1444
19:42:24.563534 IP 151.101.193.55.https > vyrazu-35-ThinkCentre-M70t.35098: Flags [P.], seq 2889:5777, ack 1906, win 295, options [nop,nop,TS val 821797967 ecr 1963517265], length 2888
19:42:24.563535 IP 151.101.193.55.https > vyrazu-35-ThinkCentre-M70t.35098: Flags [P.], seq 5777:6151, ack 1906, win 295, options [nop,nop,TS val 821797967 ecr 1963517265], length 374
19:42:24.563651 IP vyrazu-35-ThinkCentre-M70t.35098 > 151.101.193.55.https: Flags [.], ack 2889, win 480, options [nop,nop,TS val 1963517307 ecr 821797967], length 0
19:42:24.563698 IP vyrazu-35-ThinkCentre-M70t.35098 > 151.101.193.55.https: Flags [.], ack 5777, win 458, options [nop,nop,TS val 1963517307 ecr 821797967], length 0
19:42:24.563709 IP vyrazu-35-ThinkCentre-M70t.35098 > 151.101.193.55.https: Flags [.], ack 6151, win 456, options [nop,nop,TS val 1963517307 ecr 821797967], length 0
19:42:24.565178 IP vyrazu-35-ThinkCentre-M70t.35098 > 151.101.193.55.https: Flags [P.], seq 1906:1970, ack 6151, win 456, options [nop,nop,TS val 1963517308 ecr 821797967], length 64
19:42:24.565306 IP 151.101.193.55.https > vyrazu-35-ThinkCentre-M70t.35114: Flags [P.], seq 1:2889, ack 1906, win 295, options [nop,nop,TS val 1058206958 ecr 1963517266], length 2888
19:42:24.565308 IP 151.101.193.55.https > vyrazu-35-ThinkCentre-M70t.35114: Flags [P.], seq 2889:5777, ack 1906, win 295, options [nop,nop,TS val 1058206958 ecr 1963517266], length 2888
19:42:24.565308 IP 151.101.193.55.https > vyrazu-35-ThinkCentre-M70t.35114: Flags [P.], seq 5777:6151, ack 1906, win 295, options [nop,nop,TS val 1058206958 ecr 1963517266], length 374
19:42:24.565327 IP vyrazu-35-ThinkCentre-M70t.35114 > 151.101.193.55.https: Flags [.], ack 2889, win 480, options [nop,nop,TS val 1963517309 ecr 1058206958], length 0
19:42:24.565335 IP vyrazu-35-ThinkCentre-M70t.35114 > 151.101.193.55.https: Flags [.], ack 5777, win 458, options [nop,nop,TS val 1963517309 ecr 1058206958], length 0
19:42:24.565338 IP vyrazu-35-ThinkCentre-M70t.35114 > 151.101.193.55.https: Flags [.], ack 6151, win 456, options [nop,nop,TS val 1963517309 ecr 1058206958], length 0
19:42:24.566306 IP 151.101.193.55.https > vyrazu-35-ThinkCentre-M70t.35110: Flags [.], ack 1906, win 295, options [nop,nop,TS val 1649137834 ecr 1963517270], length 0
19:42:24.566306 IP 151.101.193.55.https > vyrazu-35-ThinkCentre-M70t.35120: Flags [.], ack 1906, win 295, options [nop,nop,TS val 1644462485 ecr 1963517268], length 0
19:42:24.566324 IP vyrazu-35-ThinkCentre-M70t.35098 > 151.101.193.55.https: Flags [P.], seq 1970:2062, ack 6151, win 456, options [nop,nop,TS val 1963517310 ecr 821797967], length 92
19:42:24.566344 IP vyrazu-35-ThinkCentre-M70t.35098 > 151.101.193.55.https: Flags [P.], seq 2062:2425, ack 6151, win 456, options [nop,nop,TS val 1963517310 ecr 821797967], length 363
19:42:24.567055 IP 151.101.193.55.https > vyrazu-35-ThinkCentre-M70t.35120: Flags [P.], seq 1:2889, ack 1906, win 295, options [nop,nop,TS val 1644462487 ecr 1963517268], length 2888
19:42:24.567065 IP 151.101.193.55.https > vyrazu-35-ThinkCentre-M70t.35120: Flags [P.], seq 2889:5777, ack 1906, win 295, options [nop,nop,TS val 1644462487 ecr 1963517268], length 2888
19:42:24.567066 IP 151.101.193.55.https > vyrazu-35-ThinkCentre-M70t.35120: Flags [P.], seq 5777:6151, ack 1906, win 295, options [nop,nop,TS val 1644462487 ecr 1963517268], length 374
19:42:24.567101 IP vyrazu-35-ThinkCentre-M70t.35120 > 151.101.193.55.https: Flags [.], ack 2889, win 480, options [nop,nop,TS val 1963517310 ecr 1644462487], length 0
19:42:24.567131 IP vyrazu-35-ThinkCentre-M70t.35120 > 151.101.193.55.https: Flags [.], ack 5777, win 458, options [nop,nop,TS val 1963517310 ecr 1644462487], length 0
19:42:24.567140 IP vyrazu-35-ThinkCentre-M70t.35120 > 151.101.193.55.https: Flags [.], ack 6151, win 456, options [nop,nop,TS val 1963517310 ecr 1644462487], length 0
19:42:24.568263 IP 151.101.193.55.https > vyrazu-35-ThinkCentre-M70t.35110: Flags [P.], seq 1:2889, ack 1906, win 295, options [nop,nop,TS val 1649137835 ecr 1963517270], length 2888
19:42:24.568265 IP 151.101.193.55.https > vyrazu-35-ThinkCentre-M70t.35110: Flags [P.], seq 2889:5777, ack 1906, win 295, options [nop,nop,TS val 1649137835 ecr 1963517270], length 2888
19:42:24.568265 IP 151.101.193.55.https > vyrazu-35-ThinkCentre-M70t.35110: Flags [P.], seq 5777:6151, ack 1906, win 295, options [nop,nop,TS val 1649137835 ecr 1963517270], length 374
19:42:24.568277 IP vyrazu-35-ThinkCentre-M70t.35110 > 151.101.193.55.https: Flags [.], ack 2889, win 480, options [nop,nop,TS val 1963517312 ecr 1649137835], length 0
19:42:24.568286 IP vyrazu-35-ThinkCentre-M70t.35110 > 151.101.193.55.https: Flags [.], ack 5777, win 458, options [nop,nop,TS val 1963517312 ecr 1649137835], length 0
19:42:24.568290 IP vyrazu-35-ThinkCentre-M70t.35110 > 151.101.193.55.https: Flags [.], ack 6151, win 456, options [nop,nop,TS val 1963517312 ecr 1649137835], length 0
19:42:24.569337 IP vyrazu-35-ThinkCentre-M70t.35114 > 151.101.193.55.https: Flags [P.], seq 1906:1970, ack 6151, win 456, options [nop,nop,TS val 1963517313 ecr 1058206958], length 64
19:42:24.571882 IP vyrazu-35-ThinkCentre-M70t.35120 > 151.101.193.55.https: Flags [P.], seq 1906:1970, ack 6151, win 456, options [nop,nop,TS val 1963517315 ecr 1644462487], length 64
19:42:24.572054 IP 172.64.144.122.https > vyrazu-35-ThinkCentre-M70t.60624: Flags [.], ack 7952, win 16, options [nop,nop,TS val 3912058347 ecr 3673310252], length 0
19:42:24.572055 IP 172.64.144.122.https > vyrazu-35-ThinkCentre-M70t.60624: Flags [.], ack 8022, win 16, options [nop,nop,TS val 3912058347 ecr 3673310252], length 0
19:42:24.572055 IP 172.64.144.122.https > vyrazu-35-ThinkCentre-M70t.60624: Flags [.], ack 8127, win 16, options [nop,nop,TS val 3912058348 ecr 3673310253], length 0
19:42:24.573100 IP vyrazu-35-ThinkCentre-M70t.35114 > 151.101.193.55.https: Flags [P.], seq 1970:2079, ack 6151, win 456, options [nop,nop,TS val 1963517316 ecr 1058206958], length 109
19:42:24.576315 IP vyrazu-35-ThinkCentre-M70t.35098 > 151.101.193.55.https: Flags [P.], seq 2425:2614, ack 6151, win 456, options [nop,nop,TS val 1963517320 ecr 821797967], length 189
19:42:24.576591 IP vyrazu-35-ThinkCentre-M70t.35110 > 151.101.193.55.https: Flags [P.], seq 1906:1970, ack 6151, win 456, options [nop,nop,TS val 1963517320 ecr 1649137835], length 64
19:42:24.576913 IP vyrazu-35-ThinkCentre-M70t.35120 > 151.101.193.55.https: Flags [P.], seq 1970:2079, ack 6151, win 456, options [nop,nop,TS val 1963517320 ecr 1644462487], length 109
19:42:24.577863 IP vyrazu-35-ThinkCentre-M70t.35114 > 151.101.193.55.https: Flags [P.], seq 2079:2103, ack 6151, win 456, options [nop,nop,TS val 1963517321 ecr 1058206958], length 24
19:42:24.577904 IP vyrazu-35-ThinkCentre-M70t.35114 > 151.101.193.55.https: Flags [F.], seq 2103, ack 6151, win 456, options [nop,nop,TS val 1963517321 ecr 1058206958], length 0
19:42:24.578823 IP ec2-34-233-113-213.compute-1.amazonaws.com.https > vyrazu-35-ThinkCentre-M70t.52870: Flags [S.], seq 1730029579, ack 1009298334, win 26847, options [mss 1460,sackOK,TS val 3581515666 ecr 2568011189,nop,wscale 8], length 0
19:42:24.578867 IP vyrazu-35-ThinkCentre-M70t.52870 > ec2-34-233-113-213.compute-1.amazonaws.com.https: Flags [.], ack 1, win 502, options [nop,nop,TS val 2568011420 ecr 3581515666], length 0
19:42:24.580762 IP ec2-34-233-113-213.compute-1.amazonaws.com.https > vyrazu-35-ThinkCentre-M70t.52878: Flags [S.], seq 394637984, ack 2358557628, win 26847, options [mss 1460,sackOK,TS val 3581515668 ecr 2568011189,nop,wscale 8], length 0
19:42:24.580820 IP vyrazu-35-ThinkCentre-M70t.52878 > ec2-34-233-113-213.compute-1.amazonaws.com.https: Flags [.], ack 1, win 502, options [nop,nop,TS val 2568011422 ecr 3581515668], length 0
19:42:24.581711 IP vyrazu-35-ThinkCentre-M70t.35110 > 151.101.193.55.https: Flags [P.], seq 1970:2079, ack 6151, win 456, options [nop,nop,TS val 1963517325 ecr 1649137835], length 109
19:42:24.581746 IP vyrazu-35-ThinkCentre-M70t.35120 > 151.101.193.55.https: Flags [P.], seq 2079:2103, ack 6151, win 456, options [nop,nop,TS val 1963517325 ecr 1644462487], length 24
19:42:24.581755 IP vyrazu-35-ThinkCentre-M70t.35120 > 151.101.193.55.https: Flags [F.], seq 2103, ack 6151, win 456, options [nop,nop,TS val 1963517325 ecr 1644462487], length 0
19:42:24.583314 IP _gateway.domain > vyrazu-35-ThinkCentre-M70t.58619: 54503 ServFail 0/1/1 (116)
19:42:24.583488 IP vyrazu-35-ThinkCentre-M70t.58619 > _gateway.domain: 54503+ [1au] PTR? 42.86.18.104.in-addr.arpa. (54)
19:42:24.584494 IP vyrazu-35-ThinkCentre-M70t.52870 > ec2-34-233-113-213.compute-1.amazonaws.com.https: Flags [P.], seq 1:1904, ack 1, win 502, options [nop,nop,TS val 2568011426 ecr 3581515666], length 1903
19:42:24.584868 IP vyrazu-35-ThinkCentre-M70t.52878 > ec2-34-233-113-213.compute-1.amazonaws.com.https: Flags [P.], seq 1:1904, ack 1, win 502, options [nop,nop,TS val 2568011426 ecr 3581515668], length 1903
19:42:24.585952 IP vyrazu-35-ThinkCentre-M70t.35110 > 151.101.193.55.https: Flags [P.], seq 2079:2103, ack 6151, win 456, options [nop,nop,TS val 1963517329 ecr 1649137835], length 24
19:42:24.586005 IP vyrazu-35-ThinkCentre-M70t.35110 > 151.101.193.55.https: Flags [F.], seq 2103, ack 6151, win 456, options [nop,nop,TS val 1963517329 ecr 1649137835], length 0
19:42:24.603043 IP 151.101.193.55.https > vyrazu-35-ThinkCentre-M70t.35098: Flags [.], ack 1970, win 295, options [nop,nop,TS val 821798008 ecr 1963517308], length 0
19:42:24.604783 IP 151.101.193.55.https > vyrazu-35-ThinkCentre-M70t.35098: Flags [.], ack 2062, win 295, options [nop,nop,TS val 821798010 ecr 1963517310], length 0
19:42:24.605139 IP 151.101.193.55.https > vyrazu-35-ThinkCentre-M70t.35098: Flags [.], ack 2425, win 300, options [nop,nop,TS val 821798010 ecr 1963517310], length 0
19:42:24.605584 IP 151.101.193.55.https > vyrazu-35-ThinkCentre-M70t.35098: Flags [P.], seq 6151:6216, ack 2425, win 300, options [nop,nop,TS val 821798011 ecr 1963517310], length 65
19:42:24.605713 IP vyrazu-35-ThinkCentre-M70t.35098 > 151.101.193.55.https: Flags [P.], seq 2614:2645, ack 6216, win 456, options [nop,nop,TS val 1963517349 ecr 821798011], length 31
19:42:24.605965 IP 151.101.193.55.https > vyrazu-35-ThinkCentre-M70t.35098: Flags [P.], seq 6216:6428, ack 2425, win 300, options [nop,nop,TS val 821798011 ecr 1963517310], length 212
19:42:24.606763 IP 151.101.193.55.https > vyrazu-35-ThinkCentre-M70t.35114: Flags [.], ack 1970, win 295, options [nop,nop,TS val 1058207003 ecr 1963517313], length 0
19:42:24.610470 IP 151.101.193.55.https > vyrazu-35-ThinkCentre-M70t.35120: Flags [.], ack 1970, win 295, options [nop,nop,TS val 1644462531 ecr 1963517315], length 0
19:42:24.611130 IP 151.101.193.55.https > vyrazu-35-ThinkCentre-M70t.35114: Flags [.], ack 2079, win 295, options [nop,nop,TS val 1058207008 ecr 1963517316], length 0
19:42:24.611553 IP 151.101.193.55.https > vyrazu-35-ThinkCentre-M70t.35114: Flags [P.], seq 6151:6216, ack 2079, win 295, options [nop,nop,TS val 1058207008 ecr 1963517316], length 65
19:42:24.611584 IP vyrazu-35-ThinkCentre-M70t.35114 > 151.101.193.55.https: Flags [R], seq 1495449253, win 0, length 0
19:42:24.614126 IP 151.101.193.55.https > vyrazu-35-ThinkCentre-M70t.35098: Flags [.], ack 2614, win 306, options [nop,nop,TS val 821798019 ecr 1963517320], length 0
19:42:24.614554 IP 151.101.193.55.https > vyrazu-35-ThinkCentre-M70t.35114: Flags [.], ack 2103, win 295, options [nop,nop,TS val 1058207011 ecr 1963517321], length 0
19:42:24.614584 IP vyrazu-35-ThinkCentre-M70t.35114 > 151.101.193.55.https: Flags [R], seq 1495449277, win 0, length 0
19:42:24.614659 IP 151.101.193.55.https > vyrazu-35-ThinkCentre-M70t.35114: Flags [P.], seq 6216:6240, ack 2103, win 295, options [nop,nop,TS val 1058207011 ecr 1963517321], length 24
19:42:24.614663 IP vyrazu-35-ThinkCentre-M70t.35114 > 151.101.193.55.https: Flags [R], seq 1495449277, win 0, length 0
19:42:24.614856 IP 151.101.193.55.https > vyrazu-35-ThinkCentre-M70t.35114: Flags [F.], seq 6240, ack 2103, win 295, options [nop,nop,TS val 1058207011 ecr 1963517321], length 0
19:42:24.614862 IP vyrazu-35-ThinkCentre-M70t.35114 > 151.101.193.55.https: Flags [R], seq 1495449277, win 0, length 0
19:42:24.615628 IP 151.101.193.55.https > vyrazu-35-ThinkCentre-M70t.35110: Flags [.], ack 1970, win 295, options [nop,nop,TS val 1649137883 ecr 1963517320], length 0
19:42:24.616106 IP 151.101.193.55.https > vyrazu-35-ThinkCentre-M70t.35120: Flags [.], ack 2079, win 295, options [nop,nop,TS val 1644462536 ecr 1963517320], length 0
19:42:24.616107 IP 151.101.193.55.https > vyrazu-35-ThinkCentre-M70t.35120: Flags [P.], seq 6151:6216, ack 2079, win 295, options [nop,nop,TS val 1644462536 ecr 1963517320], length 65
19:42:24.616133 IP vyrazu-35-ThinkCentre-M70t.35120 > 151.101.193.55.https: Flags [R], seq 1693234056, win 0, length 0
19:42:24.617242 IP 151.101.193.55.https > vyrazu-35-ThinkCentre-M70t.35114: Flags [.], ack 2104, win 295, options [nop,nop,TS val 1058207013 ecr 1963517321], length 0
19:42:24.617279 IP vyrazu-35-ThinkCentre-M70t.35114 > 151.101.193.55.https: Flags [R], seq 1495449278, win 0, length 0
19:42:24.617988 IP 151.101.193.55.https > vyrazu-35-ThinkCentre-M70t.35098: Flags [P.], seq 6428:6527, ack 2614, win 306, options [nop,nop,TS val 821798022 ecr 1963517320], length 99
19:42:24.618163 IP vyrazu-35-ThinkCentre-M70t.35098 > 151.101.193.55.https: Flags [.], ack 6527, win 454, options [nop,nop,TS val 1963517361 ecr 821798011], length 0
19:42:24.620248 IP 151.101.193.55.https > vyrazu-35-ThinkCentre-M70t.35120: Flags [.], ack 2103, win 295, options [nop,nop,TS val 1644462541 ecr 1963517325], length 0
19:42:24.620311 IP vyrazu-35-ThinkCentre-M70t.35120 > 151.101.193.55.https: Flags [R], seq 1693234080, win 0, length 0
19:42:24.620616 IP 151.101.193.55.https > vyrazu-35-ThinkCentre-M70t.35120: Flags [.], ack 2104, win 295, options [nop,nop,TS val 1644462541 ecr 1963517325], length 0
19:42:24.620616 IP 151.101.193.55.https > vyrazu-35-ThinkCentre-M70t.35120: Flags [P.], seq 6216:6240, ack 2104, win 295, options [nop,nop,TS val 1644462541 ecr 1963517325], length 24
19:42:24.620620 IP 151.101.193.55.https > vyrazu-35-ThinkCentre-M70t.35110: Flags [.], ack 2079, win 295, options [nop,nop,TS val 1649137889 ecr 1963517325], length 0
19:42:24.620645 IP vyrazu-35-ThinkCentre-M70t.35120 > 151.101.193.55.https: Flags [R], seq 1693234081, win 0, length 0
19:42:24.620660 IP vyrazu-35-ThinkCentre-M70t.35120 > 151.101.193.55.https: Flags [R], seq 1693234081, win 0, length 0
19:42:24.621514 IP 151.101.193.55.https > vyrazu-35-ThinkCentre-M70t.35110: Flags [P.], seq 6151:6216, ack 2079, win 295, options [nop,nop,TS val 1649137889 ecr 1963517325], length 65
19:42:24.621514 IP 151.101.193.55.https > vyrazu-35-ThinkCentre-M70t.35120: Flags [F.], seq 6240, ack 2104, win 295, options [nop,nop,TS val 1644462541 ecr 1963517325], length 0
19:42:24.621520 IP vyrazu-35-ThinkCentre-M70t.35120 > 151.101.193.55.https: Flags [R], seq 1693234081, win 0, length 0
19:42:24.621530 IP vyrazu-35-ThinkCentre-M70t.35110 > 151.101.193.55.https: Flags [R], seq 354458671, win 0, length 0
19:42:24.622350 IP _gateway.domain > vyrazu-35-ThinkCentre-M70t.58619: 54503 ServFail 0/1/1 (116)
19:42:24.622458 IP vyrazu-35-ThinkCentre-M70t.58619 > _gateway.domain: 54503+ PTR? 42.86.18.104.in-addr.arpa. (43)
19:42:24.624244 IP 151.101.193.55.https > vyrazu-35-ThinkCentre-M70t.35110: Flags [.], ack 2103, win 295, options [nop,nop,TS val 1649137892 ecr 1963517329], length 0
19:42:24.624281 IP vyrazu-35-ThinkCentre-M70t.35110 > 151.101.193.55.https: Flags [R], seq 354458695, win 0, length 0
19:42:24.625418 IP 151.101.193.55.https > vyrazu-35-ThinkCentre-M70t.35110: Flags [.], ack 2104, win 295, options [nop,nop,TS val 1649137893 ecr 1963517329], length 0
19:42:24.625420 IP 151.101.193.55.https > vyrazu-35-ThinkCentre-M70t.35110: Flags [P.], seq 6216:6240, ack 2104, win 295, options [nop,nop,TS val 1649137893 ecr 1963517329], length 24
19:42:24.625420 IP 151.101.193.55.https > vyrazu-35-ThinkCentre-M70t.35110: Flags [F.], seq 6240, ack 2104, win 295, options [nop,nop,TS val 1649137893 ecr 1963517329], length 0
19:42:24.625470 IP vyrazu-35-ThinkCentre-M70t.35110 > 151.101.193.55.https: Flags [R], seq 354458696, win 0, length 0
19:42:24.625538 IP vyrazu-35-ThinkCentre-M70t.35110 > 151.101.193.55.https: Flags [R], seq 354458696, win 0, length 0
19:42:24.625545 IP vyrazu-35-ThinkCentre-M70t.35110 > 151.101.193.55.https: Flags [R], seq 354458696, win 0, length 0
19:42:24.643941 IP 151.101.193.55.https > vyrazu-35-ThinkCentre-M70t.35098: Flags [.], ack 2645, win 306, options [nop,nop,TS val 821798049 ecr 1963517349], length 0
19:42:24.645738 IP vyrazu-35-ThinkCentre-M70t.57904 > 151.101.129.167.https: Flags [S], seq 3642350938, win 64240, options [mss 1460,sackOK,TS val 4254898551 ecr 0,nop,wscale 7], length 0
19:42:24.649140 IP 151.101.129.167.https > vyrazu-35-ThinkCentre-M70t.57904: Flags [S.], seq 3221675812, ack 3642350939, win 65535, options [mss 1460,sackOK,TS val 3380304146 ecr 4254898551,nop,wscale 9], length 0
19:42:24.649180 IP vyrazu-35-ThinkCentre-M70t.57904 > 151.101.129.167.https: Flags [.], ack 1, win 502, options [nop,nop,TS val 4254898554 ecr 3380304146], length 0
19:42:24.650212 IP vyrazu-35-ThinkCentre-M70t.57904 > 151.101.129.167.https: Flags [P.], seq 1:1903, ack 1, win 502, options [nop,nop,TS val 4254898555 ecr 3380304146], length 1902
19:42:24.653738 IP 151.101.129.167.https > vyrazu-35-ThinkCentre-M70t.57904: Flags [.], ack 1903, win 291, options [nop,nop,TS val 3380304151 ecr 4254898555], length 0
19:42:24.655605 IP 151.101.129.167.https > vyrazu-35-ThinkCentre-M70t.57904: Flags [.], seq 1:1445, ack 1903, win 291, options [nop,nop,TS val 3380304152 ecr 4254898555], length 1444
19:42:24.655756 IP vyrazu-35-ThinkCentre-M70t.57904 > 151.101.129.167.https: Flags [.], ack 1445, win 491, options [nop,nop,TS val 4254898561 ecr 3380304152], length 0
19:42:24.656088 IP 151.101.129.167.https > vyrazu-35-ThinkCentre-M70t.57904: Flags [P.], seq 1445:4706, ack 1903, win 291, options [nop,nop,TS val 3380304152 ecr 4254898555], length 3261
19:42:24.656108 IP vyrazu-35-ThinkCentre-M70t.57904 > 151.101.129.167.https: Flags [.], ack 4706, win 466, options [nop,nop,TS val 4254898561 ecr 3380304152], length 0
19:42:24.657718 IP vyrazu-35-ThinkCentre-M70t.57904 > 151.101.129.167.https: Flags [P.], seq 1903:1996, ack 4706, win 466, options [nop,nop,TS val 4254898563 ecr 3380304152], length 93
19:42:24.659912 IP 151.101.129.167.https > vyrazu-35-ThinkCentre-M70t.57904: Flags [.], ack 1996, win 291, options [nop,nop,TS val 3380304157 ecr 4254898563], length 0
19:42:24.660255 IP 151.101.129.167.https > vyrazu-35-ThinkCentre-M70t.57904: Flags [P.], seq 4706:4964, ack 1996, win 291, options [nop,nop,TS val 3380304157 ecr 4254898563], length 258
19:42:24.661089 IP _gateway.domain > vyrazu-35-ThinkCentre-M70t.58619: 54503 ServFail 0/1/0 (105)
19:42:24.661428 IP vyrazu-35-ThinkCentre-M70t.57904 > 151.101.129.167.https: Flags [P.], seq 1996:2095, ack 4964, win 464, options [nop,nop,TS val 4254898567 ecr 3380304157], length 99
19:42:24.661491 IP vyrazu-35-ThinkCentre-M70t.57904 > 151.101.129.167.https: Flags [P.], seq 2095:2464, ack 4964, win 464, options [nop,nop,TS val 4254898567 ecr 3380304157], length 369
19:42:24.662500 IP vyrazu-35-ThinkCentre-M70t.54723 > _gateway.domain: 42009+ [1au] PTR? 91.129.101.151.in-addr.arpa. (56)
19:42:24.664313 IP 151.101.129.167.https > vyrazu-35-ThinkCentre-M70t.57904: Flags [.], ack 2095, win 291, options [nop,nop,TS val 3380304161 ecr 4254898567], length 0
19:42:24.665233 IP 151.101.129.167.https > vyrazu-35-ThinkCentre-M70t.57904: Flags [.], ack 2464, win 296, options [nop,nop,TS val 3380304161 ecr 4254898567], length 0
19:42:24.665234 IP 151.101.129.167.https > vyrazu-35-ThinkCentre-M70t.57904: Flags [P.], seq 4964:5036, ack 2464, win 296, options [nop,nop,TS val 3380304161 ecr 4254898567], length 72
19:42:24.665436 IP vyrazu-35-ThinkCentre-M70t.57904 > 151.101.129.167.https: Flags [P.], seq 2464:2502, ack 5036, win 464, options [nop,nop,TS val 4254898571 ecr 3380304161], length 38
19:42:24.666393 IP 151.101.129.167.https > vyrazu-35-ThinkCentre-M70t.57904: Flags [P.], seq 5036:5257, ack 2464, win 296, options [nop,nop,TS val 3380304162 ecr 4254898567], length 221
19:42:24.667904 IP 151.101.129.167.https > vyrazu-35-ThinkCentre-M70t.57904: Flags [.], ack 2502, win 296, options [nop,nop,TS val 3380304165 ecr 4254898571], length 0
19:42:24.682260 IP vyrazu-35-ThinkCentre-M70t.41666 > 162.247.241.14.https: Flags [P.], seq 1385:2470, ack 430, win 402, options [nop,nop,TS val 210785340 ecr 1666869794], length 1085
19:42:24.695969 IP ec2-3-6-115-182.ap-south-1.compute.amazonaws.com.http > vyrazu-35-ThinkCentre-M70t.53220: Flags [.], ack 1, win 2239, options [nop,nop,TS val 35766698 ecr 4239945409], length 0
19:42:24.695991 IP vyrazu-35-ThinkCentre-M70t.53220 > ec2-3-6-115-182.ap-south-1.compute.amazonaws.com.http: Flags [.], ack 1, win 501, options [nop,nop,TS val 4239960759 ecr 35766069], length 0
19:42:24.702440 IP _gateway.domain > vyrazu-35-ThinkCentre-M70t.54723: 42009 ServFail 0/1/1 (140)
19:42:24.702563 IP vyrazu-35-ThinkCentre-M70t.54723 > _gateway.domain: 42009+ [1au] PTR? 91.129.101.151.in-addr.arpa. (56)
19:42:24.707254 IP vyrazu-35-ThinkCentre-M70t.57904 > 151.101.129.167.https: Flags [.], ack 5257, win 463, options [nop,nop,TS val 4254898613 ecr 3380304162], length 0
19:42:24.714273 IP vyrazu-35-ThinkCentre-M70t.54482 > ec2-3-6-115-182.ap-south-1.compute.amazonaws.com.http: Flags [.], ack 1, win 501, options [nop,nop,TS val 4239960778 ecr 35765702], length 0
19:42:24.743927 IP _gateway.domain > vyrazu-35-ThinkCentre-M70t.54723: 42009 ServFail 0/1/1 (116)
19:42:24.744356 IP vyrazu-35-ThinkCentre-M70t.54723 > _gateway.domain: 42009+ PTR? 91.129.101.151.in-addr.arpa. (45)
19:42:24.754453 IP 162.247.241.14.https > vyrazu-35-ThinkCentre-M70t.41666: Flags [.], ack 2470, win 19, options [nop,nop,TS val 1666879534 ecr 210785340], length 0
19:42:24.755695 IP ec2-3-6-115-182.ap-south-1.compute.amazonaws.com.http > vyrazu-35-ThinkCentre-M70t.54482: Flags [.], ack 1, win 1769, options [nop,nop,TS val 35766757 ecr 4239957559], length 0
19:42:24.777800 IP vyrazu-35-ThinkCentre-M70t.60624 > 172.64.144.122.https: Flags [P.], seq 8127:8678, ack 4518, win 468, options [nop,nop,TS val 3673310495 ecr 3912058348], length 551
19:42:24.786695 IP _gateway.domain > vyrazu-35-ThinkCentre-M70t.54723: 42009 ServFail 0/1/0 (105)
19:42:24.787869 IP 162.247.241.14.https > vyrazu-35-ThinkCentre-M70t.41666: Flags [P.], seq 430:732, ack 2470, win 19, options [nop,nop,TS val 1666879568 ecr 210785340], length 302
19:42:24.787901 IP vyrazu-35-ThinkCentre-M70t.41666 > 162.247.241.14.https: Flags [.], ack 732, win 400, options [nop,nop,TS val 210785445 ecr 1666879568], length 0
19:42:24.787957 IP vyrazu-35-ThinkCentre-M70t.37582 > _gateway.domain: 43860+ [1au] PTR? 91.129.101.151.in-addr.arpa. (56)
19:42:24.810579 ARP, Request who-has 192.168.1.57 tell _gateway, length 28
19:42:24.814576 IP 172.64.144.122.https > vyrazu-35-ThinkCentre-M70t.60624: Flags [.], ack 8678, win 16, options [nop,nop,TS val 3912058590 ecr 3673310495], length 0
19:42:24.816409 IP ec2-34-233-113-213.compute-1.amazonaws.com.https > vyrazu-35-ThinkCentre-M70t.52870: Flags [.], ack 1904, win 120, options [nop,nop,TS val 3581515903 ecr 2568011426], length 0
19:42:24.816940 IP ec2-34-233-113-213.compute-1.amazonaws.com.https > vyrazu-35-ThinkCentre-M70t.52870: Flags [.], seq 1:2897, ack 1904, win 120, options [nop,nop,TS val 3581515903 ecr 2568011426], length 2896
19:42:24.816958 IP vyrazu-35-ThinkCentre-M70t.52870 > ec2-34-233-113-213.compute-1.amazonaws.com.https: Flags [.], ack 2897, win 480, options [nop,nop,TS val 2568011658 ecr 3581515903], length 0
19:42:24.817379 IP ec2-34-233-113-213.compute-1.amazonaws.com.https > vyrazu-35-ThinkCentre-M70t.52870: Flags [P.], seq 2897:4279, ack 1904, win 120, options [nop,nop,TS val 3581515904 ecr 2568011426], length 1382
19:42:24.817396 IP vyrazu-35-ThinkCentre-M70t.52870 > ec2-34-233-113-213.compute-1.amazonaws.com.https: Flags [.], ack 4279, win 470, options [nop,nop,TS val 2568011659 ecr 3581515904], length 0
19:42:24.818136 IP ec2-34-233-113-213.compute-1.amazonaws.com.https > vyrazu-35-ThinkCentre-M70t.52878: Flags [.], ack 1449, win 175, options [nop,nop,TS val 3581515905 ecr 2568011426], length 0
19:42:24.819060 IP ec2-34-233-113-213.compute-1.amazonaws.com.https > vyrazu-35-ThinkCentre-M70t.52878: Flags [.], ack 1904, win 187, options [nop,nop,TS val 3581515906 ecr 2568011426], length 0
19:42:24.819636 IP ec2-34-233-113-213.compute-1.amazonaws.com.https > vyrazu-35-ThinkCentre-M70t.52878: Flags [.], seq 1:2897, ack 1904, win 187, options [nop,nop,TS val 3581515906 ecr 2568011426], length 2896
19:42:24.819720 IP vyrazu-35-ThinkCentre-M70t.52878 > ec2-34-233-113-213.compute-1.amazonaws.com.https: Flags [.], ack 2897, win 480, options [nop,nop,TS val 2568011661 ecr 3581515906], length 0
19:42:24.819999 IP ec2-34-233-113-213.compute-1.amazonaws.com.https > vyrazu-35-ThinkCentre-M70t.52878: Flags [P.], seq 2897:4279, ack 1904, win 187, options [nop,nop,TS val 3581515907 ecr 2568011426], length 1382
19:42:24.820016 IP vyrazu-35-ThinkCentre-M70t.52878 > ec2-34-233-113-213.compute-1.amazonaws.com.https: Flags [.], ack 4279, win 470, options [nop,nop,TS val 2568011661 ecr 3581515907], length 0
19:42:24.820616 IP vyrazu-35-ThinkCentre-M70t.52870 > ec2-34-233-113-213.compute-1.amazonaws.com.https: Flags [P.], seq 1904:2030, ack 4279, win 470, options [nop,nop,TS val 2568011662 ecr 3581515904], length 126
19:42:24.822905 IP vyrazu-35-ThinkCentre-M70t.52878 > ec2-34-233-113-213.compute-1.amazonaws.com.https: Flags [P.], seq 1904:2030, ack 4279, win 470, options [nop,nop,TS val 2568011664 ecr 3581515907], length 126
19:42:24.835502 IP 172.64.144.122.https > vyrazu-35-ThinkCentre-M70t.60624: Flags [P.], seq 4518:4588, ack 8678, win 16, options [nop,nop,TS val 3912058611 ecr 3673310495], length 70
19:42:24.835551 IP vyrazu-35-ThinkCentre-M70t.60624 > 172.64.144.122.https: Flags [.], ack 4588, win 468, options [nop,nop,TS val 3673310553 ecr 3912058611], length 0
19:42:24.842178 IP _gateway.domain > vyrazu-35-ThinkCentre-M70t.37582: 43860 ServFail 0/1/1 (116)
19:42:24.842356 IP vyrazu-35-ThinkCentre-M70t.37582 > _gateway.domain: 43860+ [1au] PTR? 91.129.101.151.in-addr.arpa. (56)
19:42:24.847910 IP ec2-3-6-30-85.ap-south-1.compute.amazonaws.com.http > vyrazu-35-ThinkCentre-M70t.41786: Flags [.], ack 1, win 2098, options [nop,nop,TS val 1456133817 ecr 3268723855], length 0
19:42:24.848052 IP vyrazu-35-ThinkCentre-M70t.41786 > ec2-3-6-30-85.ap-south-1.compute.amazonaws.com.http: Flags [.], ack 1, win 501, options [nop,nop,TS val 3268739226 ecr 1456132915], length 0
19:42:24.880793 IP vyrazu-35-ThinkCentre-M70t.35139 > _gateway.domain: 670+ [1au] HTTPS? external-svc-dal.swiftype.net. (58)
19:42:24.881271 IP vyrazu-35-ThinkCentre-M70t.50150 > _gateway.domain: 16565+ [1au] AAAA? external-svc-dal.swiftype.net. (58)
19:42:24.883163 IP _gateway.domain > vyrazu-35-ThinkCentre-M70t.37582: 43860 ServFail 0/1/1 (116)
19:42:24.883251 IP vyrazu-35-ThinkCentre-M70t.37582 > _gateway.domain: 43860+ PTR? 91.129.101.151.in-addr.arpa. (45)
19:42:24.886938 IP _gateway.domain > vyrazu-35-ThinkCentre-M70t.50150: 16565 0/1/1 (145)
19:42:24.887247 IP _gateway.domain > vyrazu-35-ThinkCentre-M70t.35139: 670 0/1/1 (145)
19:42:24.890043 IP vyrazu-35-ThinkCentre-M70t.57420 > c6.1f.3fa9.ip4.static.sl-reverse.com.https: Flags [S], seq 3270907621, win 64240, options [mss 1460,sackOK,TS val 772975354 ecr 0,nop,wscale 7], length 0
19:42:24.891603 IP vyrazu-35-ThinkCentre-M70t.57428 > c6.1f.3fa9.ip4.static.sl-reverse.com.https: Flags [S], seq 1906175383, win 64240, options [mss 1460,sackOK,TS val 772975356 ecr 0,nop,wscale 7], length 0
19:42:24.922192 IP _gateway.domain > vyrazu-35-ThinkCentre-M70t.37582: 43860 ServFail 0/1/0 (105)
19:42:24.923776 IP vyrazu-35-ThinkCentre-M70t.41642 > _gateway.domain: 53705+ [1au] PTR? 40.42.251.142.in-addr.arpa. (55)
19:42:24.966103 IP _gateway.domain > vyrazu-35-ThinkCentre-M70t.41642: 53705 1/0/1 PTR bom12s20-in-f8.1e100.net. (93)
19:42:24.967023 IP vyrazu-35-ThinkCentre-M70t.57103 > _gateway.domain: 35971+ [1au] PTR? 11.20.35.13.in-addr.arpa. (53)
19:42:24.970251 IP vyrazu-35-ThinkCentre-M70t.41786 > ec2-3-6-30-85.ap-south-1.compute.amazonaws.com.http: Flags [.], ack 1, win 501, options [nop,nop,TS val 3268739349 ecr 1456132915], length 0
19:42:25.000286 IP vyrazu-35-ThinkCentre-M70t.60774 > ec2-3-6-30-85.ap-south-1.compute.amazonaws.com.http: Flags [.], ack 1, win 501, options [nop,nop,TS val 3268739379 ecr 1456132969], length 0
19:42:25.002332 IP ec2-3-6-30-85.ap-south-1.compute.amazonaws.com.http > vyrazu-35-ThinkCentre-M70t.41786: Flags [.], ack 1, win 2098, options [nop,nop,TS val 1456133972 ecr 3268739226], length 0
19:42:25.007547 IP _gateway.domain > vyrazu-35-ThinkCentre-M70t.57103: 35971 1/0/1 PTR server-13-35-20-11.ccu50.r.cloudfront.net. (108)
19:42:25.009379 IP vyrazu-35-ThinkCentre-M70t.56132 > _gateway.domain: 59477+ [1au] PTR? 52.57.54.34.in-addr.arpa. (53)
19:42:25.032218 IP ec2-3-6-30-85.ap-south-1.compute.amazonaws.com.http > vyrazu-35-ThinkCentre-M70t.60774: Flags [.], ack 1, win 2168, options [nop,nop,TS val 1456134002 ecr 3268732815], length 0
19:42:25.041152 IP vyrazu-35-ThinkCentre-M70t.57971 > _gateway.domain: 14260+ [1au] HTTPS? t.contentsquare.net. (48)
19:42:25.041411 IP vyrazu-35-ThinkCentre-M70t.54350 > _gateway.domain: 62045+ [1au] AAAA? t.contentsquare.net. (48)
19:42:25.047030 IP _gateway.domain > vyrazu-35-ThinkCentre-M70t.57971: 14260 0/1/1 (133)
19:42:25.048819 IP _gateway.domain > vyrazu-35-ThinkCentre-M70t.54350: 62045 0/1/1 (133)
19:42:25.052198 IP _gateway.domain > vyrazu-35-ThinkCentre-M70t.56132: 59477 1/0/1 PTR 52.57.54.34.bc.googleusercontent.com. (103)
19:42:25.052607 IP ec2-34-233-113-213.compute-1.amazonaws.com.https > vyrazu-35-ThinkCentre-M70t.52870: Flags [.], ack 2030, win 120, options [nop,nop,TS val 3581516139 ecr 2568011662], length 0
19:42:25.052608 IP ec2-34-233-113-213.compute-1.amazonaws.com.https > vyrazu-35-ThinkCentre-M70t.52870: Flags [P.], seq 4279:4483, ack 2030, win 120, options [nop,nop,TS val 3581516139 ecr 2568011662], length 204
19:42:25.052608 IP ec2-34-233-113-213.compute-1.amazonaws.com.https > vyrazu-35-ThinkCentre-M70t.52870: Flags [P.], seq 4483:4552, ack 2030, win 120, options [nop,nop,TS val 3581516139 ecr 2568011662], length 69
19:42:25.053293 IP vyrazu-35-ThinkCentre-M70t.35415 > _gateway.domain: 63075+ [1au] PTR? 48.14.196.23.in-addr.arpa. (54)
19:42:25.053541 IP vyrazu-35-ThinkCentre-M70t.52870 > ec2-34-233-113-213.compute-1.amazonaws.com.https: Flags [.], ack 4552, win 468, options [nop,nop,TS val 2568011895 ecr 3581516139], length 0
19:42:25.053965 IP vyrazu-35-ThinkCentre-M70t.52870 > ec2-34-233-113-213.compute-1.amazonaws.com.https: Flags [P.], seq 2030:2129, ack 4552, win 468, options [nop,nop,TS val 2568011895 ecr 3581516139], length 99
19:42:25.053977 IP vyrazu-35-ThinkCentre-M70t.52870 > ec2-34-233-113-213.compute-1.amazonaws.com.https: Flags [P.], seq 2129:2453, ack 4552, win 468, options [nop,nop,TS val 2568011895 ecr 3581516139], length 324
19:42:25.054680 IP vyrazu-35-ThinkCentre-M70t.52870 > ec2-34-233-113-213.compute-1.amazonaws.com.https: Flags [P.], seq 2453:2750, ack 4552, win 468, options [nop,nop,TS val 2568011896 ecr 3581516139], length 297
19:42:25.056307 IP ec2-34-233-113-213.compute-1.amazonaws.com.https > vyrazu-35-ThinkCentre-M70t.52878: Flags [.], ack 2030, win 187, options [nop,nop,TS val 3581516143 ecr 2568011664], length 0
19:42:25.056905 IP ec2-34-233-113-213.compute-1.amazonaws.com.https > vyrazu-35-ThinkCentre-M70t.52878: Flags [P.], seq 4279:4483, ack 2030, win 187, options [nop,nop,TS val 3581516143 ecr 2568011664], length 204
19:42:25.057007 IP ec2-34-233-113-213.compute-1.amazonaws.com.https > vyrazu-35-ThinkCentre-M70t.52878: Flags [P.], seq 4483:4552, ack 2030, win 187, options [nop,nop,TS val 3581516143 ecr 2568011664], length 69
19:42:25.059260 IP vyrazu-35-ThinkCentre-M70t.52870 > ec2-34-233-113-213.compute-1.amazonaws.com.https: Flags [P.], seq 2750:2788, ack 4552, win 468, options [nop,nop,TS val 2568011901 ecr 3581516139], length 38
19:42:25.061516 IP vyrazu-35-ThinkCentre-M70t.52878 > ec2-34-233-113-213.compute-1.amazonaws.com.https: Flags [P.], seq 2030:2146, ack 4552, win 468, options [nop,nop,TS val 2568011903 ecr 3581516143], length 116
19:42:25.065176 IP vyrazu-35-ThinkCentre-M70t.52878 > ec2-34-233-113-213.compute-1.amazonaws.com.https: Flags [P.], seq 2146:2177, ack 4552, win 468, options [nop,nop,TS val 2568011906 ecr 3581516143], length 31
19:42:25.065213 IP vyrazu-35-ThinkCentre-M70t.52878 > ec2-34-233-113-213.compute-1.amazonaws.com.https: Flags [F.], seq 2177, ack 4552, win 468, options [nop,nop,TS val 2568011907 ecr 3581516143], length 0
19:42:25.092712 IP _gateway.domain > vyrazu-35-ThinkCentre-M70t.35415: 63075 1/0/1 PTR a23-196-14-48.deploy.static.akamaitechnologies.com. (118)
19:42:25.093733 IP vyrazu-35-ThinkCentre-M70t.32910 > _gateway.domain: 23670+ [1au] PTR? 226.120.58.23.in-addr.arpa. (55)
19:42:25.098335 IP vyrazu-35-ThinkCentre-M70t.53220 > ec2-3-6-115-182.ap-south-1.compute.amazonaws.com.http: Flags [.], ack 1, win 501, options [nop,nop,TS val 4239961162 ecr 35766069], length 0
19:42:25.109259 IP vyrazu-35-ThinkCentre-M70t.57250 > ec2-3-6-115-182.ap-south-1.compute.amazonaws.com.http: Flags [.], ack 1, win 501, options [nop,nop,TS val 4239961173 ecr 35766111], length 0
19:42:25.131414 IP ec2-3-6-115-182.ap-south-1.compute.amazonaws.com.http > vyrazu-35-ThinkCentre-M70t.53220: Flags [.], ack 1, win 2239, options [nop,nop,TS val 35767133 ecr 4239960759], length 0
19:42:25.133108 IP _gateway.domain > vyrazu-35-ThinkCentre-M70t.32910: 23670 1/0/1 PTR a23-58-120-226.deploy.static.akamaitechnologies.com. (120)
19:42:25.134822 IP vyrazu-35-ThinkCentre-M70t.51524 > _gateway.domain: 2075+ [1au] PTR? 84.30.36.23.in-addr.arpa. (53)
19:42:25.142124 IP vyrazu-35-ThinkCentre-M70t.38658 > bom12s20-in-f8.1e100.net.https: UDP, length 1252
19:42:25.142202 IP vyrazu-35-ThinkCentre-M70t.38658 > bom12s20-in-f8.1e100.net.https: UDP, length 1252
19:42:25.142239 IP vyrazu-35-ThinkCentre-M70t.38658 > bom12s20-in-f8.1e100.net.https: UDP, length 1252
19:42:25.144674 IP ec2-3-6-115-182.ap-south-1.compute.amazonaws.com.http > vyrazu-35-ThinkCentre-M70t.57250: Flags [.], ack 1, win 3646, options [nop,nop,TS val 35767146 ecr 4239955009], length 0
19:42:25.146971 IP vyrazu-35-ThinkCentre-M70t.57440 > c6.1f.3fa9.ip4.static.sl-reverse.com.https: Flags [S], seq 557244372, win 64240, options [mss 1460,sackOK,TS val 772975611 ecr 0,nop,wscale 7], length 0
19:42:25.174375 IP c6.1f.3fa9.ip4.static.sl-reverse.com.https > vyrazu-35-ThinkCentre-M70t.57428: Flags [S.], seq 3897675634, ack 1906175384, win 29200, options [mss 1460,nop,wscale 9], length 0
19:42:25.174504 IP vyrazu-35-ThinkCentre-M70t.57428 > c6.1f.3fa9.ip4.static.sl-reverse.com.https: Flags [.], ack 1, win 502, length 0
19:42:25.174820 IP _gateway.domain > vyrazu-35-ThinkCentre-M70t.51524: 2075 1/0/1 PTR a23-36-30-84.deploy.static.akamaitechnologies.com. (116)
19:42:25.176569 IP vyrazu-35-ThinkCentre-M70t.57428 > c6.1f.3fa9.ip4.static.sl-reverse.com.https: Flags [P.], seq 1:1901, ack 1, win 502, length 1900
19:42:25.176612 IP c6.1f.3fa9.ip4.static.sl-reverse.com.https > vyrazu-35-ThinkCentre-M70t.57420: Flags [S.], seq 3346965661, ack 3270907622, win 29200, options [mss 1460,nop,wscale 9], length 0
19:42:25.176679 IP vyrazu-35-ThinkCentre-M70t.57420 > c6.1f.3fa9.ip4.static.sl-reverse.com.https: Flags [.], ack 1, win 502, length 0
19:42:25.178033 IP vyrazu-35-ThinkCentre-M70t.40128 > _gateway.domain: 48359+ [1au] PTR? 167.193.101.151.in-addr.arpa. (57)
19:42:25.178824 IP vyrazu-35-ThinkCentre-M70t.57420 > c6.1f.3fa9.ip4.static.sl-reverse.com.https: Flags [P.], seq 1:1901, ack 1, win 502, length 1900
19:42:25.179194 IP bom12s20-in-f8.1e100.net.https > vyrazu-35-ThinkCentre-M70t.38658: UDP, length 43
19:42:25.179648 IP bom12s20-in-f8.1e100.net.https > vyrazu-35-ThinkCentre-M70t.38658: UDP, length 43
19:42:25.179652 IP bom12s20-in-f8.1e100.net.https > vyrazu-35-ThinkCentre-M70t.38658: UDP, length 1252
19:42:25.179656 IP bom12s20-in-f8.1e100.net.https > vyrazu-35-ThinkCentre-M70t.38658: UDP, length 1252
19:42:25.179948 IP vyrazu-35-ThinkCentre-M70t.47893 > _gateway.domain: 54542+ [1au] HTTPS? app.cdn.lookbookhq.com. (51)
19:42:25.180607 IP vyrazu-35-ThinkCentre-M70t.38202 > _gateway.domain: 5754+ [1au] AAAA? app.cdn.lookbookhq.com. (51)
19:42:25.184933 IP vyrazu-35-ThinkCentre-M70t.34006 > 172.65.251.78.https: Flags [P.], seq 805:2657, ack 1665, win 14005, options [nop,nop,TS val 3509807126 ecr 669227385], length 1852
19:42:25.186538 IP _gateway.domain > vyrazu-35-ThinkCentre-M70t.47893: 54542 0/1/1 (150)
19:42:25.186539 IP _gateway.domain > vyrazu-35-ThinkCentre-M70t.38202: 5754 0/1/1 (150)
19:42:25.186980 IP vyrazu-35-ThinkCentre-M70t.34006 > 172.65.251.78.https: Flags [P.], seq 2657:2692, ack 1665, win 14005, options [nop,nop,TS val 3509807128 ecr 669227385], length 35
19:42:25.187010 IP vyrazu-35-ThinkCentre-M70t.53993 > _gateway.domain: 40206+ [1au] HTTPS? vimeo.map.fastly.net. (49)
19:42:25.187480 IP vyrazu-35-ThinkCentre-M70t.43301 > _gateway.domain: 64809+ [1au] AAAA? vimeo.map.fastly.net. (49)
19:42:25.187857 IP vyrazu-35-ThinkCentre-M70t.55552 > server-13-35-20-107.ccu50.r.cloudfront.net.https: Flags [S], seq 26577445, win 64240, options [mss 1460,sackOK,TS val 1451063428 ecr 0,nop,wscale 7], length 0
19:42:25.188488 IP vyrazu-35-ThinkCentre-M70t.37340 > _gateway.domain: 11955+ [1au] HTTPS? e212585.b.akamaiedge.net. (53)
19:42:25.188787 IP vyrazu-35-ThinkCentre-M70t.42446 > _gateway.domain: 47221+ [1au] AAAA? e212585.b.akamaiedge.net. (53)
19:42:25.190733 IP server-13-35-20-107.ccu50.r.cloudfront.net.https > vyrazu-35-ThinkCentre-M70t.55552: Flags [S.], seq 2084313115, ack 26577446, win 65535, options [mss 1440,sackOK,TS val 1966989354 ecr 1451063428,nop,wscale 9], length 0
19:42:25.190842 IP vyrazu-35-ThinkCentre-M70t.55552 > server-13-35-20-107.ccu50.r.cloudfront.net.https: Flags [.], ack 1, win 502, options [nop,nop,TS val 1451063431 ecr 1966989354], length 0
19:42:25.190910 IP vyrazu-35-ThinkCentre-M70t.40434 > 151.101.192.217.https: Flags [S], seq 1046917312, win 64240, options [mss 1460,sackOK,TS val 378752341 ecr 0,nop,wscale 7], length 0
19:42:25.192903 IP vyrazu-35-ThinkCentre-M70t.55552 > server-13-35-20-107.ccu50.r.cloudfront.net.https: Flags [P.], seq 1:1908, ack 1, win 502, options [nop,nop,TS val 1451063433 ecr 1966989354], length 1907
19:42:25.192949 IP _gateway.domain > vyrazu-35-ThinkCentre-M70t.53993: 40206 0/1/1 (120)
19:42:25.193323 IP vyrazu-35-ThinkCentre-M70t.55400 > _gateway.domain: 59926+ [1au] AAAA? js.qualified.com. (45)
19:42:25.193703 IP _gateway.domain > vyrazu-35-ThinkCentre-M70t.43301: 64809 0/1/1 (120)
19:42:25.194027 IP _gateway.domain > vyrazu-35-ThinkCentre-M70t.42446: 47221 0/1/1 (128)
19:42:25.194825 IP _gateway.domain > vyrazu-35-ThinkCentre-M70t.37340: 11955 0/1/1 (128)
19:42:25.194947 IP 151.101.192.217.https > vyrazu-35-ThinkCentre-M70t.40434: Flags [S.], seq 3491294269, ack 1046917313, win 65535, options [mss 1460,sackOK,TS val 3666943827 ecr 378752341,nop,wscale 9], length 0
19:42:25.194996 IP vyrazu-35-ThinkCentre-M70t.40434 > 151.101.192.217.https: Flags [.], ack 1, win 502, options [nop,nop,TS val 378752345 ecr 3666943827], length 0
19:42:25.196255 IP server-13-35-20-107.ccu50.r.cloudfront.net.https > vyrazu-35-ThinkCentre-M70t.55552: Flags [.], ack 1908, win 136, options [nop,nop,TS val 1966989360 ecr 1451063433], length 0
19:42:25.196712 IP vyrazu-35-ThinkCentre-M70t.40434 > 151.101.192.217.https: Flags [P.], seq 1:1905, ack 1, win 502, options [nop,nop,TS val 378752347 ecr 3666943827], length 1904
19:42:25.196786 IP server-13-35-20-107.ccu50.r.cloudfront.net.https > vyrazu-35-ThinkCentre-M70t.55552: Flags [.], seq 1:1429, ack 1908, win 136, options [nop,nop,TS val 1966989360 ecr 1451063433], length 1428
19:42:25.196810 IP vyrazu-35-ThinkCentre-M70t.55552 > server-13-35-20-107.ccu50.r.cloudfront.net.https: Flags [.], ack 1429, win 491, options [nop,nop,TS val 1451063437 ecr 1966989360], length 0
19:42:25.197990 IP server-13-35-20-107.ccu50.r.cloudfront.net.https > vyrazu-35-ThinkCentre-M70t.55552: Flags [.], seq 1429:2857, ack 1908, win 136, options [nop,nop,TS val 1966989360 ecr 1451063433], length 1428
19:42:25.198010 IP vyrazu-35-ThinkCentre-M70t.55552 > server-13-35-20-107.ccu50.r.cloudfront.net.https: Flags [.], ack 2857, win 480, options [nop,nop,TS val 1451063438 ecr 1966989360], length 0
19:42:25.198249 IP server-13-35-20-107.ccu50.r.cloudfront.net.https > vyrazu-35-ThinkCentre-M70t.55552: Flags [P.], seq 2857:4285, ack 1908, win 136, options [nop,nop,TS val 1966989360 ecr 1451063433], length 1428
19:42:25.198254 IP server-13-35-20-107.ccu50.r.cloudfront.net.https > vyrazu-35-ThinkCentre-M70t.55552: Flags [P.], seq 4285:4853, ack 1908, win 136, options [nop,nop,TS val 1966989361 ecr 1451063433], length 568
19:42:25.198279 IP vyrazu-35-ThinkCentre-M70t.55552 > server-13-35-20-107.ccu50.r.cloudfront.net.https: Flags [.], ack 4285, win 469, options [nop,nop,TS val 1451063439 ecr 1966989360], length 0
19:42:25.198298 IP vyrazu-35-ThinkCentre-M70t.55552 > server-13-35-20-107.ccu50.r.cloudfront.net.https: Flags [.], ack 4853, win 465, options [nop,nop,TS val 1451063439 ecr 1966989361], length 0
19:42:25.199354 IP _gateway.domain > vyrazu-35-ThinkCentre-M70t.55400: 59926 0/1/1 (121)
19:42:25.201288 IP vyrazu-35-ThinkCentre-M70t.55552 > server-13-35-20-107.ccu50.r.cloudfront.net.https: Flags [P.], seq 1908:1972, ack 4853, win 465, options [nop,nop,TS val 1451063442 ecr 1966989361], length 64
19:42:25.202063 IP 151.101.192.217.https > vyrazu-35-ThinkCentre-M70t.40434: Flags [.], ack 1905, win 291, options [nop,nop,TS val 3666943834 ecr 378752347], length 0
19:42:25.202261 IP vyrazu-35-ThinkCentre-M70t.55552 > server-13-35-20-107.ccu50.r.cloudfront.net.https: Flags [P.], seq 1972:2064, ack 4853, win 465, options [nop,nop,TS val 1451063443 ecr 1966989361], length 92
19:42:25.202479 IP vyrazu-35-ThinkCentre-M70t.57068 > 104.18.17.5.https: Flags [S], seq 2203881970, win 64240, options [mss 1460,sackOK,TS val 1110440073 ecr 0,nop,wscale 7], length 0
19:42:25.203381 IP 151.101.192.217.https > vyrazu-35-ThinkCentre-M70t.40434: Flags [.], seq 1:2889, ack 1905, win 291, options [nop,nop,TS val 3666943835 ecr 378752347], length 2888
19:42:25.203411 IP vyrazu-35-ThinkCentre-M70t.40434 > 151.101.192.217.https: Flags [.], ack 2889, win 480, options [nop,nop,TS val 378752354 ecr 3666943835], length 0
19:42:25.204528 IP 151.101.192.217.https > vyrazu-35-ThinkCentre-M70t.40434: Flags [P.], seq 2889:5330, ack 1905, win 291, options [nop,nop,TS val 3666943835 ecr 378752347], length 2441
19:42:25.204583 IP vyrazu-35-ThinkCentre-M70t.40434 > 151.101.192.217.https: Flags [.], ack 5330, win 461, options [nop,nop,TS val 378752355 ecr 3666943835], length 0
19:42:25.204890 IP server-13-35-20-107.ccu50.r.cloudfront.net.https > vyrazu-35-ThinkCentre-M70t.55552: Flags [.], ack 2064, win 136, options [nop,nop,TS val 1966989367 ecr 1451063443], length 0
19:42:25.204893 IP server-13-35-20-107.ccu50.r.cloudfront.net.https > vyrazu-35-ThinkCentre-M70t.55552: Flags [P.], seq 4853:5032, ack 2064, win 136, options [nop,nop,TS val 1966989368 ecr 1451063443], length 179
19:42:25.204894 IP server-13-35-20-107.ccu50.r.cloudfront.net.https > vyrazu-35-ThinkCentre-M70t.55552: Flags [P.], seq 5032:5103, ack 2064, win 136, options [nop,nop,TS val 1966989368 ecr 1451063443], length 71
19:42:25.207956 IP vyrazu-35-ThinkCentre-M70t.55552 > server-13-35-20-107.ccu50.r.cloudfront.net.https: Flags [.], ack 5103, win 464, options [nop,nop,TS val 1451063448 ecr 1966989368], length 0
19:42:25.208207 IP vyrazu-35-ThinkCentre-M70t.55552 > server-13-35-20-107.ccu50.r.cloudfront.net.https: Flags [P.], seq 2064:2095, ack 5103, win 464, options [nop,nop,TS val 1451063449 ecr 1966989368], length 31
19:42:25.210325 IP vyrazu-35-ThinkCentre-M70t.40434 > 151.101.192.217.https: Flags [P.], seq 1905:1998, ack 5330, win 461, options [nop,nop,TS val 378752361 ecr 3666943835], length 93
19:42:25.213593 IP 151.101.192.217.https > vyrazu-35-ThinkCentre-M70t.40434: Flags [.], ack 1998, win 291, options [nop,nop,TS val 3666943846 ecr 378752361], length 0
19:42:25.214225 IP 151.101.192.217.https > vyrazu-35-ThinkCentre-M70t.40434: Flags [P.], seq 5330:5588, ack 1998, win 291, options [nop,nop,TS val 3666943846 ecr 378752361], length 258
19:42:25.214602 IP vyrazu-35-ThinkCentre-M70t.56202 > 52.57.54.34.bc.googleusercontent.com.https: Flags [P.], seq 2093:4839, ack 5158, win 465, options [nop,nop,TS val 1824367719 ecr 3509674482], length 2746
19:42:25.215418 IP vyrazu-35-ThinkCentre-M70t.56202 > 52.57.54.34.bc.googleusercontent.com.https: Flags [P.], seq 4839:5570, ack 5158, win 465, options [nop,nop,TS val 1824367720 ecr 3509674482], length 731
19:42:25.215500 IP vyrazu-35-ThinkCentre-M70t.43639 > _gateway.domain: 38442+ [1au] HTTPS? trkn.us. (36)
19:42:25.215684 IP vyrazu-35-ThinkCentre-M70t.38639 > _gateway.domain: 9321+ [1au] AAAA? trkn.us. (36)
19:42:25.216523 IP vyrazu-35-ThinkCentre-M70t.59624 > 104.18.22.60.https: Flags [S], seq 938862638, win 64240, options [mss 1460,sackOK,TS val 1072266072 ecr 0,nop,wscale 7], length 0
19:42:25.217631 IP vyrazu-35-ThinkCentre-M70t.49773 > 52.57.54.34.bc.googleusercontent.com.https: UDP, length 1252
19:42:25.217687 IP vyrazu-35-ThinkCentre-M70t.49773 > 52.57.54.34.bc.googleusercontent.com.https: UDP, length 1252
19:42:25.218468 IP vyrazu-35-ThinkCentre-M70t.56202 > 52.57.54.34.bc.googleusercontent.com.https: Flags [P.], seq 5570:6303, ack 5158, win 465, options [nop,nop,TS val 1824367723 ecr 3509674482], length 733
19:42:25.218767 IP vyrazu-35-ThinkCentre-M70t.40434 > 151.101.192.217.https: Flags [P.], seq 1998:2097, ack 5588, win 459, options [nop,nop,TS val 378752369 ecr 3666943846], length 99
19:42:25.218801 IP vyrazu-35-ThinkCentre-M70t.40434 > 151.101.192.217.https: Flags [P.], seq 2097:2414, ack 5588, win 459, options [nop,nop,TS val 378752369 ecr 3666943846], length 317
19:42:25.219741 IP vyrazu-35-ThinkCentre-M70t.56202 > 52.57.54.34.bc.googleusercontent.com.https: Flags [P.], seq 6303:7031, ack 5158, win 465, options [nop,nop,TS val 1824367724 ecr 3509674482], length 728
19:42:25.221429 IP _gateway.domain > vyrazu-35-ThinkCentre-M70t.43639: 38442 0/1/1 (114)
19:42:25.221812 IP _gateway.domain > vyrazu-35-ThinkCentre-M70t.38639: 9321 0/1/1 (114)
19:42:25.222225 IP _gateway.domain > vyrazu-35-ThinkCentre-M70t.40128: 48359 ServFail 0/1/1 (117)
19:42:25.222426 IP vyrazu-35-ThinkCentre-M70t.40128 > _gateway.domain: 48359+ [1au] PTR? 167.193.101.151.in-addr.arpa. (57)
19:42:25.222794 IP 151.101.192.217.https > vyrazu-35-ThinkCentre-M70t.40434: Flags [.], ack 2414, win 296, options [nop,nop,TS val 3666943854 ecr 378752369], length 0
19:42:25.223129 IP 172.65.251.78.https > vyrazu-35-ThinkCentre-M70t.34006: Flags [.], ack 2657, win 19, options [nop,nop,TS val 669228943 ecr 3509807126], length 0
19:42:25.223261 IP 151.101.192.217.https > vyrazu-35-ThinkCentre-M70t.40434: Flags [P.], seq 5588:5660, ack 2414, win 296, options [nop,nop,TS val 3666943855 ecr 378752369], length 72
19:42:25.223262 IP 151.101.192.217.https > vyrazu-35-ThinkCentre-M70t.40434: Flags [P.], seq 5660:5889, ack 2414, win 296, options [nop,nop,TS val 3666943855 ecr 378752369], length 229
19:42:25.223965 IP 172.65.251.78.https > vyrazu-35-ThinkCentre-M70t.34006: Flags [.], ack 2692, win 19, options [nop,nop,TS val 669228944 ecr 3509807128], length 0
19:42:25.224563 IP vyrazu-35-ThinkCentre-M70t.40434 > 151.101.192.217.https: Flags [P.], seq 2414:2452, ack 5889, win 457, options [nop,nop,TS val 378752375 ecr 3666943855], length 38
19:42:25.226398 IP vyrazu-35-ThinkCentre-M70t.38658 > bom12s20-in-f8.1e100.net.https: UDP, length 1252
19:42:25.227765 IP 151.101.192.217.https > vyrazu-35-ThinkCentre-M70t.40434: Flags [.], ack 2452, win 296, options [nop,nop,TS val 3666943859 ecr 378752375], length 0
19:42:25.235272 IP vyrazu-35-ThinkCentre-M70t.34916 > ec2-3-6-30-85.ap-south-1.compute.amazonaws.com.http: Flags [.], ack 1, win 501, options [nop,nop,TS val 3268739614 ecr 1456133204], length 0
19:42:25.239263 IP bom12s20-in-f8.1e100.net.https > vyrazu-35-ThinkCentre-M70t.38658: UDP, length 1252
19:42:25.239573 IP bom12s20-in-f8.1e100.net.https > vyrazu-35-ThinkCentre-M70t.38658: UDP, length 311
19:42:25.239731 IP bom12s20-in-f8.1e100.net.https > vyrazu-35-ThinkCentre-M70t.38658: UDP, length 617
19:42:25.239734 IP bom12s20-in-f8.1e100.net.https > vyrazu-35-ThinkCentre-M70t.38658: UDP, length 28
19:42:25.241099 IP 104.18.17.5.https > vyrazu-35-ThinkCentre-M70t.57068: Flags [S.], seq 89097317, ack 2203881971, win 65535, options [mss 1400,sackOK,TS val 3022505433 ecr 1110440073,nop,wscale 13], length 0
19:42:25.241330 IP vyrazu-35-ThinkCentre-M70t.57068 > 104.18.17.5.https: Flags [.], ack 1, win 502, options [nop,nop,TS val 1110440112 ecr 3022505433], length 0
19:42:25.244493 IP vyrazu-35-ThinkCentre-M70t.38658 > bom12s20-in-f8.1e100.net.https: UDP, length 113
19:42:25.245197 IP vyrazu-35-ThinkCentre-M70t.57330 > ec2-3-6-98-232.ap-south-1.compute.amazonaws.com.http: Flags [.], ack 1, win 501, options [nop,nop,TS val 4263181494 ecr 3143436716], length 0
19:42:25.245450 IP vyrazu-35-ThinkCentre-M70t.57068 > 104.18.17.5.https: Flags [P.], seq 1:1902, ack 1, win 502, options [nop,nop,TS val 1110440116 ecr 3022505433], length 1901
19:42:25.247234 IP vyrazu-35-ThinkCentre-M70t.38390 > ec2-3-6-115-64.ap-south-1.compute.amazonaws.com.http: Flags [.], ack 1, win 501, options [nop,nop,TS val 3327829474 ecr 2970393717], length 0
19:42:25.247258 IP vyrazu-35-ThinkCentre-M70t.53798 > ec2-3-6-115-64.ap-south-1.compute.amazonaws.com.http: Flags [.], ack 1, win 501, options [nop,nop,TS val 3327829474 ecr 2970393717], length 0
19:42:25.250404 IP 52.57.54.34.bc.googleusercontent.com.https > vyrazu-35-ThinkCentre-M70t.56202: Flags [.], ack 4839, win 1034, options [nop,nop,TS val 3509675761 ecr 1824367719], length 0
19:42:25.251493 IP 52.57.54.34.bc.googleusercontent.com.https > vyrazu-35-ThinkCentre-M70t.56202: Flags [.], ack 5570, win 1032, options [nop,nop,TS val 3509675762 ecr 1824367720], length 0
19:42:25.252319 IP 104.18.22.60.https > vyrazu-35-ThinkCentre-M70t.59624: Flags [S.], seq 1461931425, ack 938862639, win 65535, options [mss 1400,sackOK,TS val 1351220355 ecr 1072266072,nop,wscale 13], length 0
19:42:25.252391 IP vyrazu-35-ThinkCentre-M70t.59624 > 104.18.22.60.https: Flags [.], ack 1, win 502, options [nop,nop,TS val 1072266108 ecr 1351220355], length 0
19:42:25.254478 IP vyrazu-35-ThinkCentre-M70t.59624 > 104.18.22.60.https: Flags [P.], seq 1:1901, ack 1, win 502, options [nop,nop,TS val 1072266110 ecr 1351220355], length 1900
19:42:25.255416 IP 52.57.54.34.bc.googleusercontent.com.https > vyrazu-35-ThinkCentre-M70t.56202: Flags [.], ack 6303, win 1030, options [nop,nop,TS val 3509675766 ecr 1824367723], length 0
19:42:25.255895 IP 52.57.54.34.bc.googleusercontent.com.https > vyrazu-35-ThinkCentre-M70t.49773: UDP, length 43
19:42:25.257148 IP 52.57.54.34.bc.googleusercontent.com.https > vyrazu-35-ThinkCentre-M70t.49773: UDP, length 1252
19:42:25.257580 IP 52.57.54.34.bc.googleusercontent.com.https > vyrazu-35-ThinkCentre-M70t.56202: Flags [.], ack 7031, win 1028, options [nop,nop,TS val 3509675768 ecr 1824367724], length 0
19:42:25.264427 IP _gateway.domain > vyrazu-35-ThinkCentre-M70t.40128: 48359 ServFail 0/1/1 (117)
19:42:25.264733 IP vyrazu-35-ThinkCentre-M70t.40128 > _gateway.domain: 48359+ PTR? 167.193.101.151.in-addr.arpa. (46)
19:42:25.265038 IP bom12s20-in-f8.1e100.net.https > vyrazu-35-ThinkCentre-M70t.38658: UDP, length 1252
19:42:25.265041 IP bom12s20-in-f8.1e100.net.https > vyrazu-35-ThinkCentre-M70t.38658: UDP, length 27
19:42:25.266276 IP server-13-35-20-107.ccu50.r.cloudfront.net.https > vyrazu-35-ThinkCentre-M70t.55552: Flags [.], ack 2095, win 136, options [nop,nop,TS val 1966989430 ecr 1451063449], length 0
19:42:25.268318 IP ec2-3-6-30-85.ap-south-1.compute.amazonaws.com.http > vyrazu-35-ThinkCentre-M70t.34916: Flags [.], ack 1, win 442, options [nop,nop,TS val 1456134237 ecr 3268730896], length 0
19:42:25.277822 IP ec2-3-6-98-232.ap-south-1.compute.amazonaws.com.http > vyrazu-35-ThinkCentre-M70t.57330: Flags [.], ack 1, win 442, options [nop,nop,TS val 3143437751 ecr 4263177914], length 0
19:42:25.280113 IP bom12s20-in-f8.1e100.net.https > vyrazu-35-ThinkCentre-M70t.38658: UDP, length 123
19:42:25.282531 IP ec2-3-6-115-64.ap-south-1.compute.amazonaws.com.http > vyrazu-35-ThinkCentre-M70t.53798: Flags [.], ack 1, win 1704, options [nop,nop,TS val 2970394752 ecr 3327825648], length 0
19:42:25.282535 IP ec2-3-6-115-64.ap-south-1.compute.amazonaws.com.http > vyrazu-35-ThinkCentre-M70t.38390: Flags [.], ack 1, win 2383, options [nop,nop,TS val 2970394752 ecr 3327819257], length 0
19:42:25.284133 IP vyrazu-35-ThinkCentre-M70t.45603 > _gateway.domain: 641+ [1au] A? snowplowprd.trx.gitlab.net. (55)
19:42:25.284298 IP vyrazu-35-ThinkCentre-M70t.54072 > _gateway.domain: 15536+ [1au] AAAA? snowplowprd.trx.gitlab.net. (55)
19:42:25.284545 IP 104.18.17.5.https > vyrazu-35-ThinkCentre-M70t.57068: Flags [.], ack 1902, win 16, options [nop,nop,TS val 3022505476 ecr 1110440116], length 0
19:42:25.285779 IP ec2-34-233-113-213.compute-1.amazonaws.com.https > vyrazu-35-ThinkCentre-M70t.52870: Flags [P.], seq 4552:4590, ack 2129, win 120, options [nop,nop,TS val 3581516373 ecr 2568011895], length 38
19:42:25.286285 IP vyrazu-35-ThinkCentre-M70t.44106 > ec2-52-14-202-28.us-east-2.compute.amazonaws.com.https: Flags [P.], seq 10459709:10459812, ack 3363798922, win 501, options [nop,nop,TS val 1686441662 ecr 2767490599], length 103
19:42:25.286379 IP vyrazu-35-ThinkCentre-M70t.44106 > ec2-52-14-202-28.us-east-2.compute.amazonaws.com.https: Flags [P.], seq 103:1100, ack 1, win 501, options [nop,nop,TS val 1686441662 ecr 2767490599], length 997
19:42:25.288162 IP 104.18.17.5.https > vyrazu-35-ThinkCentre-M70t.57068: Flags [.], seq 1:1449, ack 1902, win 16, options [nop,nop,TS val 3022505479 ecr 1110440116], length 1448
19:42:25.288236 IP vyrazu-35-ThinkCentre-M70t.57068 > 104.18.17.5.https: Flags [.], ack 1449, win 491, options [nop,nop,TS val 1110440159 ecr 3022505479], length 0
19:42:25.288722 IP 104.18.17.5.https > vyrazu-35-ThinkCentre-M70t.57068: Flags [P.], seq 1449:3462, ack 1902, win 16, options [nop,nop,TS val 3022505479 ecr 1110440116], length 2013
19:42:25.288765 IP vyrazu-35-ThinkCentre-M70t.57068 > 104.18.17.5.https: Flags [.], ack 3462, win 476, options [nop,nop,TS val 1110440159 ecr 3022505479], length 0
19:42:25.289003 IP ec2-34-233-113-213.compute-1.amazonaws.com.https > vyrazu-35-ThinkCentre-M70t.52870: Flags [.], ack 2750, win 143, options [nop,nop,TS val 3581516375 ecr 2568011895], length 0
19:42:25.290210 IP vyrazu-35-ThinkCentre-M70t.59792 > ec2-3-6-122-107.ap-south-1.compute.amazonaws.com.http: Flags [.], ack 1, win 501, options [nop,nop,TS val 215698486 ecr 1118648054], length 0
19:42:25.293615 IP vyrazu-35-ThinkCentre-M70t.57068 > 104.18.17.5.https: Flags [P.], seq 1902:1966, ack 3462, win 476, options [nop,nop,TS val 1110440164 ecr 3022505479], length 64
19:42:25.294666 IP 104.18.22.60.https > vyrazu-35-ThinkCentre-M70t.59624: Flags [.], ack 1389, win 16, options [nop,nop,TS val 1351220397 ecr 1072266110], length 0
19:42:25.294932 IP 104.18.22.60.https > vyrazu-35-ThinkCentre-M70t.59624: Flags [.], ack 1901, win 16, options [nop,nop,TS val 1351220397 ecr 1072266110], length 0
19:42:25.295209 IP ec2-34-233-113-213.compute-1.amazonaws.com.https > vyrazu-35-ThinkCentre-M70t.52878: Flags [P.], seq 4552:4590, ack 2146, win 187, options [nop,nop,TS val 3581516382 ecr 2568011903], length 38
19:42:25.295326 IP vyrazu-35-ThinkCentre-M70t.52878 > ec2-34-233-113-213.compute-1.amazonaws.com.https: Flags [R], seq 2358559773, win 0, length 0
19:42:25.295546 IP vyrazu-35-ThinkCentre-M70t.57068 > 104.18.17.5.https: Flags [P.], seq 1966:2058, ack 3462, win 476, options [nop,nop,TS val 1110440166 ecr 3022505479], length 92
19:42:25.295650 IP vyrazu-35-ThinkCentre-M70t.57068 > 104.18.17.5.https: Flags [P.], seq 2058:2511, ack 3462, win 476, options [nop,nop,TS val 1110440166 ecr 3022505479], length 453
19:42:25.296635 IP ec2-34-233-113-213.compute-1.amazonaws.com.https > vyrazu-35-ThinkCentre-M70t.52870: Flags [P.], seq 4590:5039, ack 2788, win 143, options [nop,nop,TS val 3581516384 ecr 2568011901], length 449
19:42:25.297006 IP ec2-34-233-113-213.compute-1.amazonaws.com.https > vyrazu-35-ThinkCentre-M70t.52870: Flags [P.], seq 5039:5077, ack 2788, win 143, options [nop,nop,TS val 3581516384 ecr 2568011901], length 38
19:42:25.298371 IP ec2-34-233-113-213.compute-1.amazonaws.com.https > vyrazu-35-ThinkCentre-M70t.52878: Flags [F.], seq 4590, ack 2178, win 187, options [nop,nop,TS val 3581516385 ecr 2568011906], length 0
19:42:25.298427 IP vyrazu-35-ThinkCentre-M70t.52878 > ec2-34-233-113-213.compute-1.amazonaws.com.https: Flags [R], seq 2358559805, win 0, length 0
19:42:25.298814 IP 104.18.22.60.https > vyrazu-35-ThinkCentre-M70t.59624: Flags [.], seq 1:1449, ack 1901, win 16, options [nop,nop,TS val 1351220402 ecr 1072266110], length 1448
19:42:25.298840 IP vyrazu-35-ThinkCentre-M70t.59624 > 104.18.22.60.https: Flags [.], ack 1449, win 491, options [nop,nop,TS val 1072266154 ecr 1351220402], length 0
19:42:25.299299 IP 104.18.22.60.https > vyrazu-35-ThinkCentre-M70t.59624: Flags [P.], seq 1449:3474, ack 1901, win 16, options [nop,nop,TS val 1351220402 ecr 1072266110], length 2025
19:42:25.299342 IP vyrazu-35-ThinkCentre-M70t.59624 > 104.18.22.60.https: Flags [.], ack 3474, win 476, options [nop,nop,TS val 1072266155 ecr 1351220402], length 0
19:42:25.302581 IP vyrazu-35-ThinkCentre-M70t.52870 > ec2-34-233-113-213.compute-1.amazonaws.com.https: Flags [.], ack 5077, win 464, options [nop,nop,TS val 2568012144 ecr 3581516373], length 0
19:42:25.303998 IP _gateway.domain > vyrazu-35-ThinkCentre-M70t.40128: 48359 ServFail 0/1/0 (106)
19:42:25.305726 IP vyrazu-35-ThinkCentre-M70t.55200 > _gateway.domain: 13580+ [1au] PTR? 167.193.101.151.in-addr.arpa. (57)
19:42:25.305894 IP vyrazu-35-ThinkCentre-M70t.38658 > bom12s20-in-f8.1e100.net.https: UDP, length 34
19:42:25.306554 IP vyrazu-35-ThinkCentre-M70t.59624 > 104.18.22.60.https: Flags [P.], seq 1901:1965, ack 3474, win 476, options [nop,nop,TS val 1072266162 ecr 1351220402], length 64
19:42:25.307539 IP vyrazu-35-ThinkCentre-M70t.59624 > 104.18.22.60.https: Flags [P.], seq 1965:2057, ack 3474, win 476, options [nop,nop,TS val 1072266163 ecr 1351220402], length 92
19:42:25.307584 IP vyrazu-35-ThinkCentre-M70t.59624 > 104.18.22.60.https: Flags [P.], seq 2057:2320, ack 3474, win 476, options [nop,nop,TS val 1072266163 ecr 1351220402], length 263
19:42:25.316808 IP vyrazu-35-ThinkCentre-M70t.49773 > 52.57.54.34.bc.googleusercontent.com.https: UDP, length 1252
19:42:25.324684 IP ec2-3-6-122-107.ap-south-1.compute.amazonaws.com.http > vyrazu-35-ThinkCentre-M70t.59792: Flags [.], ack 1, win 448, options [nop,nop,TS val 1118649116 ecr 215697343], length 0
19:42:25.324911 IP _gateway.domain > vyrazu-35-ThinkCentre-M70t.54072: 15536 1/1/1 CNAME snowplowprdnlb-1490493263.us-east-2.elb.amazonaws.com. (207)
19:42:25.325809 IP _gateway.domain > vyrazu-35-ThinkCentre-M70t.45603: 641 4/0/1 CNAME snowplowprdnlb-1490493263.us-east-2.elb.amazonaws.com., A 52.14.202.28, A 18.218.44.153, A 3.128.6.7 (170)
19:42:25.325818 IP vyrazu-35-ThinkCentre-M70t.42015 > _gateway.domain: 38244+ [1au] AAAA? snowplowprdnlb-1490493263.us-east-2.elb.amazonaws.com. (82)
19:42:25.326353 IP 52.57.54.34.bc.googleusercontent.com.https > vyrazu-35-ThinkCentre-M70t.49773: UDP, length 1252
19:42:25.327107 IP 52.57.54.34.bc.googleusercontent.com.https > vyrazu-35-ThinkCentre-M70t.49773: UDP, length 1252
19:42:25.327109 IP 52.57.54.34.bc.googleusercontent.com.https > vyrazu-35-ThinkCentre-M70t.49773: UDP, length 1252
19:42:25.327109 IP 52.57.54.34.bc.googleusercontent.com.https > vyrazu-35-ThinkCentre-M70t.49773: UDP, length 1108
19:42:25.328489 IP vyrazu-35-ThinkCentre-M70t.49773 > 52.57.54.34.bc.googleusercontent.com.https: UDP, length 43
19:42:25.330205 IP 104.18.17.5.https > vyrazu-35-ThinkCentre-M70t.57068: Flags [P.], seq 3462:3974, ack 1966, win 16, options [nop,nop,TS val 3022505522 ecr 1110440164], length 512
19:42:25.332022 IP 104.18.17.5.https > vyrazu-35-ThinkCentre-M70t.57068: Flags [P.], seq 3974:4005, ack 2058, win 16, options [nop,nop,TS val 3022505524 ecr 1110440166], length 31
19:42:25.332247 IP vyrazu-35-ThinkCentre-M70t.57068 > 104.18.17.5.https: Flags [P.], seq 2511:2542, ack 4005, win 472, options [nop,nop,TS val 1110440203 ecr 3022505522], length 31
19:42:25.332348 IP _gateway.domain > vyrazu-35-ThinkCentre-M70t.42015: 38244 0/1/1 (167)
19:42:25.332747 IP vyrazu-35-ThinkCentre-M70t.49773 > 52.57.54.34.bc.googleusercontent.com.https: UDP, length 131
19:42:25.332823 IP vyrazu-35-ThinkCentre-M70t.49773 > 52.57.54.34.bc.googleusercontent.com.https: UDP, length 71
19:42:25.339673 IP 104.18.17.5.https > vyrazu-35-ThinkCentre-M70t.57068: Flags [P.], seq 4005:4501, ack 2511, win 16, options [nop,nop,TS val 3022505531 ecr 1110440166], length 496
19:42:25.343411 IP 104.18.22.60.https > vyrazu-35-ThinkCentre-M70t.59624: Flags [.], ack 2057, win 16, options [nop,nop,TS val 1351220446 ecr 1072266162], length 0
19:42:25.343737 IP 104.18.22.60.https > vyrazu-35-ThinkCentre-M70t.59624: Flags [P.], seq 3474:3995, ack 2057, win 16, options [nop,nop,TS val 1351220446 ecr 1072266162], length 521
19:42:25.344732 IP vyrazu-35-ThinkCentre-M70t.59624 > 104.18.22.60.https: Flags [P.], seq 2320:2351, ack 3995, win 472, options [nop,nop,TS val 1072266200 ecr 1351220446], length 31
19:42:25.345844 IP _gateway.domain > vyrazu-35-ThinkCentre-M70t.55200: 13580 ServFail 0/1/1 (117)
19:42:25.346194 IP vyrazu-35-ThinkCentre-M70t.55200 > _gateway.domain: 13580+ [1au] PTR? 167.193.101.151.in-addr.arpa. (57)
19:42:25.354857 IP 52.57.54.34.bc.googleusercontent.com.https > vyrazu-35-ThinkCentre-M70t.49773: UDP, length 1252
19:42:25.355827 IP vyrazu-35-ThinkCentre-M70t.49773 > 52.57.54.34.bc.googleusercontent.com.https: UDP, length 83
19:42:25.369384 IP 52.57.54.34.bc.googleusercontent.com.https > vyrazu-35-ThinkCentre-M70t.49773: UDP, length 571
19:42:25.370194 IP 52.57.54.34.bc.googleusercontent.com.https > vyrazu-35-ThinkCentre-M70t.49773: UDP, length 124
19:42:25.370196 IP 52.57.54.34.bc.googleusercontent.com.https > vyrazu-35-ThinkCentre-M70t.49773: UDP, length 26
19:42:25.371839 IP vyrazu-35-ThinkCentre-M70t.49773 > 52.57.54.34.bc.googleusercontent.com.https: UDP, length 31
19:42:25.380220 IP vyrazu-35-ThinkCentre-M70t.57068 > 104.18.17.5.https: Flags [.], ack 4501, win 469, options [nop,nop,TS val 1110440251 ecr 3022505531], length 0
19:42:25.380383 IP 104.18.22.60.https > vyrazu-35-ThinkCentre-M70t.59624: Flags [.], ack 2351, win 16, options [nop,nop,TS val 1351220483 ecr 1072266163], length 0
19:42:25.387238 IP _gateway.domain > vyrazu-35-ThinkCentre-M70t.55200: 13580 ServFail 0/1/1 (117)
19:42:25.387348 IP vyrazu-35-ThinkCentre-M70t.55200 > _gateway.domain: 13580+ PTR? 167.193.101.151.in-addr.arpa. (46)
19:42:25.410137 IP 104.18.17.5.https > vyrazu-35-ThinkCentre-M70t.57068: Flags [.], ack 2542, win 16, options [nop,nop,TS val 3022505602 ecr 1110440203], length 0
19:42:25.429569 IP _gateway.domain > vyrazu-35-ThinkCentre-M70t.55200: 13580 ServFail 0/1/0 (106)
19:42:25.430675 IP c6.1f.3fa9.ip4.static.sl-reverse.com.https > vyrazu-35-ThinkCentre-M70t.57440: Flags [S.], seq 2925707307, ack 557244373, win 29200, options [mss 1460,nop,wscale 9], length 0
19:42:25.430818 IP vyrazu-35-ThinkCentre-M70t.57440 > c6.1f.3fa9.ip4.static.sl-reverse.com.https: Flags [.], ack 1, win 502, length 0
19:42:25.431816 IP vyrazu-35-ThinkCentre-M70t.57440 > c6.1f.3fa9.ip4.static.sl-reverse.com.https: Flags [P.], seq 1:1901, ack 1, win 502, length 1900
19:42:25.432021 IP vyrazu-35-ThinkCentre-M70t.57579 > _gateway.domain: 18910+ [1au] PTR? 91.193.101.151.in-addr.arpa. (56)
19:42:25.459134 IP c6.1f.3fa9.ip4.static.sl-reverse.com.https > vyrazu-35-ThinkCentre-M70t.57428: Flags [.], ack 1901, win 65, length 0
19:42:25.460333 IP vyrazu-35-ThinkCentre-M70t.50086 > _gateway.domain: 22487+ [1au] HTTPS? jukebox.pathfactory.com. (52)
19:42:25.460506 IP vyrazu-35-ThinkCentre-M70t.40916 > _gateway.domain: 28105+ [1au] A? jukebox.pathfactory.com. (52)
19:42:25.460574 IP vyrazu-35-ThinkCentre-M70t.50760 > _gateway.domain: 65465+ [1au] AAAA? jukebox.pathfactory.com. (52)
19:42:25.462657 IP 52.57.54.34.bc.googleusercontent.com.https > vyrazu-35-ThinkCentre-M70t.56202: Flags [P.], seq 5158:5775, ack 7031, win 1028, options [nop,nop,TS val 3509675972 ecr 1824367724], length 617
19:42:25.462743 IP vyrazu-35-ThinkCentre-M70t.56202 > 52.57.54.34.bc.googleusercontent.com.https: Flags [.], ack 5775, win 461, options [nop,nop,TS val 1824367967 ecr 3509675972], length 0
19:42:25.462922 IP 52.57.54.34.bc.googleusercontent.com.https > vyrazu-35-ThinkCentre-M70t.56202: Flags [P.], seq 5775:5841, ack 7031, win 1028, options [nop,nop,TS val 3509675972 ecr 1824367724], length 66
19:42:25.462935 IP vyrazu-35-ThinkCentre-M70t.56202 > 52.57.54.34.bc.googleusercontent.com.https: Flags [.], ack 5841, win 461, options [nop,nop,TS val 1824367967 ecr 3509675972], length 0
19:42:25.464891 IP 52.57.54.34.bc.googleusercontent.com.https > vyrazu-35-ThinkCentre-M70t.56202: Flags [P.], seq 5841:5872, ack 7031, win 1028, options [nop,nop,TS val 3509675974 ecr 1824367724], length 31
19:42:25.464891 IP 52.57.54.34.bc.googleusercontent.com.https > vyrazu-35-ThinkCentre-M70t.56202: Flags [P.], seq 5872:5911, ack 7031, win 1028, options [nop,nop,TS val 3509675974 ecr 1824367724], length 39
19:42:25.464965 IP vyrazu-35-ThinkCentre-M70t.56202 > 52.57.54.34.bc.googleusercontent.com.https: Flags [.], ack 5872, win 461, options [nop,nop,TS val 1824367969 ecr 3509675974], length 0
19:42:25.465005 IP vyrazu-35-ThinkCentre-M70t.56202 > 52.57.54.34.bc.googleusercontent.com.https: Flags [.], ack 5911, win 461, options [nop,nop,TS val 1824367969 ecr 3509675974], length 0
19:42:25.465307 IP vyrazu-35-ThinkCentre-M70t.46058 > 172.65.251.78.https: Flags [S], seq 2624168000, win 64240, options [mss 1460,sackOK,TS val 3509807407 ecr 0,nop,wscale 7], length 0
19:42:25.465486 IP c6.1f.3fa9.ip4.static.sl-reverse.com.https > vyrazu-35-ThinkCentre-M70t.57428: Flags [P.], seq 1:100, ack 1901, win 65, length 99
19:42:25.465528 IP vyrazu-35-ThinkCentre-M70t.57428 > c6.1f.3fa9.ip4.static.sl-reverse.com.https: Flags [.], ack 100, win 502, length 0
19:42:25.465593 IP vyrazu-35-ThinkCentre-M70t.56202 > 52.57.54.34.bc.googleusercontent.com.https: Flags [P.], seq 7031:7070, ack 5911, win 461, options [nop,nop,TS val 1824367970 ecr 3509675974], length 39
19:42:25.466554 IP c6.1f.3fa9.ip4.static.sl-reverse.com.https > vyrazu-35-ThinkCentre-M70t.57420: Flags [.], ack 1901, win 65, length 0
19:42:25.466924 IP c6.1f.3fa9.ip4.static.sl-reverse.com.https > vyrazu-35-ThinkCentre-M70t.57420: Flags [P.], seq 1:100, ack 1901, win 65, length 99
19:42:25.466931 IP vyrazu-35-ThinkCentre-M70t.57420 > c6.1f.3fa9.ip4.static.sl-reverse.com.https: Flags [.], ack 100, win 502, length 0
19:42:25.467454 IP vyrazu-35-ThinkCentre-M70t.57428 > c6.1f.3fa9.ip4.static.sl-reverse.com.https: Flags [P.], seq 1901:2583, ack 100, win 502, length 682
19:42:25.468413 IP vyrazu-35-ThinkCentre-M70t.57420 > c6.1f.3fa9.ip4.static.sl-reverse.com.https: Flags [P.], seq 1901:2583, ack 100, win 502, length 682
19:42:25.470592 IP _gateway.domain > vyrazu-35-ThinkCentre-M70t.50086: 22487 0/1/1 (139)
19:42:25.478396 IP _gateway.domain > vyrazu-35-ThinkCentre-M70t.57579: 18910 ServFail 0/1/1 (116)
19:42:25.478570 IP vyrazu-35-ThinkCentre-M70t.57579 > _gateway.domain: 18910+ [1au] PTR? 91.193.101.151.in-addr.arpa. (56)
19:42:25.504551 IP 172.65.251.78.https > vyrazu-35-ThinkCentre-M70t.46058: Flags [S.], seq 3419199324, ack 2624168001, win 65535, options [mss 1400,sackOK,TS val 4259911185 ecr 3509807407,nop,wscale 13], length 0
19:42:25.504657 IP vyrazu-35-ThinkCentre-M70t.46058 > 172.65.251.78.https: Flags [.], ack 1, win 502, options [nop,nop,TS val 3509807446 ecr 4259911185], length 0
19:42:25.505791 IP 52.57.54.34.bc.googleusercontent.com.https > vyrazu-35-ThinkCentre-M70t.56202: Flags [.], ack 7070, win 1028, options [nop,nop,TS val 3509676015 ecr 1824367970], length 0
19:42:25.505793 IP 52.57.54.34.bc.googleusercontent.com.https > vyrazu-35-ThinkCentre-M70t.56202: Flags [.], ack 7070, win 1028, options [nop,nop,TS val 3509676015 ecr 1824367970], length 0
19:42:25.505827 IP vyrazu-35-ThinkCentre-M70t.46058 > 172.65.251.78.https: Flags [P.], seq 1:1893, ack 1, win 502, options [nop,nop,TS val 3509807447 ecr 4259911185], length 1892
19:42:25.507400 IP _gateway.domain > vyrazu-35-ThinkCentre-M70t.50760: 65465 0/1/1 (136)
19:42:25.510345 IP _gateway.domain > vyrazu-35-ThinkCentre-M70t.40916: 28105 4/0/1 A 44.218.38.151, A 18.214.223.66, A 54.82.214.237, A 52.4.136.60 (116)
19:42:25.513208 IP vyrazu-35-ThinkCentre-M70t.35360 > ec2-52-4-136-60.compute-1.amazonaws.com.https: Flags [S], seq 1176097277, win 64240, options [mss 1460,sackOK,TS val 3000263195 ecr 0,nop,wscale 7], length 0
19:42:25.518199 IP vyrazu-35-ThinkCentre-M70t.49294 > ec2-3-6-115-64.ap-south-1.compute.amazonaws.com.http: Flags [.], ack 1, win 501, options [nop,nop,TS val 3327829745 ecr 2970393987], length 0
19:42:25.518915 IP _gateway.domain > vyrazu-35-ThinkCentre-M70t.57579: 18910 ServFail 0/1/1 (116)
19:42:25.519026 IP vyrazu-35-ThinkCentre-M70t.57579 > _gateway.domain: 18910+ PTR? 91.193.101.151.in-addr.arpa. (45)
19:42:25.540762 IP ec2-52-14-202-28.us-east-2.compute.amazonaws.com.https > vyrazu-35-ThinkCentre-M70t.44106: Flags [.], ack 1100, win 209, options [nop,nop,TS val 2767524589 ecr 1686441662], length 0
19:42:25.542324 IP 172.65.251.78.https > vyrazu-35-ThinkCentre-M70t.46058: Flags [.], ack 1893, win 17, options [nop,nop,TS val 4259911223 ecr 3509807447], length 0
19:42:25.542836 IP ec2-52-14-202-28.us-east-2.compute.amazonaws.com.https > vyrazu-35-ThinkCentre-M70t.44106: Flags [P.], seq 1:251, ack 1100, win 209, options [nop,nop,TS val 2767524591 ecr 1686441662], length 250
19:42:25.542882 IP vyrazu-35-ThinkCentre-M70t.44106 > ec2-52-14-202-28.us-east-2.compute.amazonaws.com.https: Flags [.], ack 251, win 501, options [nop,nop,TS val 1686441918 ecr 2767524591], length 0
19:42:25.544001 IP ec2-52-14-202-28.us-east-2.compute.amazonaws.com.https > vyrazu-35-ThinkCentre-M70t.44106: Flags [P.], seq 251:289, ack 1100, win 209, options [nop,nop,TS val 2767524591 ecr 1686441662], length 38
19:42:25.544038 IP vyrazu-35-ThinkCentre-M70t.44106 > ec2-52-14-202-28.us-east-2.compute.amazonaws.com.https: Flags [.], ack 289, win 501, options [nop,nop,TS val 1686441919 ecr 2767524591], length 0
19:42:25.548660 IP 172.65.251.78.https > vyrazu-35-ThinkCentre-M70t.46058: Flags [.], seq 1:1449, ack 1893, win 17, options [nop,nop,TS val 4259911228 ecr 3509807447], length 1448
19:42:25.548826 IP vyrazu-35-ThinkCentre-M70t.46058 > 172.65.251.78.https: Flags [.], ack 1449, win 491, options [nop,nop,TS val 3509807490 ecr 4259911228], length 0
19:42:25.550450 IP 172.65.251.78.https > vyrazu-35-ThinkCentre-M70t.46058: Flags [P.], seq 1449:2049, ack 1893, win 17, options [nop,nop,TS val 4259911228 ecr 3509807447], length 600
19:42:25.550452 IP 172.65.251.78.https > vyrazu-35-ThinkCentre-M70t.46058: Flags [P.], seq 2049:4945, ack 1893, win 17, options [nop,nop,TS val 4259911228 ecr 3509807447], length 2896
19:42:25.550453 IP 172.65.251.78.https > vyrazu-35-ThinkCentre-M70t.46058: Flags [P.], seq 4945:5681, ack 1893, win 17, options [nop,nop,TS val 4259911228 ecr 3509807447], length 736
19:42:25.550522 IP vyrazu-35-ThinkCentre-M70t.46058 > 172.65.251.78.https: Flags [.], ack 2049, win 487, options [nop,nop,TS val 3509807492 ecr 4259911228], length 0
19:42:25.550591 IP vyrazu-35-ThinkCentre-M70t.46058 > 172.65.251.78.https: Flags [.], ack 4945, win 465, options [nop,nop,TS val 3509807492 ecr 4259911228], length 0
19:42:25.550605 IP vyrazu-35-ThinkCentre-M70t.46058 > 172.65.251.78.https: Flags [.], ack 5681, win 460, options [nop,nop,TS val 3509807492 ecr 4259911228], length 0
19:42:25.553699 IP vyrazu-35-ThinkCentre-M70t.46058 > 172.65.251.78.https: Flags [P.], seq 1893:1957, ack 5681, win 460, options [nop,nop,TS val 3509807495 ecr 4259911228], length 64
19:42:25.554083 IP vyrazu-35-ThinkCentre-M70t.46058 > 172.65.251.78.https: Flags [P.], seq 1957:4954, ack 5681, win 460, options [nop,nop,TS val 3509807495 ecr 4259911228], length 2997
19:42:25.555712 IP 104.18.22.60.https > vyrazu-35-ThinkCentre-M70t.59624: Flags [P.], seq 3995:4187, ack 2351, win 16, options [nop,nop,TS val 1351220658 ecr 1072266163], length 192
19:42:25.557823 IP 104.18.22.60.https > vyrazu-35-ThinkCentre-M70t.59624: Flags [P.], seq 4187:5578, ack 2351, win 16, options [nop,nop,TS val 1351220658 ecr 1072266163], length 1391
19:42:25.557827 IP 104.18.22.60.https > vyrazu-35-ThinkCentre-M70t.59624: Flags [P.], seq 5578:8360, ack 2351, win 16, options [nop,nop,TS val 1351220658 ecr 1072266163], length 2782
19:42:25.557830 IP 104.18.22.60.https > vyrazu-35-ThinkCentre-M70t.59624: Flags [P.], seq 8360:12225, ack 2351, win 16, options [nop,nop,TS val 1351220658 ecr 1072266163], length 3865
19:42:25.557954 IP vyrazu-35-ThinkCentre-M70t.59624 > 104.18.22.60.https: Flags [.], ack 12225, win 408, options [nop,nop,TS val 1072266413 ecr 1351220658], length 0
19:42:25.558121 IP ec2-3-6-115-64.ap-south-1.compute.amazonaws.com.http > vyrazu-35-ThinkCentre-M70t.49294: Flags [.], ack 1, win 442, options [nop,nop,TS val 2970395027 ecr 3327817970], length 0
19:42:25.560095 IP _gateway.domain > vyrazu-35-ThinkCentre-M70t.57579: 18910 ServFail 0/1/0 (105)
19:42:25.561654 IP vyrazu-35-ThinkCentre-M70t.49897 > _gateway.domain: 292+ [1au] PTR? 91.193.101.151.in-addr.arpa. (56)
19:42:25.569006 IP vyrazu-35-ThinkCentre-M70t.41891 > _gateway.domain: 15097+ [1au] HTTPS? app.qualified.com. (46)
19:42:25.569218 IP vyrazu-35-ThinkCentre-M70t.48116 > _gateway.domain: 33516+ [1au] A? app.qualified.com. (46)
19:42:25.569358 IP vyrazu-35-ThinkCentre-M70t.49744 > _gateway.domain: 2176+ [1au] AAAA? app.qualified.com. (46)
19:42:25.577118 IP _gateway.domain > vyrazu-35-ThinkCentre-M70t.49744: 2176 0/1/1 (122)
19:42:25.588380 IP vyrazu-35-ThinkCentre-M70t.58380 > _gateway.domain: 3945+ [1au] A? ws4.qualified.com. (46)
19:42:25.588598 IP vyrazu-35-ThinkCentre-M70t.56442 > _gateway.domain: 24771+ [1au] AAAA? ws4.qualified.com. (46)
19:42:25.590955 IP 172.65.251.78.https > vyrazu-35-ThinkCentre-M70t.46058: Flags [.], ack 3345, win 17, options [nop,nop,TS val 4259911271 ecr 3509807495], length 0
19:42:25.591229 IP 172.65.251.78.https > vyrazu-35-ThinkCentre-M70t.46058: Flags [.], ack 4954, win 17, options [nop,nop,TS val 4259911271 ecr 3509807495], length 0
19:42:25.602963 IP _gateway.domain > vyrazu-35-ThinkCentre-M70t.49897: 292 ServFail 0/1/1 (116)
19:42:25.603273 IP vyrazu-35-ThinkCentre-M70t.49897 > _gateway.domain: 292+ [1au] PTR? 91.193.101.151.in-addr.arpa. (56)
19:42:25.609101 IP _gateway.domain > vyrazu-35-ThinkCentre-M70t.41891: 15097 1/0/1 HTTPS (80)
19:42:25.614985 IP _gateway.domain > vyrazu-35-ThinkCentre-M70t.48116: 33516 2/0/1 A 104.18.17.5, A 104.18.16.5 (78)
19:42:25.617440 IP vyrazu-35-ThinkCentre-M70t.54812 > 104.18.16.5.https: Flags [S], seq 3803290594, win 64240, options [mss 1460,sackOK,TS val 4177540147 ecr 0,nop,wscale 7], length 0
19:42:25.617553 IP vyrazu-35-ThinkCentre-M70t.54826 > 104.18.16.5.https: Flags [S], seq 4112673315, win 64240, options [mss 1460,sackOK,TS val 4177540147 ecr 0,nop,wscale 7], length 0
19:42:25.631711 IP _gateway.domain > vyrazu-35-ThinkCentre-M70t.56442: 24771 0/1/1 (105)
19:42:25.636919 IP _gateway.domain > vyrazu-35-ThinkCentre-M70t.58380: 3945 2/0/1 A 104.18.16.5, A 104.18.17.5 (78)
19:42:25.639258 IP vyrazu-35-ThinkCentre-M70t.41062 > _gateway.domain: 59673+ [1au] HTTPS? ws4.qualified.com. (46)
19:42:25.639477 IP vyrazu-35-ThinkCentre-M70t.42396 > _gateway.domain: 4230+ [1au] AAAA? ws4.qualified.com. (46)
19:42:25.640300 IP vyrazu-35-ThinkCentre-M70t.54842 > 104.18.16.5.https: Flags [S], seq 1292271941, win 64240, options [mss 1460,sackOK,TS val 4177540170 ecr 0,nop,wscale 7], length 0
19:42:25.643340 IP _gateway.domain > vyrazu-35-ThinkCentre-M70t.49897: 292 ServFail 0/1/1 (116)
19:42:25.643675 IP vyrazu-35-ThinkCentre-M70t.49897 > _gateway.domain: 292+ PTR? 91.193.101.151.in-addr.arpa. (45)
19:42:25.647529 IP _gateway.domain > vyrazu-35-ThinkCentre-M70t.42396: 4230 0/1/1 (122)
19:42:25.654389 IP 104.18.16.5.https > vyrazu-35-ThinkCentre-M70t.54812: Flags [S.], seq 797704821, ack 3803290595, win 65535, options [mss 1400,sackOK,TS val 3459999458 ecr 4177540147,nop,wscale 13], length 0
19:42:25.654529 IP vyrazu-35-ThinkCentre-M70t.54812 > 104.18.16.5.https: Flags [.], ack 1, win 502, options [nop,nop,TS val 4177540184 ecr 3459999458], length 0
19:42:25.656470 IP vyrazu-35-ThinkCentre-M70t.54812 > 104.18.16.5.https: Flags [P.], seq 1:1903, ack 1, win 502, options [nop,nop,TS val 4177540186 ecr 3459999458], length 1902
19:42:25.656800 IP 104.18.16.5.https > vyrazu-35-ThinkCentre-M70t.54826: Flags [S.], seq 3111627349, ack 4112673316, win 65535, options [mss 1400,sackOK,TS val 3936289618 ecr 4177540147,nop,wscale 13], length 0
19:42:25.656873 IP vyrazu-35-ThinkCentre-M70t.54826 > 104.18.16.5.https: Flags [.], ack 1, win 502, options [nop,nop,TS val 4177540186 ecr 3936289618], length 0
19:42:25.659655 IP vyrazu-35-ThinkCentre-M70t.54826 > 104.18.16.5.https: Flags [P.], seq 1:1903, ack 1, win 502, options [nop,nop,TS val 4177540189 ecr 3936289618], length 1902
19:42:25.666062 IP 52.57.54.34.bc.googleusercontent.com.https > vyrazu-35-ThinkCentre-M70t.56202: Flags [P.], seq 5911:6373, ack 7070, win 1028, options [nop,nop,TS val 3509676176 ecr 1824367970], length 462
19:42:25.666064 IP 52.57.54.34.bc.googleusercontent.com.https > vyrazu-35-ThinkCentre-M70t.56202: Flags [P.], seq 6373:6439, ack 7070, win 1028, options [nop,nop,TS val 3509676176 ecr 1824367970], length 66
19:42:25.666065 IP 52.57.54.34.bc.googleusercontent.com.https > vyrazu-35-ThinkCentre-M70t.56202: Flags [P.], seq 6439:6478, ack 7070, win 1028, options [nop,nop,TS val 3509676176 ecr 1824367970], length 39
19:42:25.667226 IP vyrazu-35-ThinkCentre-M70t.56202 > 52.57.54.34.bc.googleusercontent.com.https: Flags [.], ack 6478, win 457, options [nop,nop,TS val 1824368171 ecr 3509676176], length 0
19:42:25.667439 IP vyrazu-35-ThinkCentre-M70t.56202 > 52.57.54.34.bc.googleusercontent.com.https: Flags [P.], seq 7070:7109, ack 6478, win 457, options [nop,nop,TS val 1824368172 ecr 3509676176], length 39
19:42:25.680998 IP 104.18.16.5.https > vyrazu-35-ThinkCentre-M70t.54842: Flags [S.], seq 79664996, ack 1292271942, win 65535, options [mss 1400,sackOK,TS val 2980861519 ecr 4177540170,nop,wscale 13], length 0
19:42:25.681064 IP vyrazu-35-ThinkCentre-M70t.54842 > 104.18.16.5.https: Flags [.], ack 1, win 502, options [nop,nop,TS val 4177540210 ecr 2980861519], length 0
19:42:25.681990 IP vyrazu-35-ThinkCentre-M70t.54842 > 104.18.16.5.https: Flags [P.], seq 1:1900, ack 1, win 502, options [nop,nop,TS val 4177540211 ecr 2980861519], length 1899
19:42:25.685129 IP _gateway.domain > vyrazu-35-ThinkCentre-M70t.49897: 292 ServFail 0/1/0 (105)
19:42:25.686364 IP _gateway.domain > vyrazu-35-ThinkCentre-M70t.41062: 59673 1/0/3 HTTPS (112)
19:42:25.687217 IP vyrazu-35-ThinkCentre-M70t.37402 > _gateway.domain: 9953+ [1au] PTR? 6.78.16.104.in-addr.arpa. (53)
19:42:25.692267 IP 104.18.16.5.https > vyrazu-35-ThinkCentre-M70t.54812: Flags [.], ack 1389, win 16, options [nop,nop,TS val 3459999496 ecr 4177540186], length 0
19:42:25.693147 IP 104.18.16.5.https > vyrazu-35-ThinkCentre-M70t.54812: Flags [.], ack 1903, win 16, options [nop,nop,TS val 3459999496 ecr 4177540186], length 0
19:42:25.696873 IP 104.18.16.5.https > vyrazu-35-ThinkCentre-M70t.54826: Flags [.], ack 1903, win 16, options [nop,nop,TS val 3936289658 ecr 4177540189], length 0
19:42:25.697989 IP 104.18.16.5.https > vyrazu-35-ThinkCentre-M70t.54812: Flags [.], seq 1:1449, ack 1903, win 16, options [nop,nop,TS val 3459999501 ecr 4177540186], length 1448
19:42:25.698114 IP vyrazu-35-ThinkCentre-M70t.54812 > 104.18.16.5.https: Flags [.], ack 1449, win 491, options [nop,nop,TS val 4177540227 ecr 3459999501], length 0
19:42:25.699464 IP 104.18.16.5.https > vyrazu-35-ThinkCentre-M70t.54812: Flags [P.], seq 1449:3461, ack 1903, win 16, options [nop,nop,TS val 3459999501 ecr 4177540186], length 2012
19:42:25.699479 IP vyrazu-35-ThinkCentre-M70t.54812 > 104.18.16.5.https: Flags [.], ack 3461, win 476, options [nop,nop,TS val 4177540229 ecr 3459999501], length 0
19:42:25.700932 IP vyrazu-35-ThinkCentre-M70t.54812 > 104.18.16.5.https: Flags [P.], seq 1903:1967, ack 3461, win 476, options [nop,nop,TS val 4177540230 ecr 3459999501], length 64
19:42:25.701456 IP 104.18.16.5.https > vyrazu-35-ThinkCentre-M70t.54826: Flags [P.], seq 1:3462, ack 1903, win 16, options [nop,nop,TS val 3936289660 ecr 4177540189], length 3461
19:42:25.701493 IP vyrazu-35-ThinkCentre-M70t.54826 > 104.18.16.5.https: Flags [.], ack 3462, win 475, options [nop,nop,TS val 4177540231 ecr 3936289660], length 0
19:42:25.703142 IP vyrazu-35-ThinkCentre-M70t.54812 > 104.18.16.5.https: Flags [P.], seq 1967:2059, ack 3461, win 476, options [nop,nop,TS val 4177540232 ecr 3459999501], length 92
19:42:25.703197 IP vyrazu-35-ThinkCentre-M70t.54812 > 104.18.16.5.https: Flags [P.], seq 2059:2405, ack 3461, win 476, options [nop,nop,TS val 4177540233 ecr 3459999501], length 346
19:42:25.703568 IP vyrazu-35-ThinkCentre-M70t.54812 > 104.18.16.5.https: Flags [P.], seq 2405:2524, ack 3461, win 476, options [nop,nop,TS val 4177540233 ecr 3459999501], length 119
19:42:25.705541 IP 52.57.54.34.bc.googleusercontent.com.https > vyrazu-35-ThinkCentre-M70t.56202: Flags [.], ack 7109, win 1028, options [nop,nop,TS val 3509676216 ecr 1824368172], length 0
19:42:25.706421 IP vyrazu-35-ThinkCentre-M70t.54826 > 104.18.16.5.https: Flags [P.], seq 1903:1967, ack 3462, win 475, options [nop,nop,TS val 4177540236 ecr 3936289660], length 64
19:42:25.706948 IP vyrazu-35-ThinkCentre-M70t.54826 > 104.18.16.5.https: Flags [P.], seq 1967:2076, ack 3462, win 475, options [nop,nop,TS val 4177540236 ecr 3936289660], length 109
19:42:25.715112 IP c6.1f.3fa9.ip4.static.sl-reverse.com.https > vyrazu-35-ThinkCentre-M70t.57440: Flags [.], ack 1901, win 65, length 0
19:42:25.715465 IP c6.1f.3fa9.ip4.static.sl-reverse.com.https > vyrazu-35-ThinkCentre-M70t.57440: Flags [P.], seq 1:100, ack 1901, win 65, length 99
19:42:25.715482 IP vyrazu-35-ThinkCentre-M70t.57440 > c6.1f.3fa9.ip4.static.sl-reverse.com.https: Flags [.], ack 100, win 502, length 0
19:42:25.716686 IP vyrazu-35-ThinkCentre-M70t.57440 > c6.1f.3fa9.ip4.static.sl-reverse.com.https: Flags [P.], seq 1901:2583, ack 100, win 502, length 682
19:42:25.719319 IP 104.18.16.5.https > vyrazu-35-ThinkCentre-M70t.54842: Flags [.], ack 1389, win 17, options [nop,nop,TS val 2980861558 ecr 4177540211], length 0
19:42:25.719886 IP 104.18.16.5.https > vyrazu-35-ThinkCentre-M70t.54842: Flags [.], ack 1900, win 17, options [nop,nop,TS val 2980861558 ecr 4177540211], length 0
19:42:25.722995 IP 104.18.16.5.https > vyrazu-35-ThinkCentre-M70t.54842: Flags [P.], seq 1:3468, ack 1900, win 17, options [nop,nop,TS val 2980861561 ecr 4177540211], length 3467
19:42:25.723144 IP vyrazu-35-ThinkCentre-M70t.54842 > 104.18.16.5.https: Flags [.], ack 3468, win 475, options [nop,nop,TS val 4177540252 ecr 2980861561], length 0
19:42:25.726932 IP vyrazu-35-ThinkCentre-M70t.54842 > 104.18.16.5.https: Flags [P.], seq 1900:1964, ack 3468, win 475, options [nop,nop,TS val 4177540256 ecr 2980861561], length 64
19:42:25.727221 IP vyrazu-35-ThinkCentre-M70t.54842 > 104.18.16.5.https: Flags [P.], seq 1964:3029, ack 3468, win 475, options [nop,nop,TS val 4177540257 ecr 2980861561], length 1065
19:42:25.731012 IP _gateway.domain > vyrazu-35-ThinkCentre-M70t.37402: 9953 ServFail 0/1/1 (115)
19:42:25.731116 IP vyrazu-35-ThinkCentre-M70t.37402 > _gateway.domain: 9953+ [1au] PTR? 6.78.16.104.in-addr.arpa. (53)
19:42:25.737052 IP 104.18.16.5.https > vyrazu-35-ThinkCentre-M70t.54812: Flags [P.], seq 3461:3973, ack 1967, win 16, options [nop,nop,TS val 3459999541 ecr 4177540230], length 512
19:42:25.737494 IP 104.18.16.5.https > vyrazu-35-ThinkCentre-M70t.54812: Flags [P.], seq 3973:4004, ack 2059, win 16, options [nop,nop,TS val 3459999541 ecr 4177540232], length 31
19:42:25.738299 IP vyrazu-35-ThinkCentre-M70t.54812 > 104.18.16.5.https: Flags [P.], seq 2524:2555, ack 4004, win 472, options [nop,nop,TS val 4177540268 ecr 3459999541], length 31
19:42:25.738597 IP 104.18.16.5.https > vyrazu-35-ThinkCentre-M70t.54812: Flags [.], ack 2524, win 16, options [nop,nop,TS val 3459999542 ecr 4177540233], length 0
19:42:25.742207 IP 104.18.16.5.https > vyrazu-35-ThinkCentre-M70t.54826: Flags [P.], seq 3462:3974, ack 1967, win 16, options [nop,nop,TS val 3936289703 ecr 4177540236], length 512
19:42:25.743203 IP 104.18.16.5.https > vyrazu-35-ThinkCentre-M70t.54826: Flags [P.], seq 3974:4005, ack 2076, win 16, options [nop,nop,TS val 3936289704 ecr 4177540236], length 31
19:42:25.743599 IP vyrazu-35-ThinkCentre-M70t.54826 > 104.18.16.5.https: Flags [.], ack 4005, win 471, options [nop,nop,TS val 4177540273 ecr 3936289703], length 0
19:42:25.743738 IP vyrazu-35-ThinkCentre-M70t.54826 > 104.18.16.5.https: Flags [P.], seq 2076:2100, ack 4005, win 471, options [nop,nop,TS val 4177540273 ecr 3936289703], length 24
19:42:25.743774 IP vyrazu-35-ThinkCentre-M70t.54826 > 104.18.16.5.https: Flags [F.], seq 2100, ack 4005, win 471, options [nop,nop,TS val 4177540273 ecr 3936289703], length 0
19:42:25.746413 IP ec2-52-4-136-60.compute-1.amazonaws.com.https > vyrazu-35-ThinkCentre-M70t.35360: Flags [S.], seq 2578686466, ack 1176097278, win 26847, options [mss 1460,sackOK,TS val 4154280357 ecr 3000263195,nop,wscale 8], length 0
19:42:25.746503 IP vyrazu-35-ThinkCentre-M70t.35360 > ec2-52-4-136-60.compute-1.amazonaws.com.https: Flags [.], ack 1, win 502, options [nop,nop,TS val 3000263429 ecr 4154280357], length 0
19:42:25.747853 IP vyrazu-35-ThinkCentre-M70t.35360 > ec2-52-4-136-60.compute-1.amazonaws.com.https: Flags [P.], seq 1:1909, ack 1, win 502, options [nop,nop,TS val 3000263430 ecr 4154280357], length 1908
19:42:25.756265 IP vyrazu-35-ThinkCentre-M70t.54482 > ec2-3-6-115-182.ap-south-1.compute.amazonaws.com.http: Flags [.], ack 1, win 501, options [nop,nop,TS val 4239961820 ecr 35766757], length 0
19:42:25.760546 IP c6.1f.3fa9.ip4.static.sl-reverse.com.https > vyrazu-35-ThinkCentre-M70t.57428: Flags [.], seq 100:1560, ack 2583, win 71, length 1460
19:42:25.760929 IP c6.1f.3fa9.ip4.static.sl-reverse.com.https > vyrazu-35-ThinkCentre-M70t.57428: Flags [P.], seq 1560:3732, ack 2583, win 71, length 2172
19:42:25.761427 IP vyrazu-35-ThinkCentre-M70t.57428 > c6.1f.3fa9.ip4.static.sl-reverse.com.https: Flags [.], ack 3732, win 474, length 0
19:42:25.763457 IP 104.18.16.5.https > vyrazu-35-ThinkCentre-M70t.54842: Flags [.], ack 3029, win 17, options [nop,nop,TS val 2980861602 ecr 4177540256], length 0
19:42:25.763756 IP vyrazu-35-ThinkCentre-M70t.57428 > c6.1f.3fa9.ip4.static.sl-reverse.com.https: Flags [P.], seq 2583:2641, ack 3732, win 474, length 58
19:42:25.764637 IP vyrazu-35-ThinkCentre-M70t.57428 > c6.1f.3fa9.ip4.static.sl-reverse.com.https: Flags [P.], seq 2641:3229, ack 3732, win 474, length 588
19:42:25.767069 IP c6.1f.3fa9.ip4.static.sl-reverse.com.https > vyrazu-35-ThinkCentre-M70t.57420: Flags [.], seq 100:1560, ack 2583, win 71, length 1460
19:42:25.767470 IP c6.1f.3fa9.ip4.static.sl-reverse.com.https > vyrazu-35-ThinkCentre-M70t.57420: Flags [P.], seq 1560:3732, ack 2583, win 71, length 2172
19:42:25.767832 IP vyrazu-35-ThinkCentre-M70t.57420 > c6.1f.3fa9.ip4.static.sl-reverse.com.https: Flags [.], ack 3732, win 474, length 0
19:42:25.768784 IP vyrazu-35-ThinkCentre-M70t.57420 > c6.1f.3fa9.ip4.static.sl-reverse.com.https: Flags [P.], seq 2583:2641, ack 3732, win 474, length 58
19:42:25.770949 IP _gateway.domain > vyrazu-35-ThinkCentre-M70t.37402: 9953 ServFail 0/1/1 (115)
19:42:25.771104 IP vyrazu-35-ThinkCentre-M70t.37402 > _gateway.domain: 9953+ PTR? 6.78.16.104.in-addr.arpa. (42)
19:42:25.782003 IP 104.18.16.5.https > vyrazu-35-ThinkCentre-M70t.54826: Flags [F.], seq 4005, ack 2101, win 16, options [nop,nop,TS val 3936289743 ecr 4177540273], length 0
19:42:25.782048 IP vyrazu-35-ThinkCentre-M70t.54826 > 104.18.16.5.https: Flags [.], ack 4006, win 471, options [nop,nop,TS val 4177540311 ecr 3936289743], length 0
19:42:25.796537 IP ec2-3-6-115-182.ap-south-1.compute.amazonaws.com.http > vyrazu-35-ThinkCentre-M70t.54482: Flags [.], ack 1, win 1769, options [nop,nop,TS val 35767798 ecr 4239957559], length 0
19:42:25.809209 IP _gateway.domain > vyrazu-35-ThinkCentre-M70t.37402: 9953 ServFail 0/1/0 (104)
19:42:25.809905 IP vyrazu-35-ThinkCentre-M70t.44633 > _gateway.domain: 40439+ [1au] PTR? 6.78.16.104.in-addr.arpa. (53)
19:42:25.813748 IP 104.18.16.5.https > vyrazu-35-ThinkCentre-M70t.54812: Flags [.], ack 2555, win 16, options [nop,nop,TS val 3459999618 ecr 4177540268], length 0
19:42:25.852249 IP _gateway.domain > vyrazu-35-ThinkCentre-M70t.44633: 40439 ServFail 0/1/1 (115)
19:42:25.852377 IP vyrazu-35-ThinkCentre-M70t.44633 > _gateway.domain: 40439+ [1au] PTR? 6.78.16.104.in-addr.arpa. (53)
19:42:25.891283 IP _gateway.domain > vyrazu-35-ThinkCentre-M70t.44633: 40439 ServFail 0/1/1 (115)
19:42:25.891630 IP vyrazu-35-ThinkCentre-M70t.44633 > _gateway.domain: 40439+ PTR? 6.78.16.104.in-addr.arpa. (42)
19:42:25.899673 IP vyrazu-35-ThinkCentre-M70t.44798 > bom12s11-in-f4.1e100.net.https: Flags [S], seq 1544582242, win 64240, options [mss 1460,sackOK,TS val 4258694061 ecr 0,nop,wscale 7], length 0
19:42:25.899983 IP vyrazu-35-ThinkCentre-M70t.44806 > bom12s11-in-f4.1e100.net.https: Flags [S], seq 4086543722, win 64240, options [mss 1460,sackOK,TS val 4258694061 ecr 0,nop,wscale 7], length 0
19:42:25.900023 IP vyrazu-35-ThinkCentre-M70t.44814 > bom12s11-in-f4.1e100.net.https: Flags [S], seq 329400889, win 64240, options [mss 1460,sackOK,TS val 4258694061 ecr 0,nop,wscale 7], length 0
19:42:25.905262 IP vyrazu-35-ThinkCentre-M70t.49773 > 52.57.54.34.bc.googleusercontent.com.https: UDP, length 1252
19:42:25.905328 IP vyrazu-35-ThinkCentre-M70t.49773 > 52.57.54.34.bc.googleusercontent.com.https: UDP, length 1252
19:42:25.905346 IP vyrazu-35-ThinkCentre-M70t.49773 > 52.57.54.34.bc.googleusercontent.com.https: UDP, length 102
19:42:25.920256 IP vyrazu-35-ThinkCentre-M70t.49773 > 52.57.54.34.bc.googleusercontent.com.https: UDP, length 1252
19:42:25.920299 IP vyrazu-35-ThinkCentre-M70t.49773 > 52.57.54.34.bc.googleusercontent.com.https: UDP, length 1252
19:42:25.920314 IP vyrazu-35-ThinkCentre-M70t.49773 > 52.57.54.34.bc.googleusercontent.com.https: UDP, length 69
19:42:25.931012 IP _gateway.domain > vyrazu-35-ThinkCentre-M70t.44633: 40439 ServFail 0/1/0 (104)
19:42:25.932943 IP vyrazu-35-ThinkCentre-M70t.34492 > _gateway.domain: 14290+ [1au] PTR? 213.113.233.34.in-addr.arpa. (56)
19:42:25.935332 IP bom12s11-in-f4.1e100.net.https > vyrazu-35-ThinkCentre-M70t.44814: Flags [S.], seq 3900417942, ack 329400890, win 65535, options [mss 1412,sackOK,TS val 2646258875 ecr 4258694061,nop,wscale 8], length 0
19:42:25.935387 IP vyrazu-35-ThinkCentre-M70t.44814 > bom12s11-in-f4.1e100.net.https: Flags [.], ack 1, win 502, options [nop,nop,TS val 4258694097 ecr 2646258875], length 0
19:42:25.935785 IP bom12s11-in-f4.1e100.net.https > vyrazu-35-ThinkCentre-M70t.44806: Flags [S.], seq 934155430, ack 4086543723, win 65535, options [mss 1412,sackOK,TS val 35634441 ecr 4258694061,nop,wscale 8], length 0
19:42:25.935785 IP bom12s11-in-f4.1e100.net.https > vyrazu-35-ThinkCentre-M70t.44798: Flags [S.], seq 2593521353, ack 1544582243, win 65535, options [mss 1412,sackOK,TS val 256142458 ecr 4258694061,nop,wscale 8], length 0
19:42:25.935815 IP vyrazu-35-ThinkCentre-M70t.44806 > bom12s11-in-f4.1e100.net.https: Flags [.], ack 1, win 502, options [nop,nop,TS val 4258694097 ecr 35634441], length 0
19:42:25.935831 IP vyrazu-35-ThinkCentre-M70t.44798 > bom12s11-in-f4.1e100.net.https: Flags [R], seq 1544582243, win 0, length 0
19:42:25.936528 IP vyrazu-35-ThinkCentre-M70t.44814 > bom12s11-in-f4.1e100.net.https: Flags [P.], seq 1:1900, ack 1, win 502, options [nop,nop,TS val 4258694098 ecr 2646258875], length 1899
19:42:25.938810 IP vyrazu-35-ThinkCentre-M70t.44806 > bom12s11-in-f4.1e100.net.https: Flags [P.], seq 1:1900, ack 1, win 502, options [nop,nop,TS val 4258694100 ecr 35634441], length 1899
19:42:25.942089 IP 52.57.54.34.bc.googleusercontent.com.https > vyrazu-35-ThinkCentre-M70t.49773: UDP, length 26
19:42:25.957018 IP 52.57.54.34.bc.googleusercontent.com.https > vyrazu-35-ThinkCentre-M70t.49773: UDP, length 30
19:42:25.957269 IP 52.57.54.34.bc.googleusercontent.com.https > vyrazu-35-ThinkCentre-M70t.49773: UDP, length 30
19:42:25.957683 IP vyrazu-35-ThinkCentre-M70t.49773 > 52.57.54.34.bc.googleusercontent.com.https: UDP, length 31
19:42:25.958829 IP 52.57.54.34.bc.googleusercontent.com.https > vyrazu-35-ThinkCentre-M70t.56202: Flags [P.], seq 6478:6791, ack 7109, win 1028, options [nop,nop,TS val 3509676469 ecr 1824368172], length 313
19:42:25.958832 IP 52.57.54.34.bc.googleusercontent.com.https > vyrazu-35-ThinkCentre-M70t.56202: Flags [P.], seq 6791:6857, ack 7109, win 1028, options [nop,nop,TS val 3509676469 ecr 1824368172], length 66
19:42:25.958833 IP 52.57.54.34.bc.googleusercontent.com.https > vyrazu-35-ThinkCentre-M70t.56202: Flags [P.], seq 6857:6888, ack 7109, win 1028, options [nop,nop,TS val 3509676469 ecr 1824368172], length 31
19:42:25.958834 IP 52.57.54.34.bc.googleusercontent.com.https > vyrazu-35-ThinkCentre-M70t.56202: Flags [P.], seq 6888:6927, ack 7109, win 1028, options [nop,nop,TS val 3509676469 ecr 1824368172], length 39
19:42:25.959691 IP vyrazu-35-ThinkCentre-M70t.56202 > 52.57.54.34.bc.googleusercontent.com.https: Flags [.], ack 6927, win 454, options [nop,nop,TS val 1824368464 ecr 3509676469], length 0
19:42:25.959764 IP vyrazu-35-ThinkCentre-M70t.56202 > 52.57.54.34.bc.googleusercontent.com.https: Flags [P.], seq 7109:7148, ack 6927, win 454, options [nop,nop,TS val 1824368464 ecr 3509676469], length 39
19:42:25.971216 IP bom12s11-in-f4.1e100.net.https > vyrazu-35-ThinkCentre-M70t.44814: Flags [.], ack 1401, win 1045, options [nop,nop,TS val 2646258911 ecr 4258694098], length 0
19:42:25.971927 IP _gateway.domain > vyrazu-35-ThinkCentre-M70t.34492: 14290 1/0/1 PTR ec2-34-233-113-213.compute-1.amazonaws.com. (112)
19:42:25.972261 IP bom12s11-in-f4.1e100.net.https > vyrazu-35-ThinkCentre-M70t.44814: Flags [.], ack 1900, win 1044, options [nop,nop,TS val 2646258912 ecr 4258694098], length 0
19:42:25.972704 IP vyrazu-35-ThinkCentre-M70t.37555 > _gateway.domain: 12370+ [1au] PTR? 167.129.101.151.in-addr.arpa. (57)
19:42:25.972998 IP bom12s11-in-f4.1e100.net.https > vyrazu-35-ThinkCentre-M70t.44806: Flags [.], ack 1900, win 1043, options [nop,nop,TS val 35634479 ecr 4258694100], length 0
19:42:25.973563 IP bom12s11-in-f4.1e100.net.https > vyrazu-35-ThinkCentre-M70t.44814: Flags [P.], seq 1:2801, ack 1900, win 1044, options [nop,nop,TS val 2646258913 ecr 4258694098], length 2800
19:42:25.973566 IP bom12s11-in-f4.1e100.net.https > vyrazu-35-ThinkCentre-M70t.44814: Flags [P.], seq 2801:5191, ack 1900, win 1044, options [nop,nop,TS val 2646258913 ecr 4258694098], length 2390
19:42:25.973596 IP vyrazu-35-ThinkCentre-M70t.44814 > bom12s11-in-f4.1e100.net.https: Flags [.], ack 2801, win 481, options [nop,nop,TS val 4258694135 ecr 2646258913], length 0
19:42:25.973620 IP vyrazu-35-ThinkCentre-M70t.44814 > bom12s11-in-f4.1e100.net.https: Flags [.], ack 5191, win 463, options [nop,nop,TS val 4258694135 ecr 2646258913], length 0
19:42:25.974563 IP bom12s11-in-f4.1e100.net.https > vyrazu-35-ThinkCentre-M70t.44806: Flags [.], seq 1:1401, ack 1900, win 1043, options [nop,nop,TS val 35634480 ecr 4258694100], length 1400
19:42:25.974633 IP vyrazu-35-ThinkCentre-M70t.44806 > bom12s11-in-f4.1e100.net.https: Flags [.], ack 1401, win 492, options [nop,nop,TS val 4258694136 ecr 35634480], length 0
19:42:25.975050 IP bom12s11-in-f4.1e100.net.https > vyrazu-35-ThinkCentre-M70t.44806: Flags [P.], seq 1401:2801, ack 1900, win 1043, options [nop,nop,TS val 35634480 ecr 4258694100], length 1400
19:42:25.975052 IP bom12s11-in-f4.1e100.net.https > vyrazu-35-ThinkCentre-M70t.44806: Flags [P.], seq 2801:5191, ack 1900, win 1043, options [nop,nop,TS val 35634480 ecr 4258694100], length 2390
19:42:25.975069 IP vyrazu-35-ThinkCentre-M70t.44806 > bom12s11-in-f4.1e100.net.https: Flags [.], ack 2801, win 482, options [nop,nop,TS val 4258694136 ecr 35634480], length 0
19:42:25.975083 IP vyrazu-35-ThinkCentre-M70t.44806 > bom12s11-in-f4.1e100.net.https: Flags [.], ack 5191, win 464, options [nop,nop,TS val 4258694136 ecr 35634480], length 0
19:42:25.978137 IP vyrazu-35-ThinkCentre-M70t.44814 > bom12s11-in-f4.1e100.net.https: Flags [P.], seq 1900:1964, ack 5191, win 463, options [nop,nop,TS val 4258694139 ecr 2646258913], length 64
19:42:25.978499 IP vyrazu-35-ThinkCentre-M70t.44806 > bom12s11-in-f4.1e100.net.https: Flags [P.], seq 1900:1964, ack 5191, win 464, options [nop,nop,TS val 4258694140 ecr 35634480], length 64
19:42:25.978829 IP vyrazu-35-ThinkCentre-M70t.44814 > bom12s11-in-f4.1e100.net.https: Flags [P.], seq 1964:2056, ack 5191, win 463, options [nop,nop,TS val 4258694140 ecr 2646258913], length 92
19:42:25.978902 IP vyrazu-35-ThinkCentre-M70t.44814 > bom12s11-in-f4.1e100.net.https: Flags [P.], seq 2056:2730, ack 5191, win 463, options [nop,nop,TS val 4258694140 ecr 2646258913], length 674
19:42:25.980912 IP ec2-52-4-136-60.compute-1.amazonaws.com.https > vyrazu-35-ThinkCentre-M70t.35360: Flags [.], ack 1909, win 175, options [nop,nop,TS val 4154280591 ecr 3000263430], length 0
19:42:25.981383 IP ec2-52-4-136-60.compute-1.amazonaws.com.https > vyrazu-35-ThinkCentre-M70t.35360: Flags [.], seq 1:2897, ack 1909, win 175, options [nop,nop,TS val 4154280591 ecr 3000263430], length 2896
19:42:25.981395 IP vyrazu-35-ThinkCentre-M70t.35360 > ec2-52-4-136-60.compute-1.amazonaws.com.https: Flags [.], ack 2897, win 480, options [nop,nop,TS val 3000263664 ecr 4154280591], length 0
19:42:25.981627 IP vyrazu-35-ThinkCentre-M70t.44814 > bom12s11-in-f4.1e100.net.https: Flags [P.], seq 2730:2761, ack 5191, win 463, options [nop,nop,TS val 4258694143 ecr 2646258913], length 31
19:42:25.981643 IP vyrazu-35-ThinkCentre-M70t.44806 > bom12s11-in-f4.1e100.net.https: Flags [P.], seq 1964:2073, ack 5191, win 464, options [nop,nop,TS val 4258694143 ecr 35634480], length 109
19:42:25.983011 IP ec2-52-4-136-60.compute-1.amazonaws.com.https > vyrazu-35-ThinkCentre-M70t.35360: Flags [P.], seq 2897:4287, ack 1909, win 175, options [nop,nop,TS val 4154280592 ecr 3000263430], length 1390
19:42:25.983064 IP vyrazu-35-ThinkCentre-M70t.35360 > ec2-52-4-136-60.compute-1.amazonaws.com.https: Flags [.], ack 4287, win 470, options [nop,nop,TS val 3000263665 ecr 4154280592], length 0
19:42:25.985361 IP vyrazu-35-ThinkCentre-M70t.35360 > ec2-52-4-136-60.compute-1.amazonaws.com.https: Flags [P.], seq 1909:2035, ack 4287, win 470, options [nop,nop,TS val 3000263668 ecr 4154280592], length 126
19:42:25.996296 IP 52.57.54.34.bc.googleusercontent.com.https > vyrazu-35-ThinkCentre-M70t.56202: Flags [.], ack 7148, win 1028, options [nop,nop,TS val 3509676507 ecr 1824368464], length 0
19:42:26.003275 IP vyrazu-35-ThinkCentre-M70t.41786 > ec2-3-6-30-85.ap-south-1.compute.amazonaws.com.http: Flags [.], ack 1, win 501, options [nop,nop,TS val 3268740382 ecr 1456133972], length 0
19:42:26.012611 IP c6.1f.3fa9.ip4.static.sl-reverse.com.https > vyrazu-35-ThinkCentre-M70t.57440: Flags [.], seq 100:1560, ack 2583, win 71, length 1460
19:42:26.013092 IP c6.1f.3fa9.ip4.static.sl-reverse.com.https > vyrazu-35-ThinkCentre-M70t.57440: Flags [P.], seq 1560:3732, ack 2583, win 71, length 2172
19:42:26.013526 IP bom12s11-in-f4.1e100.net.https > vyrazu-35-ThinkCentre-M70t.44814: Flags [P.], seq 5191:5807, ack 2730, win 1041, options [nop,nop,TS val 2646258953 ecr 4258694139], length 616
19:42:26.013787 IP vyrazu-35-ThinkCentre-M70t.57440 > c6.1f.3fa9.ip4.static.sl-reverse.com.https: Flags [.], ack 3732, win 474, length 0
19:42:26.014067 IP bom12s11-in-f4.1e100.net.https > vyrazu-35-ThinkCentre-M70t.44814: Flags [P.], seq 5807:5838, ack 2730, win 1041, options [nop,nop,TS val 2646258953 ecr 4258694139], length 31
19:42:26.014689 IP _gateway.domain > vyrazu-35-ThinkCentre-M70t.37555: 12370 ServFail 0/1/1 (141)
19:42:26.014812 IP vyrazu-35-ThinkCentre-M70t.37555 > _gateway.domain: 12370+ [1au] PTR? 167.129.101.151.in-addr.arpa. (57)
19:42:26.015177 IP vyrazu-35-ThinkCentre-M70t.44814 > bom12s11-in-f4.1e100.net.https: Flags [P.], seq 2761:2792, ack 5838, win 458, options [nop,nop,TS val 4258694176 ecr 2646258953], length 31
19:42:26.015386 IP vyrazu-35-ThinkCentre-M70t.57440 > c6.1f.3fa9.ip4.static.sl-reverse.com.https: Flags [P.], seq 2583:2641, ack 3732, win 474, length 58
19:42:26.016776 IP bom12s11-in-f4.1e100.net.https > vyrazu-35-ThinkCentre-M70t.44806: Flags [.], ack 2073, win 1043, options [nop,nop,TS val 35634522 ecr 4258694140], length 0
19:42:26.017115 IP bom12s11-in-f4.1e100.net.https > vyrazu-35-ThinkCentre-M70t.44806: Flags [P.], seq 5191:5807, ack 2073, win 1043, options [nop,nop,TS val 35634522 ecr 4258694140], length 616
19:42:26.017115 IP bom12s11-in-f4.1e100.net.https > vyrazu-35-ThinkCentre-M70t.44806: Flags [P.], seq 5807:5838, ack 2073, win 1043, options [nop,nop,TS val 35634522 ecr 4258694140], length 31
19:42:26.017725 IP vyrazu-35-ThinkCentre-M70t.44806 > bom12s11-in-f4.1e100.net.https: Flags [.], ack 5838, win 459, options [nop,nop,TS val 4258694179 ecr 35634522], length 0
19:42:26.017769 IP vyrazu-35-ThinkCentre-M70t.44806 > bom12s11-in-f4.1e100.net.https: Flags [P.], seq 2073:2097, ack 5838, win 459, options [nop,nop,TS val 4258694179 ecr 35634522], length 24
19:42:26.017780 IP vyrazu-35-ThinkCentre-M70t.44806 > bom12s11-in-f4.1e100.net.https: Flags [F.], seq 2097, ack 5838, win 459, options [nop,nop,TS val 4258694179 ecr 35634522], length 0
19:42:26.021365 IP bom12s11-in-f4.1e100.net.https > vyrazu-35-ThinkCentre-M70t.44814: Flags [.], ack 2761, win 1041, options [nop,nop,TS val 2646258961 ecr 4258694143], length 0
19:42:26.035147 IP ec2-3-6-30-85.ap-south-1.compute.amazonaws.com.http > vyrazu-35-ThinkCentre-M70t.41786: Flags [.], ack 1, win 2098, options [nop,nop,TS val 1456135004 ecr 3268739226], length 0
19:42:26.047069 IP c6.1f.3fa9.ip4.static.sl-reverse.com.https > vyrazu-35-ThinkCentre-M70t.57428: Flags [P.], seq 3732:3811, ack 2641, win 71, length 79
19:42:26.047448 IP c6.1f.3fa9.ip4.static.sl-reverse.com.https > vyrazu-35-ThinkCentre-M70t.57428: Flags [P.], seq 3811:3890, ack 2641, win 71, length 79
19:42:26.047594 IP vyrazu-35-ThinkCentre-M70t.57428 > c6.1f.3fa9.ip4.static.sl-reverse.com.https: Flags [.], ack 3890, win 473, length 0
19:42:26.047873 IP c6.1f.3fa9.ip4.static.sl-reverse.com.https > vyrazu-35-ThinkCentre-M70t.57428: Flags [P.], seq 3890:4113, ack 3229, win 76, length 223
19:42:26.049652 IP bom12s11-in-f4.1e100.net.https > vyrazu-35-ThinkCentre-M70t.44814: Flags [.], ack 2792, win 1041, options [nop,nop,TS val 2646258989 ecr 4258694176], length 0
19:42:26.052429 IP bom12s11-in-f4.1e100.net.https > vyrazu-35-ThinkCentre-M70t.44806: Flags [F.], seq 5838, ack 2098, win 1043, options [nop,nop,TS val 35634558 ecr 4258694179], length 0
19:42:26.052451 IP vyrazu-35-ThinkCentre-M70t.44806 > bom12s11-in-f4.1e100.net.https: Flags [.], ack 5839, win 459, options [nop,nop,TS val 4258694214 ecr 35634558], length 0
19:42:26.055307 IP _gateway.domain > vyrazu-35-ThinkCentre-M70t.37555: 12370 ServFail 0/1/1 (117)
19:42:26.055493 IP vyrazu-35-ThinkCentre-M70t.37555 > _gateway.domain: 12370+ PTR? 167.129.101.151.in-addr.arpa. (46)
19:42:26.055544 IP c6.1f.3fa9.ip4.static.sl-reverse.com.https > vyrazu-35-ThinkCentre-M70t.57420: Flags [P.], seq 3732:3811, ack 2641, win 71, length 79
19:42:26.055545 IP c6.1f.3fa9.ip4.static.sl-reverse.com.https > vyrazu-35-ThinkCentre-M70t.57420: Flags [P.], seq 3811:3890, ack 2641, win 71, length 79
19:42:26.056727 IP vyrazu-35-ThinkCentre-M70t.57420 > c6.1f.3fa9.ip4.static.sl-reverse.com.https: Flags [.], ack 3890, win 473, length 0
19:42:26.058192 IP vyrazu-35-ThinkCentre-M70t.60774 > ec2-3-6-30-85.ap-south-1.compute.amazonaws.com.http: Flags [.], ack 1, win 501, options [nop,nop,TS val 3268740437 ecr 1456134002], length 0
19:42:26.079153 IP bom12s11-in-f4.1e100.net.https > vyrazu-35-ThinkCentre-M70t.44814: Flags [P.], seq 5838:6200, ack 2792, win 1041, options [nop,nop,TS val 2646259017 ecr 4258694176], length 362
19:42:26.081117 IP bom12s11-in-f4.1e100.net.https > vyrazu-35-ThinkCentre-M70t.44814: Flags [P.], seq 6200:6231, ack 2792, win 1041, options [nop,nop,TS val 2646259019 ecr 4258694176], length 31
19:42:26.081118 IP bom12s11-in-f4.1e100.net.https > vyrazu-35-ThinkCentre-M70t.44814: Flags [P.], seq 6231:6270, ack 2792, win 1041, options [nop,nop,TS val 2646259019 ecr 4258694176], length 39
19:42:26.081359 IP vyrazu-35-ThinkCentre-M70t.44814 > bom12s11-in-f4.1e100.net.https: Flags [.], ack 6270, win 455, options [nop,nop,TS val 4258694243 ecr 2646259017], length 0
19:42:26.081405 IP vyrazu-35-ThinkCentre-M70t.44814 > bom12s11-in-f4.1e100.net.https: Flags [P.], seq 2792:2831, ack 6270, win 455, options [nop,nop,TS val 4258694243 ecr 2646259017], length 39
19:42:26.088323 IP vyrazu-35-ThinkCentre-M70t.57428 > c6.1f.3fa9.ip4.static.sl-reverse.com.https: Flags [.], ack 4113, win 472, length 0
19:42:26.088744 IP 52.57.54.34.bc.googleusercontent.com.https > vyrazu-35-ThinkCentre-M70t.49773: UDP, length 1248
19:42:26.088746 IP 52.57.54.34.bc.googleusercontent.com.https > vyrazu-35-ThinkCentre-M70t.49773: UDP, length 130
19:42:26.089471 IP vyrazu-35-ThinkCentre-M70t.49773 > 52.57.54.34.bc.googleusercontent.com.https: UDP, length 36
19:42:26.090489 IP ec2-3-6-30-85.ap-south-1.compute.amazonaws.com.http > vyrazu-35-ThinkCentre-M70t.60774: Flags [.], ack 1, win 2168, options [nop,nop,TS val 1456135060 ecr 3268732815], length 0
19:42:26.094379 IP _gateway.domain > vyrazu-35-ThinkCentre-M70t.37555: 12370 ServFail 0/1/0 (106)
19:42:26.094961 IP vyrazu-35-ThinkCentre-M70t.46764 > _gateway.domain: 21952+ [1au] PTR? 167.129.101.151.in-addr.arpa. (57)
19:42:26.096501 IP vyrazu-35-ThinkCentre-M70t.50484 > _gateway.domain: 2898+ [1au] HTTPS? analytics-alv.google.com. (53)
19:42:26.101617 IP _gateway.domain > vyrazu-35-ThinkCentre-M70t.50484: 2898 0/1/1 (103)
19:42:26.101844 IP vyrazu-35-ThinkCentre-M70t.55201 > pnbomb-az-in-f3.1e100.net.https: UDP, length 1252
19:42:26.101870 IP vyrazu-35-ThinkCentre-M70t.55201 > pnbomb-az-in-f3.1e100.net.https: UDP, length 1252
19:42:26.109030 IP 52.57.54.34.bc.googleusercontent.com.https > vyrazu-35-ThinkCentre-M70t.49773: UDP, length 93
19:42:26.110084 IP 52.57.54.34.bc.googleusercontent.com.https > vyrazu-35-ThinkCentre-M70t.49773: UDP, length 25
19:42:26.110727 IP vyrazu-35-ThinkCentre-M70t.49773 > 52.57.54.34.bc.googleusercontent.com.https: UDP, length 31
19:42:26.115642 IP 52.57.54.34.bc.googleusercontent.com.https > vyrazu-35-ThinkCentre-M70t.49773: UDP, length 108
19:42:26.116158 IP vyrazu-35-ThinkCentre-M70t.49773 > 52.57.54.34.bc.googleusercontent.com.https: UDP, length 31
19:42:26.117040 IP 52.57.54.34.bc.googleusercontent.com.https > vyrazu-35-ThinkCentre-M70t.49773: UDP, length 25
19:42:26.117605 IP vyrazu-35-ThinkCentre-M70t.49773 > 52.57.54.34.bc.googleusercontent.com.https: UDP, length 31
19:42:26.120609 IP bom12s11-in-f4.1e100.net.https > vyrazu-35-ThinkCentre-M70t.44814: Flags [.], ack 2831, win 1041, options [nop,nop,TS val 2646259060 ecr 4258694243], length 0
19:42:26.133188 IP vyrazu-35-ThinkCentre-M70t.53220 > ec2-3-6-115-182.ap-south-1.compute.amazonaws.com.http: Flags [.], ack 1, win 501, options [nop,nop,TS val 4239962197 ecr 35767133], length 0
19:42:26.134808 IP _gateway.domain > vyrazu-35-ThinkCentre-M70t.46764: 21952 ServFail 0/1/1 (117)
19:42:26.134901 IP vyrazu-35-ThinkCentre-M70t.46764 > _gateway.domain: 21952+ [1au] PTR? 167.129.101.151.in-addr.arpa. (57)
19:42:26.137331 IP pnbomb-az-in-f3.1e100.net.https > vyrazu-35-ThinkCentre-M70t.55201: UDP, length 43
19:42:26.137784 IP pnbomb-az-in-f3.1e100.net.https > vyrazu-35-ThinkCentre-M70t.55201: UDP, length 1252
19:42:26.137785 IP pnbomb-az-in-f3.1e100.net.https > vyrazu-35-ThinkCentre-M70t.55201: UDP, length 1252
19:42:26.137785 IP pnbomb-az-in-f3.1e100.net.https > vyrazu-35-ThinkCentre-M70t.55201: UDP, length 1252
19:42:26.138256 IP pnbomb-az-in-f3.1e100.net.https > vyrazu-35-ThinkCentre-M70t.55201: UDP, length 1252
19:42:26.138353 IP vyrazu-35-ThinkCentre-M70t.55201 > pnbomb-az-in-f3.1e100.net.https: UDP, length 42
19:42:26.138711 IP pnbomb-az-in-f3.1e100.net.https > vyrazu-35-ThinkCentre-M70t.55201: UDP, length 1252
19:42:26.138711 IP pnbomb-az-in-f3.1e100.net.https > vyrazu-35-ThinkCentre-M70t.55201: UDP, length 1252
19:42:26.138796 IP vyrazu-35-ThinkCentre-M70t.55201 > pnbomb-az-in-f3.1e100.net.https: UDP, length 42
19:42:26.145194 IP vyrazu-35-ThinkCentre-M70t.57250 > ec2-3-6-115-182.ap-south-1.compute.amazonaws.com.http: Flags [.], ack 1, win 501, options [nop,nop,TS val 4239962209 ecr 35767146], length 0
19:42:26.150785 IP 52.57.54.34.bc.googleusercontent.com.https > vyrazu-35-ThinkCentre-M70t.49773: UDP, length 27
19:42:26.158802 IP 52.57.54.34.bc.googleusercontent.com.https > vyrazu-35-ThinkCentre-M70t.56202: Flags [P.], seq 6927:7240, ack 7148, win 1028, options [nop,nop,TS val 3509676667 ecr 1824368464], length 313
19:42:26.158804 IP 52.57.54.34.bc.googleusercontent.com.https > vyrazu-35-ThinkCentre-M70t.56202: Flags [P.], seq 7240:7306, ack 7148, win 1028, options [nop,nop,TS val 3509676667 ecr 1824368464], length 66
19:42:26.159092 IP vyrazu-35-ThinkCentre-M70t.56202 > 52.57.54.34.bc.googleusercontent.com.https: Flags [.], ack 7306, win 452, options [nop,nop,TS val 1824368663 ecr 3509676667], length 0
19:42:26.161517 IP 52.57.54.34.bc.googleusercontent.com.https > vyrazu-35-ThinkCentre-M70t.56202: Flags [P.], seq 7306:7337, ack 7148, win 1028, options [nop,nop,TS val 3509676669 ecr 1824368464], length 31
19:42:26.161689 IP vyrazu-35-ThinkCentre-M70t.56202 > 52.57.54.34.bc.googleusercontent.com.https: Flags [P.], seq 7148:7187, ack 7337, win 452, options [nop,nop,TS val 1824368666 ecr 3509676669], length 39
19:42:26.161841 IP vyrazu-35-ThinkCentre-M70t.56202 > 52.57.54.34.bc.googleusercontent.com.https: Flags [FP.], seq 7187:7211, ack 7337, win 452, options [nop,nop,TS val 1824368666 ecr 3509676669], length 24
19:42:26.165244 IP ec2-3-6-115-182.ap-south-1.compute.amazonaws.com.http > vyrazu-35-ThinkCentre-M70t.53220: Flags [.], ack 1, win 2239, options [nop,nop,TS val 35768167 ecr 4239960759], length 0
19:42:26.172695 IP pnbomb-az-in-f3.1e100.net.https > vyrazu-35-ThinkCentre-M70t.55201: UDP, length 614
19:42:26.173623 IP vyrazu-35-ThinkCentre-M70t.55201 > pnbomb-az-in-f3.1e100.net.https: UDP, length 43
19:42:26.174974 IP vyrazu-35-ThinkCentre-M70t.55201 > pnbomb-az-in-f3.1e100.net.https: UDP, length 131
19:42:26.175007 IP vyrazu-35-ThinkCentre-M70t.55201 > pnbomb-az-in-f3.1e100.net.https: UDP, length 67
19:42:26.177254 IP _gateway.domain > vyrazu-35-ThinkCentre-M70t.46764: 21952 ServFail 0/1/1 (117)
19:42:26.177392 IP vyrazu-35-ThinkCentre-M70t.46764 > _gateway.domain: 21952+ PTR? 167.129.101.151.in-addr.arpa. (46)
19:42:26.178080 IP vyrazu-35-ThinkCentre-M70t.55201 > pnbomb-az-in-f3.1e100.net.https: UDP, length 640
19:42:26.179424 IP 52.57.54.34.bc.googleusercontent.com.https > vyrazu-35-ThinkCentre-M70t.49773: UDP, length 27
19:42:26.181063 IP ec2-3-6-115-182.ap-south-1.compute.amazonaws.com.http > vyrazu-35-ThinkCentre-M70t.57250: Flags [.], ack 1, win 3646, options [nop,nop,TS val 35768183 ecr 4239955009], length 0
19:42:26.198603 IP 52.57.54.34.bc.googleusercontent.com.https > vyrazu-35-ThinkCentre-M70t.56202: Flags [F.], seq 7376, ack 7212, win 1028, options [nop,nop,TS val 3509676709 ecr 1824368666], length 0
19:42:26.198633 IP vyrazu-35-ThinkCentre-M70t.56202 > 52.57.54.34.bc.googleusercontent.com.https: Flags [R], seq 3580158951, win 0, length 0
19:42:26.199447 IP 52.57.54.34.bc.googleusercontent.com.https > vyrazu-35-ThinkCentre-M70t.56202: Flags [.], ack 7187, win 1028, options [nop,nop,TS val 3509676709 ecr 1824368666], length 0
19:42:26.199502 IP vyrazu-35-ThinkCentre-M70t.56202 > 52.57.54.34.bc.googleusercontent.com.https: Flags [R], seq 3580158926, win 0, length 0
19:42:26.210007 IP pnbomb-az-in-f3.1e100.net.https > vyrazu-35-ThinkCentre-M70t.55201: UDP, length 618
19:42:26.210368 IP pnbomb-az-in-f3.1e100.net.https > vyrazu-35-ThinkCentre-M70t.55201: UDP, length 124
19:42:26.210369 IP pnbomb-az-in-f3.1e100.net.https > vyrazu-35-ThinkCentre-M70t.55201: UDP, length 26
19:42:26.211489 IP vyrazu-35-ThinkCentre-M70t.55201 > pnbomb-az-in-f3.1e100.net.https: UDP, length 31
19:42:26.212531 IP 104.18.16.5.https > vyrazu-35-ThinkCentre-M70t.47332: Flags [P.], seq 180:240, ack 233, win 17, options [nop,nop,TS val 2147766549 ecr 4177536783], length 60
19:42:26.212552 IP vyrazu-35-ThinkCentre-M70t.47332 > 104.18.16.5.https: Flags [.], ack 240, win 452, options [nop,nop,TS val 4177540742 ecr 2147766549], length 0
19:42:26.213617 IP vyrazu-35-ThinkCentre-M70t.47332 > 104.18.16.5.https: Flags [P.], seq 233:465, ack 240, win 452, options [nop,nop,TS val 4177540743 ecr 2147766549], length 232
19:42:26.217132 IP _gateway.domain > vyrazu-35-ThinkCentre-M70t.46764: 21952 ServFail 0/1/0 (106)
19:42:26.217743 IP ec2-52-4-136-60.compute-1.amazonaws.com.https > vyrazu-35-ThinkCentre-M70t.35360: Flags [.], ack 2035, win 175, options [nop,nop,TS val 4154280828 ecr 3000263668], length 0
19:42:26.217808 IP vyrazu-35-ThinkCentre-M70t.33458 > _gateway.domain: 52781+ [1au] PTR? 55.193.101.151.in-addr.arpa. (56)
19:42:26.218131 IP ec2-52-4-136-60.compute-1.amazonaws.com.https > vyrazu-35-ThinkCentre-M70t.35360: Flags [P.], seq 4287:4491, ack 2035, win 175, options [nop,nop,TS val 4154280828 ecr 3000263668], length 204
19:42:26.218132 IP ec2-52-4-136-60.compute-1.amazonaws.com.https > vyrazu-35-ThinkCentre-M70t.35360: Flags [P.], seq 4491:4560, ack 2035, win 175, options [nop,nop,TS val 4154280828 ecr 3000263668], length 69
19:42:26.218675 IP vyrazu-35-ThinkCentre-M70t.35360 > ec2-52-4-136-60.compute-1.amazonaws.com.https: Flags [.], ack 4560, win 468, options [nop,nop,TS val 3000263901 ecr 4154280828], length 0
19:42:26.218952 IP vyrazu-35-ThinkCentre-M70t.35360 > ec2-52-4-136-60.compute-1.amazonaws.com.https: Flags [P.], seq 2035:2134, ack 4560, win 468, options [nop,nop,TS val 3000263901 ecr 4154280828], length 99
19:42:26.218966 IP vyrazu-35-ThinkCentre-M70t.35360 > ec2-52-4-136-60.compute-1.amazonaws.com.https: Flags [P.], seq 2134:2514, ack 4560, win 468, options [nop,nop,TS val 3000263901 ecr 4154280828], length 380
19:42:26.220646 IP vyrazu-35-ThinkCentre-M70t.35360 > ec2-52-4-136-60.compute-1.amazonaws.com.https: Flags [P.], seq 2514:2552, ack 4560, win 468, options [nop,nop,TS val 3000263903 ecr 4154280828], length 38
19:42:26.238370 IP pnbomb-az-in-f3.1e100.net.https > vyrazu-35-ThinkCentre-M70t.55201: UDP, length 31
19:42:26.249517 IP 104.18.16.5.https > vyrazu-35-ThinkCentre-M70t.47332: Flags [.], ack 465, win 17, options [nop,nop,TS val 2147766586 ecr 4177540743], length 0
19:42:26.257902 IP vyrazu-35-ThinkCentre-M70t.55201 > pnbomb-az-in-f3.1e100.net.https: UDP, length 32
19:42:26.261445 IP _gateway.domain > vyrazu-35-ThinkCentre-M70t.33458: 52781 ServFail 0/1/1 (116)
19:42:26.261592 IP vyrazu-35-ThinkCentre-M70t.33458 > _gateway.domain: 52781+ [1au] PTR? 55.193.101.151.in-addr.arpa. (56)
19:42:26.269378 IP vyrazu-35-ThinkCentre-M70t.34916 > ec2-3-6-30-85.ap-south-1.compute.amazonaws.com.http: Flags [.], ack 1, win 501, options [nop,nop,TS val 3268740648 ecr 1456134237], length 0
19:42:26.278259 IP vyrazu-35-ThinkCentre-M70t.57330 > ec2-3-6-98-232.ap-south-1.compute.amazonaws.com.http: Flags [.], ack 1, win 501, options [nop,nop,TS val 4263182527 ecr 3143437751], length 0
19:42:26.283313 IP vyrazu-35-ThinkCentre-M70t.38390 > ec2-3-6-115-64.ap-south-1.compute.amazonaws.com.http: Flags [.], ack 1, win 501, options [nop,nop,TS val 3327830510 ecr 2970394752], length 0
19:42:26.283340 IP vyrazu-35-ThinkCentre-M70t.53798 > ec2-3-6-115-64.ap-south-1.compute.amazonaws.com.http: Flags [.], ack 1, win 501, options [nop,nop,TS val 3327830510 ecr 2970394752], length 0
19:42:26.299140 IP c6.1f.3fa9.ip4.static.sl-reverse.com.https > vyrazu-35-ThinkCentre-M70t.57440: Flags [P.], seq 3732:3811, ack 2641, win 71, length 79
19:42:26.299878 IP c6.1f.3fa9.ip4.static.sl-reverse.com.https > vyrazu-35-ThinkCentre-M70t.57440: Flags [P.], seq 3811:3890, ack 2641, win 71, length 79
19:42:26.301186 IP ec2-3-6-30-85.ap-south-1.compute.amazonaws.com.http > vyrazu-35-ThinkCentre-M70t.34916: Flags [.], ack 1, win 442, options [nop,nop,TS val 1456135271 ecr 3268730896], length 0
19:42:26.304938 IP _gateway.domain > vyrazu-35-ThinkCentre-M70t.33458: 52781 ServFail 0/1/1 (116)
19:42:26.305052 IP vyrazu-35-ThinkCentre-M70t.33458 > _gateway.domain: 52781+ PTR? 55.193.101.151.in-addr.arpa. (45)
19:42:26.310880 IP ec2-3-6-98-232.ap-south-1.compute.amazonaws.com.http > vyrazu-35-ThinkCentre-M70t.57330: Flags [.], ack 1, win 442, options [nop,nop,TS val 3143438784 ecr 4263177914], length 0
19:42:26.317974 IP ec2-3-6-115-64.ap-south-1.compute.amazonaws.com.http > vyrazu-35-ThinkCentre-M70t.53798: Flags [.], ack 1, win 1704, options [nop,nop,TS val 2970395788 ecr 3327825648], length 0
19:42:26.317974 IP ec2-3-6-115-64.ap-south-1.compute.amazonaws.com.http > vyrazu-35-ThinkCentre-M70t.38390: Flags [.], ack 1, win 2383, options [nop,nop,TS val 2970395788 ecr 3327819257], length 0
19:42:26.319151 IP pnbomb-az-in-f3.1e100.net.https > vyrazu-35-ThinkCentre-M70t.55201: UDP, length 363
19:42:26.319494 IP vyrazu-35-ThinkCentre-M70t.55201 > pnbomb-az-in-f3.1e100.net.https: UDP, length 41
19:42:26.319604 IP pnbomb-az-in-f3.1e100.net.https > vyrazu-35-ThinkCentre-M70t.55201: UDP, length 24
19:42:26.325189 IP vyrazu-35-ThinkCentre-M70t.59792 > ec2-3-6-122-107.ap-south-1.compute.amazonaws.com.http: Flags [.], ack 1, win 501, options [nop,nop,TS val 215699521 ecr 1118649116], length 0
19:42:26.339192 IP vyrazu-35-ThinkCentre-M70t.57440 > c6.1f.3fa9.ip4.static.sl-reverse.com.https: Flags [.], ack 3890, win 473, length 0
19:42:26.339746 IP vyrazu-35-ThinkCentre-M70t.55201 > pnbomb-az-in-f3.1e100.net.https: UDP, length 32
19:42:26.343019 IP _gateway.domain > vyrazu-35-ThinkCentre-M70t.33458: 52781 ServFail 0/1/0 (105)
19:42:26.343880 IP vyrazu-35-ThinkCentre-M70t.42536 > _gateway.domain: 42462+ [1au] PTR? 55.193.101.151.in-addr.arpa. (56)
19:42:26.354813 IP pnbomb-az-in-f3.1e100.net.https > vyrazu-35-ThinkCentre-M70t.55201: UDP, length 31
19:42:26.359228 IP ec2-3-6-122-107.ap-south-1.compute.amazonaws.com.http > vyrazu-35-ThinkCentre-M70t.59792: Flags [.], ack 1, win 448, options [nop,nop,TS val 1118650151 ecr 215697343], length 0
19:42:26.364214 IP vyrazu-35-ThinkCentre-M70t.44906 > _gateway.domain: 50483+ [1au] HTTPS? events.launchdarkly.com. (52)
19:42:26.364306 IP vyrazu-35-ThinkCentre-M70t.60861 > _gateway.domain: 54511+ [1au] A? events.launchdarkly.com. (52)
19:42:26.364373 IP vyrazu-35-ThinkCentre-M70t.40904 > _gateway.domain: 45203+ [1au] AAAA? events.launchdarkly.com. (52)
19:42:26.375279 IP vyrazu-35-ThinkCentre-M70t.55201 > pnbomb-az-in-f3.1e100.net.https: UDP, length 32
19:42:26.377261 IP _gateway.domain > vyrazu-35-ThinkCentre-M70t.44906: 50483 0/1/1 (136)
19:42:26.384352 IP _gateway.domain > vyrazu-35-ThinkCentre-M70t.42536: 42462 ServFail 0/1/1 (116)
19:42:26.384621 IP vyrazu-35-ThinkCentre-M70t.42536 > _gateway.domain: 42462+ [1au] PTR? 55.193.101.151.in-addr.arpa. (56)
19:42:26.409684 IP _gateway.domain > vyrazu-35-ThinkCentre-M70t.60861: 54511 8/0/1 A 52.45.86.192, A 52.20.210.136, A 52.1.109.42, A 52.202.28.167, A 35.170.159.207, A 3.89.22.247, A 3.212.128.202, A 3.229.64.113 (180)
19:42:26.412063 IP _gateway.domain > vyrazu-35-ThinkCentre-M70t.40904: 45203 0/1/1 (136)
19:42:26.412733 IP vyrazu-35-ThinkCentre-M70t.44012 > ec2-52-45-86-192.compute-1.amazonaws.com.https: Flags [S], seq 2334186309, win 64240, options [mss 1460,sackOK,TS val 1142485228 ecr 0,nop,wscale 7], length 0
19:42:26.412780 IP vyrazu-35-ThinkCentre-M70t.44026 > ec2-52-45-86-192.compute-1.amazonaws.com.https: Flags [S], seq 504038534, win 64240, options [mss 1460,sackOK,TS val 1142485228 ecr 0,nop,wscale 7], length 0
19:42:26.412813 IP vyrazu-35-ThinkCentre-M70t.44038 > ec2-52-45-86-192.compute-1.amazonaws.com.https: Flags [S], seq 3568973633, win 64240, options [mss 1460,sackOK,TS val 1142485228 ecr 0,nop,wscale 7], length 0
19:42:26.426077 IP _gateway.domain > vyrazu-35-ThinkCentre-M70t.42536: 42462 ServFail 0/1/1 (116)
19:42:26.426386 IP vyrazu-35-ThinkCentre-M70t.42536 > _gateway.domain: 42462+ PTR? 55.193.101.151.in-addr.arpa. (45)
19:42:26.438903 ARP, Request who-has 192.168.1.57 tell _gateway, length 28
19:42:26.441433 IP vyrazu-35-ThinkCentre-M70t.39539 > _gateway.domain: 27042+ [1au] HTTPS? www.hrmware.com. (44)
19:42:26.441509 IP vyrazu-35-ThinkCentre-M70t.56814 > _gateway.domain: 63046+ [1au] A? www.hrmware.com. (44)
19:42:26.451622 IP ec2-52-4-136-60.compute-1.amazonaws.com.https > vyrazu-35-ThinkCentre-M70t.35360: Flags [P.], seq 4560:4598, ack 2134, win 175, options [nop,nop,TS val 4154281061 ecr 3000263901], length 38
19:42:26.453252 IP ec2-52-4-136-60.compute-1.amazonaws.com.https > vyrazu-35-ThinkCentre-M70t.35360: Flags [.], ack 2552, win 187, options [nop,nop,TS val 4154281063 ecr 3000263901], length 0
19:42:26.453561 IP _gateway.domain > vyrazu-35-ThinkCentre-M70t.39539: 27042 1/0/5 HTTPS (280)
19:42:26.453561 IP _gateway.domain > vyrazu-35-ThinkCentre-M70t.56814: 63046 2/0/1 A 104.21.74.54, A 172.67.155.67 (76)
19:42:26.457494 IP 172.65.251.78.https > vyrazu-35-ThinkCentre-M70t.46058: Flags [P.], seq 5681:6935, ack 4954, win 17, options [nop,nop,TS val 4259912138 ecr 3509807495], length 1254
19:42:26.458847 IP 172.65.251.78.https > vyrazu-35-ThinkCentre-M70t.46058: Flags [P.], seq 6935:6977, ack 4954, win 17, options [nop,nop,TS val 4259912139 ecr 3509807495], length 42
19:42:26.460337 IP vyrazu-35-ThinkCentre-M70t.45056 > 104.21.74.54.https: UDP, length 1252
19:42:26.460492 IP vyrazu-35-ThinkCentre-M70t.45056 > 104.21.74.54.https: UDP, length 1252
19:42:26.462904 IP vyrazu-35-ThinkCentre-M70t.46058 > 172.65.251.78.https: Flags [.], ack 6977, win 450, options [nop,nop,TS val 3509808404 ecr 4259912138], length 0
19:42:26.463203 IP vyrazu-35-ThinkCentre-M70t.46058 > 172.65.251.78.https: Flags [P.], seq 4954:5622, ack 6977, win 450, options [nop,nop,TS val 3509808405 ecr 4259912138], length 668
19:42:26.465272 IP _gateway.domain > vyrazu-35-ThinkCentre-M70t.42536: 42462 ServFail 0/1/0 (105)
19:42:26.467570 IP vyrazu-35-ThinkCentre-M70t.59211 > _gateway.domain: 60001+ [1au] PTR? 198.31.63.169.in-addr.arpa. (55)
19:42:26.482200 IP 104.18.16.5.https > vyrazu-35-ThinkCentre-M70t.54812: Flags [P.], seq 4004:4731, ack 2555, win 16, options [nop,nop,TS val 3460000285 ecr 4177540268], length 727
19:42:26.487844 IP ec2-52-4-136-60.compute-1.amazonaws.com.https > vyrazu-35-ThinkCentre-M70t.35360: Flags [P.], seq 4598:5102, ack 2552, win 187, options [nop,nop,TS val 4154281098 ecr 3000263901], length 504
19:42:26.487887 IP vyrazu-35-ThinkCentre-M70t.35360 > ec2-52-4-136-60.compute-1.amazonaws.com.https: Flags [.], ack 5102, win 464, options [nop,nop,TS val 3000264170 ecr 4154281061], length 0
19:42:26.513516 IP _gateway.domain > vyrazu-35-ThinkCentre-M70t.59211: 60001 1/0/1 PTR c6.1f.3fa9.ip4.static.sl-reverse.com. (105)
19:42:26.514493 IP vyrazu-35-ThinkCentre-M70t.59452 > _gateway.domain: 60848+ [1au] PTR? 107.20.35.13.in-addr.arpa. (54)
19:42:26.525251 IP vyrazu-35-ThinkCentre-M70t.54812 > 104.18.16.5.https: Flags [.], ack 4731, win 467, options [nop,nop,TS val 4177541055 ecr 3460000285], length 0
19:42:26.525440 IP 104.18.16.5.https > vyrazu-35-ThinkCentre-M70t.54842: Flags [P.], seq 3468:4267, ack 3029, win 17, options [nop,nop,TS val 2980862363 ecr 4177540256], length 799
19:42:26.540363 IP 172.65.251.78.https > vyrazu-35-ThinkCentre-M70t.46058: Flags [.], ack 5622, win 17, options [nop,nop,TS val 4259912221 ecr 3509808405], length 0
19:42:26.566193 IP vyrazu-35-ThinkCentre-M70t.54842 > 104.18.16.5.https: Flags [.], ack 4267, win 469, options [nop,nop,TS val 4177541096 ecr 2980862363], length 0
19:42:26.570242 IP vyrazu-35-ThinkCentre-M70t.49294 > ec2-3-6-115-64.ap-south-1.compute.amazonaws.com.http: Flags [.], ack 1, win 501, options [nop,nop,TS val 3327830797 ecr 2970395027], length 0
19:42:26.584264 IP _gateway.domain > vyrazu-35-ThinkCentre-M70t.59452: 60848 1/0/1 PTR server-13-35-20-107.ccu50.r.cloudfront.net. (110)
19:42:26.585372 IP vyrazu-35-ThinkCentre-M70t.51593 > _gateway.domain: 50718+ [1au] PTR? 217.192.101.151.in-addr.arpa. (57)
19:42:26.589085 IP vyrazu-35-ThinkCentre-M70t.52207 > _gateway.domain: 33545+ [1au] AAAA? trkn.us. (36)
19:42:26.589203 IP vyrazu-35-ThinkCentre-M70t.47616 > _gateway.domain: 414+ [1au] AAAA? t.contentsquare.net. (48)
19:42:26.591066 IP vyrazu-35-ThinkCentre-M70t.40908 > server-3-164-36-14.ccu50.r.cloudfront.net.https: UDP, length 1252
19:42:26.591129 IP vyrazu-35-ThinkCentre-M70t.40908 > server-3-164-36-14.ccu50.r.cloudfront.net.https: UDP, length 1252
19:42:26.594055 IP server-3-164-36-14.ccu50.r.cloudfront.net.https > vyrazu-35-ThinkCentre-M70t.40908: UDP, length 1200
19:42:26.595997 IP vyrazu-35-ThinkCentre-M70t.49428 > a23-196-14-48.deploy.static.akamaitechnologies.com.https: Flags [S], seq 2095785418, win 64240, options [mss 1460,sackOK,TS val 465353858 ecr 0,nop,wscale 7], length 0
19:42:26.596212 IP vyrazu-35-ThinkCentre-M70t.38516 > 216.239.32.181.https: UDP, length 1252
19:42:26.596241 IP vyrazu-35-ThinkCentre-M70t.38516 > 216.239.32.181.https: UDP, length 1252
19:42:26.596266 IP vyrazu-35-ThinkCentre-M70t.38516 > 216.239.32.181.https: UDP, length 1252
19:42:26.596323 IP server-3-164-36-14.ccu50.r.cloudfront.net.https > vyrazu-35-ThinkCentre-M70t.40908: UDP, length 1200
19:42:26.596502 IP vyrazu-35-ThinkCentre-M70t.49440 > a23-196-14-48.deploy.static.akamaitechnologies.com.https: Flags [S], seq 971019749, win 64240, options [mss 1460,sackOK,TS val 465353859 ecr 0,nop,wscale 7], length 0
19:42:26.597362 IP server-3-164-36-14.ccu50.r.cloudfront.net.https > vyrazu-35-ThinkCentre-M70t.40908: UDP, length 1200
19:42:26.597363 IP server-3-164-36-14.ccu50.r.cloudfront.net.https > vyrazu-35-ThinkCentre-M70t.40908: UDP, length 1200
19:42:26.597364 IP server-3-164-36-14.ccu50.r.cloudfront.net.https > vyrazu-35-ThinkCentre-M70t.40908: UDP, length 1200
19:42:26.597365 IP server-3-164-36-14.ccu50.r.cloudfront.net.https > vyrazu-35-ThinkCentre-M70t.40908: UDP, length 1073
19:42:26.597392 IP vyrazu-35-ThinkCentre-M70t.40908 > server-3-164-36-14.ccu50.r.cloudfront.net.https: UDP, length 55
19:42:26.599493 IP vyrazu-35-ThinkCentre-M70t.38516 > 216.239.32.181.https: UDP, length 77
19:42:26.599667 IP vyrazu-35-ThinkCentre-M70t.49448 > a23-196-14-48.deploy.static.akamaitechnologies.com.https: Flags [S], seq 2817859524, win 64240, options [mss 1460,sackOK,TS val 465353862 ecr 0,nop,wscale 7], length 0
19:42:26.601635 IP vyrazu-35-ThinkCentre-M70t.40908 > server-3-164-36-14.ccu50.r.cloudfront.net.https: UDP, length 55
19:42:26.603026 IP vyrazu-35-ThinkCentre-M70t.40908 > server-3-164-36-14.ccu50.r.cloudfront.net.https: UDP, length 172
19:42:26.603050 IP vyrazu-35-ThinkCentre-M70t.40908 > server-3-164-36-14.ccu50.r.cloudfront.net.https: UDP, length 78
19:42:26.604156 IP _gateway.domain > vyrazu-35-ThinkCentre-M70t.47616: 414 0/1/1 (133)
19:42:26.604541 IP _gateway.domain > vyrazu-35-ThinkCentre-M70t.52207: 33545 0/1/1 (114)
19:42:26.605199 IP server-3-164-36-14.ccu50.r.cloudfront.net.https > vyrazu-35-ThinkCentre-M70t.40908: UDP, length 1452
19:42:26.605459 IP vyrazu-35-ThinkCentre-M70t.40908 > server-3-164-36-14.ccu50.r.cloudfront.net.https: UDP, length 326
19:42:26.605667 IP vyrazu-35-ThinkCentre-M70t.40908 > server-3-164-36-14.ccu50.r.cloudfront.net.https: UDP, length 43
19:42:26.606087 IP server-3-164-36-14.ccu50.r.cloudfront.net.https > vyrazu-35-ThinkCentre-M70t.40908: UDP, length 107
19:42:26.606089 IP server-3-164-36-14.ccu50.r.cloudfront.net.https > vyrazu-35-ThinkCentre-M70t.40908: UDP, length 43
19:42:26.606767 IP vyrazu-35-ThinkCentre-M70t.40908 > server-3-164-36-14.ccu50.r.cloudfront.net.https: UDP, length 43
19:42:26.607078 IP 104.18.16.5.https > vyrazu-35-ThinkCentre-M70t.54842: Flags [P.], seq 4267:4339, ack 3029, win 17, options [nop,nop,TS val 2980862446 ecr 4177541096], length 72
19:42:26.607118 IP vyrazu-35-ThinkCentre-M70t.54842 > 104.18.16.5.https: Flags [.], ack 4339, win 469, options [nop,nop,TS val 4177541136 ecr 2980862446], length 0
19:42:26.609595 IP ec2-3-6-115-64.ap-south-1.compute.amazonaws.com.http > vyrazu-35-ThinkCentre-M70t.49294: Flags [.], ack 1, win 442, options [nop,nop,TS val 2970396079 ecr 3327817970], length 0
19:42:26.609777 IP server-3-164-36-14.ccu50.r.cloudfront.net.https > vyrazu-35-ThinkCentre-M70t.40908: UDP, length 371
19:42:26.612255 IP vyrazu-35-ThinkCentre-M70t.56691 > _gateway.domain: 32172+ [1au] HTTPS? c.6sc.co. (37)
19:42:26.612360 IP vyrazu-35-ThinkCentre-M70t.39447 > _gateway.domain: 47924+ [1au] A? c.6sc.co. (37)
19:42:26.612426 IP vyrazu-35-ThinkCentre-M70t.41468 > _gateway.domain: 8281+ [1au] AAAA? c.6sc.co. (37)
19:42:26.612986 IP vyrazu-35-ThinkCentre-M70t.38392 > _gateway.domain: 30113+ [1au] HTTPS? ipv6.6sc.co. (40)
19:42:26.613064 IP vyrazu-35-ThinkCentre-M70t.44678 > _gateway.domain: 56268+ [1au] A? ipv6.6sc.co. (40)
19:42:26.613116 IP vyrazu-35-ThinkCentre-M70t.39283 > _gateway.domain: 56185+ [1au] AAAA? ipv6.6sc.co. (40)
19:42:26.624126 IP vyrazu-35-ThinkCentre-M70t.54842 > 104.18.16.5.https: Flags [P.], seq 3029:3137, ack 4339, win 469, options [nop,nop,TS val 4177541153 ecr 2980862446], length 108
19:42:26.624392 IP vyrazu-35-ThinkCentre-M70t.54842 > 104.18.16.5.https: Flags [P.], seq 3137:3246, ack 4339, win 469, options [nop,nop,TS val 4177541154 ecr 2980862446], length 109
19:42:26.630366 IP vyrazu-35-ThinkCentre-M70t.40908 > server-3-164-36-14.ccu50.r.cloudfront.net.https: UDP, length 44
19:42:26.633762 IP 104.21.74.54.https > vyrazu-35-ThinkCentre-M70t.45056: UDP, length 1200
19:42:26.634148 IP 216.239.32.181.https > vyrazu-35-ThinkCentre-M70t.38516: UDP, length 43
19:42:26.634150 IP 216.239.32.181.https > vyrazu-35-ThinkCentre-M70t.38516: UDP, length 43
19:42:26.634153 IP 216.239.32.181.https > vyrazu-35-ThinkCentre-M70t.38516: UDP, length 1252
19:42:26.634287 IP a23-196-14-48.deploy.static.akamaitechnologies.com.https > vyrazu-35-ThinkCentre-M70t.49428: Flags [S.], seq 2688854261, ack 2095785419, win 65160, options [mss 1384,sackOK,TS val 3037746403 ecr 465353858,nop,wscale 7], length 0
19:42:26.634389 IP vyrazu-35-ThinkCentre-M70t.49428 > a23-196-14-48.deploy.static.akamaitechnologies.com.https: Flags [.], ack 1, win 502, options [nop,nop,TS val 465353897 ecr 3037746403], length 0
19:42:26.634433 IP 216.239.32.181.https > vyrazu-35-ThinkCentre-M70t.38516: UDP, length 1252
19:42:26.634630 IP 104.21.74.54.https > vyrazu-35-ThinkCentre-M70t.45056: UDP, length 1200
19:42:26.634806 IP server-3-164-36-14.ccu50.r.cloudfront.net.https > vyrazu-35-ThinkCentre-M70t.40908: UDP, length 43
19:42:26.634807 IP _gateway.domain > vyrazu-35-ThinkCentre-M70t.51593: 50718 ServFail 0/1/1 (117)
19:42:26.635130 IP vyrazu-35-ThinkCentre-M70t.51593 > _gateway.domain: 50718+ [1au] PTR? 217.192.101.151.in-addr.arpa. (57)
19:42:26.635499 IP a23-196-14-48.deploy.static.akamaitechnologies.com.https > vyrazu-35-ThinkCentre-M70t.49440: Flags [S.], seq 47874642, ack 971019750, win 65160, options [mss 1384,sackOK,TS val 3037746406 ecr 465353859,nop,wscale 7], length 0
19:42:26.635555 IP vyrazu-35-ThinkCentre-M70t.49440 > a23-196-14-48.deploy.static.akamaitechnologies.com.https: Flags [.], ack 1, win 502, options [nop,nop,TS val 465353898 ecr 3037746406], length 0
19:42:26.636434 IP 104.21.74.54.https > vyrazu-35-ThinkCentre-M70t.45056: UDP, length 1200
19:42:26.636780 IP vyrazu-35-ThinkCentre-M70t.49428 > a23-196-14-48.deploy.static.akamaitechnologies.com.https: Flags [P.], seq 1:1893, ack 1, win 502, options [nop,nop,TS val 465353899 ecr 3037746403], length 1892
19:42:26.637096 IP a23-196-14-48.deploy.static.akamaitechnologies.com.https > vyrazu-35-ThinkCentre-M70t.49448: Flags [S.], seq 2889720518, ack 2817859525, win 65160, options [mss 1384,sackOK,TS val 3037746407 ecr 465353862,nop,wscale 7], length 0
19:42:26.637224 IP vyrazu-35-ThinkCentre-M70t.49448 > a23-196-14-48.deploy.static.akamaitechnologies.com.https: Flags [.], ack 1, win 502, options [nop,nop,TS val 465353900 ecr 3037746407], length 0
19:42:26.637374 IP 104.21.74.54.https > vyrazu-35-ThinkCentre-M70t.45056: UDP, length 1200
19:42:26.637379 IP 104.21.74.54.https > vyrazu-35-ThinkCentre-M70t.45056: UDP, length 1200
19:42:26.637382 IP 104.21.74.54.https > vyrazu-35-ThinkCentre-M70t.45056: UDP, length 505
19:42:26.641797 IP ec2-52-45-86-192.compute-1.amazonaws.com.https > vyrazu-35-ThinkCentre-M70t.44038: Flags [S.], seq 3782699018, ack 3568973634, win 26847, options [mss 1460,sackOK,TS val 3905446118 ecr 1142485228,nop,wscale 8], length 0
19:42:26.641992 IP vyrazu-35-ThinkCentre-M70t.44038 > ec2-52-45-86-192.compute-1.amazonaws.com.https: Flags [.], ack 1, win 502, options [nop,nop,TS val 1142485457 ecr 3905446118], length 0
19:42:26.642128 IP vyrazu-35-ThinkCentre-M70t.45056 > 104.21.74.54.https: UDP, length 55
19:42:26.643473 IP vyrazu-35-ThinkCentre-M70t.49440 > a23-196-14-48.deploy.static.akamaitechnologies.com.https: Flags [P.], seq 1:1893, ack 1, win 502, options [nop,nop,TS val 465353906 ecr 3037746406], length 1892
19:42:26.643838 IP vyrazu-35-ThinkCentre-M70t.35450 > bom12s11-in-f4.1e100.net.https: Flags [P.], seq 1227:1321, ack 16027, win 280, options [nop,nop,TS val 4258694805 ecr 152262186], length 94
19:42:26.645099 IP vyrazu-35-ThinkCentre-M70t.49448 > a23-196-14-48.deploy.static.akamaitechnologies.com.https: Flags [P.], seq 1:1893, ack 1, win 502, options [nop,nop,TS val 465353907 ecr 3037746407], length 1892
19:42:26.645207 IP ec2-52-45-86-192.compute-1.amazonaws.com.https > vyrazu-35-ThinkCentre-M70t.44026: Flags [S.], seq 2250407456, ack 504038535, win 26847, options [mss 1460,sackOK,TS val 3905446121 ecr 1142485228,nop,wscale 8], length 0
19:42:26.645274 IP vyrazu-35-ThinkCentre-M70t.44026 > ec2-52-45-86-192.compute-1.amazonaws.com.https: Flags [.], ack 1, win 502, options [nop,nop,TS val 1142485461 ecr 3905446121], length 0
19:42:26.647136 IP ec2-52-45-86-192.compute-1.amazonaws.com.https > vyrazu-35-ThinkCentre-M70t.44012: Flags [S.], seq 942288899, ack 2334186310, win 26847, options [mss 1460,sackOK,TS val 3905446121 ecr 1142485228,nop,wscale 8], length 0
19:42:26.647243 IP vyrazu-35-ThinkCentre-M70t.44012 > ec2-52-45-86-192.compute-1.amazonaws.com.https: Flags [.], ack 1, win 502, options [nop,nop,TS val 1142485463 ecr 3905446121], length 0
19:42:26.648124 IP vyrazu-35-ThinkCentre-M70t.44038 > ec2-52-45-86-192.compute-1.amazonaws.com.https: Flags [P.], seq 1:1909, ack 1, win 502, options [nop,nop,TS val 1142485463 ecr 3905446118], length 1908
19:42:26.648779 IP vyrazu-35-ThinkCentre-M70t.45056 > 104.21.74.54.https: UDP, length 149
19:42:26.648839 IP vyrazu-35-ThinkCentre-M70t.45056 > 104.21.74.54.https: UDP, length 79
19:42:26.650765 IP vyrazu-35-ThinkCentre-M70t.44026 > ec2-52-45-86-192.compute-1.amazonaws.com.https: Flags [P.], seq 1:1909, ack 1, win 502, options [nop,nop,TS val 1142485466 ecr 3905446121], length 1908
19:42:26.656346 IP vyrazu-35-ThinkCentre-M70t.44012 > ec2-52-45-86-192.compute-1.amazonaws.com.https: Flags [P.], seq 1:1909, ack 1, win 502, options [nop,nop,TS val 1142485472 ecr 3905446121], length 1908
19:42:26.661822 IP 104.18.16.5.https > vyrazu-35-ThinkCentre-M70t.54842: Flags [.], ack 3246, win 17, options [nop,nop,TS val 2980862500 ecr 4177541153], length 0
19:42:26.668534 IP _gateway.domain > vyrazu-35-ThinkCentre-M70t.38392: 30113 2/1/1 CNAME ipv6-2.6sc.co.edgekey.net., CNAME e212585.dscb.akamaiedge.net. (181)
19:42:26.668917 IP _gateway.domain > vyrazu-35-ThinkCentre-M70t.41468: 8281 2/1/1 CNAME c2.6sc.co.edgekey.net., CNAME e212585.b.akamaiedge.net. (168)
19:42:26.668933 IP _gateway.domain > vyrazu-35-ThinkCentre-M70t.56691: 32172 2/1/1 CNAME c2.6sc.co.edgekey.net., CNAME e212585.b.akamaiedge.net. (168)
19:42:26.669546 IP vyrazu-35-ThinkCentre-M70t.60979 > _gateway.domain: 60625+ [1au] HTTPS? e212585.dscb.akamaiedge.net. (56)
19:42:26.669842 IP vyrazu-35-ThinkCentre-M70t.47635 > _gateway.domain: 48674+ [1au] AAAA? e212585.b.akamaiedge.net. (53)
19:42:26.670032 IP vyrazu-35-ThinkCentre-M70t.51724 > _gateway.domain: 21376+ [1au] HTTPS? e212585.b.akamaiedge.net. (53)
19:42:26.671872 IP _gateway.domain > vyrazu-35-ThinkCentre-M70t.44678: 56268 4/0/1 CNAME ipv6-2.6sc.co.edgekey.net., CNAME e212585.dscb.akamaiedge.net., A 23.57.76.144, A 23.212.164.240 (149)
19:42:26.672258 IP _gateway.domain > vyrazu-35-ThinkCentre-M70t.39283: 56185 4/0/1 CNAME ipv6-2.6sc.co.edgekey.net., CNAME e212585.dscb.akamaiedge.net., AAAA 2600:140f:7::17d4:a4e0, AAAA 2600:140f:7::17d4:a4db (173)
19:42:26.672495 IP _gateway.domain > vyrazu-35-ThinkCentre-M70t.39447: 47924 4/0/1 CNAME c2.6sc.co.edgekey.net., CNAME e212585.b.akamaiedge.net., A 23.57.76.144, A 23.212.164.240 (139)
19:42:26.674346 IP vyrazu-35-ThinkCentre-M70t.48050 > a23-212-164-240.deploy.static.akamaitechnologies.com.https: Flags [S], seq 2248538591, win 64240, options [mss 1460,sackOK,TS val 2373592996 ecr 0,nop,wscale 7], length 0
19:42:26.674694 IP a23-196-14-48.deploy.static.akamaitechnologies.com.https > vyrazu-35-ThinkCentre-M70t.49428: Flags [.], ack 1373, win 524, options [nop,nop,TS val 3037746445 ecr 465353899], length 0
19:42:26.675027 IP a23-196-14-48.deploy.static.akamaitechnologies.com.https > vyrazu-35-ThinkCentre-M70t.49428: Flags [.], ack 1893, win 545, options [nop,nop,TS val 3037746445 ecr 465353899], length 0
19:42:26.676775 IP a23-196-14-48.deploy.static.akamaitechnologies.com.https > vyrazu-35-ThinkCentre-M70t.49428: Flags [.], seq 1:1449, ack 1893, win 545, options [nop,nop,TS val 3037746447 ecr 465353899], length 1448
19:42:26.676842 IP vyrazu-35-ThinkCentre-M70t.49428 > a23-196-14-48.deploy.static.akamaitechnologies.com.https: Flags [.], ack 1449, win 491, options [nop,nop,TS val 465353939 ecr 3037746447], length 0
19:42:26.677214 IP a23-196-14-48.deploy.static.akamaitechnologies.com.https > vyrazu-35-ThinkCentre-M70t.49428: Flags [P.], seq 1449:2897, ack 1893, win 545, options [nop,nop,TS val 3037746447 ecr 465353899], length 1448
19:42:26.677215 IP a23-196-14-48.deploy.static.akamaitechnologies.com.https > vyrazu-35-ThinkCentre-M70t.49428: Flags [P.], seq 2897:4097, ack 1893, win 545, options [nop,nop,TS val 3037746447 ecr 465353899], length 1200
19:42:26.677246 IP vyrazu-35-ThinkCentre-M70t.49428 > a23-196-14-48.deploy.static.akamaitechnologies.com.https: Flags [.], ack 2897, win 480, options [nop,nop,TS val 465353940 ecr 3037746447], length 0
19:42:26.677269 IP vyrazu-35-ThinkCentre-M70t.49428 > a23-196-14-48.deploy.static.akamaitechnologies.com.https: Flags [.], ack 4097, win 471, options [nop,nop,TS val 465353940 ecr 3037746447], length 0
19:42:26.677922 IP a23-196-14-48.deploy.static.akamaitechnologies.com.https > vyrazu-35-ThinkCentre-M70t.49428: Flags [P.], seq 4097:4152, ack 1893, win 545, options [nop,nop,TS val 3037746447 ecr 465353899], length 55
19:42:26.677965 IP vyrazu-35-ThinkCentre-M70t.49428 > a23-196-14-48.deploy.static.akamaitechnologies.com.https: Flags [.], ack 4152, win 471, options [nop,nop,TS val 465353940 ecr 3037746447], length 0
19:42:26.679646 IP a23-212-164-240.deploy.static.akamaitechnologies.com.https > vyrazu-35-ThinkCentre-M70t.48050: Flags [S.], seq 2315401368, ack 2248538592, win 65160, options [mss 1384,sackOK,TS val 4136322029 ecr 2373592996,nop,wscale 7], length 0
19:42:26.679789 IP vyrazu-35-ThinkCentre-M70t.48050 > a23-212-164-240.deploy.static.akamaitechnologies.com.https: Flags [.], ack 1, win 502, options [nop,nop,TS val 2373593001 ecr 4136322029], length 0
19:42:26.680302 IP vyrazu-35-ThinkCentre-M70t.49428 > a23-196-14-48.deploy.static.akamaitechnologies.com.https: Flags [P.], seq 1893:1973, ack 4152, win 471, options [nop,nop,TS val 465353943 ecr 3037746447], length 80
19:42:26.680965 IP bom12s11-in-f4.1e100.net.https > vyrazu-35-ThinkCentre-M70t.35450: Flags [.], ack 1321, win 1042, options [nop,nop,TS val 152264411 ecr 4258694805], length 0
19:42:26.681730 IP a23-196-14-48.deploy.static.akamaitechnologies.com.https > vyrazu-35-ThinkCentre-M70t.49448: Flags [.], ack 1893, win 495, options [nop,nop,TS val 3037746452 ecr 465353907], length 0
19:42:26.681836 IP vyrazu-35-ThinkCentre-M70t.38516 > 216.239.32.181.https: UDP, length 1252
19:42:26.683053 IP vyrazu-35-ThinkCentre-M70t.49428 > a23-196-14-48.deploy.static.akamaitechnologies.com.https: Flags [P.], seq 1973:2498, ack 4152, win 471, options [nop,nop,TS val 465353945 ecr 3037746447], length 525
19:42:26.683237 IP a23-196-14-48.deploy.static.akamaitechnologies.com.https > vyrazu-35-ThinkCentre-M70t.49440: Flags [.], seq 1:1437, ack 1893, win 501, options [nop,nop,TS val 3037746454 ecr 465353906], length 1436
19:42:26.683322 IP vyrazu-35-ThinkCentre-M70t.49440 > a23-196-14-48.deploy.static.akamaitechnologies.com.https: Flags [.], ack 1437, win 491, options [nop,nop,TS val 465353946 ecr 3037746454], length 0
19:42:26.684307 IP a23-196-14-48.deploy.static.akamaitechnologies.com.https > vyrazu-35-ThinkCentre-M70t.49440: Flags [P.], seq 2873:4097, ack 1893, win 501, options [nop,nop,TS val 3037746454 ecr 465353906], length 1224
19:42:26.684312 IP a23-196-14-48.deploy.static.akamaitechnologies.com.https > vyrazu-35-ThinkCentre-M70t.49440: Flags [P.], seq 1437:2873, ack 1893, win 501, options [nop,nop,TS val 3037746454 ecr 465353906], length 1436
19:42:26.684312 IP a23-196-14-48.deploy.static.akamaitechnologies.com.https > vyrazu-35-ThinkCentre-M70t.49440: Flags [P.], seq 4097:4152, ack 1893, win 501, options [nop,nop,TS val 3037746454 ecr 465353906], length 55
19:42:26.684383 IP vyrazu-35-ThinkCentre-M70t.49440 > a23-196-14-48.deploy.static.akamaitechnologies.com.https: Flags [.], ack 1437, win 491, options [nop,nop,TS val 465353947 ecr 3037746454,nop,nop,sack 1 {2873:4097}], length 0
19:42:26.684408 IP vyrazu-35-ThinkCentre-M70t.49440 > a23-196-14-48.deploy.static.akamaitechnologies.com.https: Flags [.], ack 4097, win 471, options [nop,nop,TS val 465353947 ecr 3037746454], length 0
19:42:26.684413 IP vyrazu-35-ThinkCentre-M70t.49440 > a23-196-14-48.deploy.static.akamaitechnologies.com.https: Flags [.], ack 4152, win 471, options [nop,nop,TS val 465353947 ecr 3037746454], length 0
19:42:26.684426 IP vyrazu-35-ThinkCentre-M70t.48050 > a23-212-164-240.deploy.static.akamaitechnologies.com.https: Flags [P.], seq 1:1897, ack 1, win 502, options [nop,nop,TS val 2373593006 ecr 4136322029], length 1896
19:42:26.685163 IP a23-196-14-48.deploy.static.akamaitechnologies.com.https > vyrazu-35-ThinkCentre-M70t.49448: Flags [P.], seq 1:2897, ack 1893, win 495, options [nop,nop,TS val 3037746454 ecr 465353907], length 2896
19:42:26.685164 IP a23-196-14-48.deploy.static.akamaitechnologies.com.https > vyrazu-35-ThinkCentre-M70t.49448: Flags [P.], seq 2897:4097, ack 1893, win 495, options [nop,nop,TS val 3037746454 ecr 465353907], length 1200
19:42:26.685165 IP a23-196-14-48.deploy.static.akamaitechnologies.com.https > vyrazu-35-ThinkCentre-M70t.49448: Flags [P.], seq 4097:4152, ack 1893, win 495, options [nop,nop,TS val 3037746454 ecr 465353907], length 55
19:42:26.685200 IP vyrazu-35-ThinkCentre-M70t.49448 > a23-196-14-48.deploy.static.akamaitechnologies.com.https: Flags [.], ack 2897, win 480, options [nop,nop,TS val 465353948 ecr 3037746454], length 0
19:42:26.685218 IP vyrazu-35-ThinkCentre-M70t.49448 > a23-196-14-48.deploy.static.akamaitechnologies.com.https: Flags [.], ack 4097, win 471, options [nop,nop,TS val 465353948 ecr 3037746454], length 0
19:42:26.685221 IP vyrazu-35-ThinkCentre-M70t.49448 > a23-196-14-48.deploy.static.akamaitechnologies.com.https: Flags [.], ack 4152, win 471, options [nop,nop,TS val 465353948 ecr 3037746454], length 0
19:42:26.686324 IP vyrazu-35-ThinkCentre-M70t.49440 > a23-196-14-48.deploy.static.akamaitechnologies.com.https: Flags [P.], seq 1893:1973, ack 4152, win 471, options [nop,nop,TS val 465353949 ecr 3037746454], length 80
19:42:26.686565 IP _gateway.domain > vyrazu-35-ThinkCentre-M70t.51593: 50718 ServFail 0/1/1 (117)
19:42:26.686731 IP vyrazu-35-ThinkCentre-M70t.51593 > _gateway.domain: 50718+ PTR? 217.192.101.151.in-addr.arpa. (46)
19:42:26.687056 IP vyrazu-35-ThinkCentre-M70t.49448 > a23-196-14-48.deploy.static.akamaitechnologies.com.https: Flags [P.], seq 1893:1973, ack 4152, win 471, options [nop,nop,TS val 465353949 ecr 3037746454], length 80
19:42:26.687338 IP vyrazu-35-ThinkCentre-M70t.49440 > a23-196-14-48.deploy.static.akamaitechnologies.com.https: Flags [P.], seq 1973:2497, ack 4152, win 471, options [nop,nop,TS val 465353950 ecr 3037746454], length 524
19:42:26.688330 IP a23-212-164-240.deploy.static.akamaitechnologies.com.https > vyrazu-35-ThinkCentre-M70t.48050: Flags [.], ack 1373, win 524, options [nop,nop,TS val 4136322038 ecr 2373593006], length 0
19:42:26.688886 IP a23-212-164-240.deploy.static.akamaitechnologies.com.https > vyrazu-35-ThinkCentre-M70t.48050: Flags [.], ack 1897, win 545, options [nop,nop,TS val 4136322038 ecr 2373593006], length 0
19:42:26.689344 IP _gateway.domain > vyrazu-35-ThinkCentre-M70t.60979: 60625 0/1/1 (134)
19:42:26.690410 IP a23-212-164-240.deploy.static.akamaitechnologies.com.https > vyrazu-35-ThinkCentre-M70t.48050: Flags [.], seq 1:1449, ack 1897, win 545, options [nop,nop,TS val 4136322040 ecr 2373593006], length 1448
19:42:26.690473 IP vyrazu-35-ThinkCentre-M70t.48050 > a23-212-164-240.deploy.static.akamaitechnologies.com.https: Flags [.], ack 1449, win 491, options [nop,nop,TS val 2373593012 ecr 4136322040], length 0
19:42:26.690841 IP a23-212-164-240.deploy.static.akamaitechnologies.com.https > vyrazu-35-ThinkCentre-M70t.48050: Flags [P.], seq 1449:2897, ack 1897, win 545, options [nop,nop,TS val 4136322040 ecr 2373593006], length 1448
19:42:26.690842 IP a23-212-164-240.deploy.static.akamaitechnologies.com.https > vyrazu-35-ThinkCentre-M70t.48050: Flags [P.], seq 2897:3337, ack 1897, win 545, options [nop,nop,TS val 4136322040 ecr 2373593006], length 440
19:42:26.690857 IP vyrazu-35-ThinkCentre-M70t.48050 > a23-212-164-240.deploy.static.akamaitechnologies.com.https: Flags [.], ack 2897, win 480, options [nop,nop,TS val 2373593012 ecr 4136322040], length 0
19:42:26.690867 IP vyrazu-35-ThinkCentre-M70t.48050 > a23-212-164-240.deploy.static.akamaitechnologies.com.https: Flags [.], ack 3337, win 477, options [nop,nop,TS val 2373593012 ecr 4136322040], length 0
19:42:26.692119 IP _gateway.domain > vyrazu-35-ThinkCentre-M70t.47635: 48674 0/1/1 (128)
19:42:26.692413 IP _gateway.domain > vyrazu-35-ThinkCentre-M70t.51724: 21376 0/1/1 (128)
19:42:26.693694 IP 216.239.32.181.https > vyrazu-35-ThinkCentre-M70t.38516: UDP, length 1252
19:42:26.693946 IP 216.239.32.181.https > vyrazu-35-ThinkCentre-M70t.38516: UDP, length 301
19:42:26.694351 IP 216.239.32.181.https > vyrazu-35-ThinkCentre-M70t.38516: UDP, length 617
19:42:26.694355 IP 216.239.32.181.https > vyrazu-35-ThinkCentre-M70t.38516: UDP, length 28
19:42:26.694355 IP 216.239.32.181.https > vyrazu-35-ThinkCentre-M70t.38516: UDP, length 25
19:42:26.697651 IP vyrazu-35-ThinkCentre-M70t.38516 > 216.239.32.181.https: UDP, length 113
19:42:26.698050 IP vyrazu-35-ThinkCentre-M70t.48050 > a23-212-164-240.deploy.static.akamaitechnologies.com.https: Flags [P.], seq 1897:1977, ack 3337, win 477, options [nop,nop,TS val 2373593019 ecr 4136322040], length 80
19:42:26.698456 IP vyrazu-35-ThinkCentre-M70t.48062 > a23-212-164-240.deploy.static.akamaitechnologies.com.https: Flags [S], seq 2950594409, win 64240, options [mss 1460,sackOK,TS val 2373593020 ecr 0,nop,wscale 7], length 0
19:42:26.698604 IP vyrazu-35-ThinkCentre-M70t.40546 > a23-212-164-240.deploy.static.akamaitechnologies.com.https: Flags [P.], seq 3981558385:3981558450, ack 2186883551, win 809, options [nop,nop,TS val 2373593020 ecr 4136301502], length 65
19:42:26.698637 IP vyrazu-35-ThinkCentre-M70t.48064 > a23-212-164-240.deploy.static.akamaitechnologies.com.https: Flags [S], seq 1851285560, win 64240, options [mss 1460,sackOK,TS val 2373593020 ecr 0,nop,wscale 7], length 0
19:42:26.698944 IP vyrazu-35-ThinkCentre-M70t.48050 > a23-212-164-240.deploy.static.akamaitechnologies.com.https: Flags [P.], seq 1977:2069, ack 3337, win 477, options [nop,nop,TS val 2373593020 ecr 4136322040], length 92
19:42:26.698964 IP vyrazu-35-ThinkCentre-M70t.48050 > a23-212-164-240.deploy.static.akamaitechnologies.com.https: Flags [P.], seq 2069:2341, ack 3337, win 477, options [nop,nop,TS val 2373593020 ecr 4136322040], length 272
19:42:26.699048 IP vyrazu-35-ThinkCentre-M70t.48576 > 216.239.32.181.https: Flags [S], seq 3385918186, win 64240, options [mss 1460,sackOK,TS val 4137879217 ecr 0,nop,wscale 7], length 0
19:42:26.699090 IP vyrazu-35-ThinkCentre-M70t.48066 > a23-212-164-240.deploy.static.akamaitechnologies.com.https: Flags [S], seq 1147227234, win 64240, options [mss 1460,sackOK,TS val 2373593020 ecr 0,nop,wscale 7], length 0
19:42:26.699836 IP a23-212-164-240.deploy.static.akamaitechnologies.com.https > vyrazu-35-ThinkCentre-M70t.48050: Flags [.], ack 1977, win 545, options [nop,nop,TS val 4136322049 ecr 2373593019], length 0
19:42:26.701237 IP a23-212-164-240.deploy.static.akamaitechnologies.com.https > vyrazu-35-ThinkCentre-M70t.48050: Flags [P.], seq 3337:3608, ack 1977, win 545, options [nop,nop,TS val 4136322050 ecr 2373593019], length 271
19:42:26.701810 IP a23-212-164-240.deploy.static.akamaitechnologies.com.https > vyrazu-35-ThinkCentre-M70t.48062: Flags [S.], seq 2272720983, ack 2950594410, win 65160, options [mss 1384,sackOK,TS val 4136322050 ecr 2373593020,nop,wscale 7], length 0
19:42:26.701810 IP a23-212-164-240.deploy.static.akamaitechnologies.com.https > vyrazu-35-ThinkCentre-M70t.40546: Flags [.], ack 65, win 500, options [nop,nop,TS val 4136322052 ecr 2373593020], length 0
19:42:26.701839 IP a23-212-164-240.deploy.static.akamaitechnologies.com.https > vyrazu-35-ThinkCentre-M70t.48050: Flags [P.], seq 3608:3895, ack 1977, win 545, options [nop,nop,TS val 4136322050 ecr 2373593019], length 287
19:42:26.701888 IP vyrazu-35-ThinkCentre-M70t.48062 > a23-212-164-240.deploy.static.akamaitechnologies.com.https: Flags [R], seq 2950594410, win 0, length 0
19:42:26.701943 IP vyrazu-35-ThinkCentre-M70t.48050 > a23-212-164-240.deploy.static.akamaitechnologies.com.https: Flags [.], ack 3895, win 473, options [nop,nop,TS val 2373593023 ecr 4136322050], length 0
19:42:26.703313 IP a23-212-164-240.deploy.static.akamaitechnologies.com.https > vyrazu-35-ThinkCentre-M70t.48064: Flags [S.], seq 3900147492, ack 1851285561, win 65160, options [mss 1384,sackOK,TS val 4136322050 ecr 2373593020,nop,wscale 7], length 0
19:42:26.703493 IP vyrazu-35-ThinkCentre-M70t.48064 > a23-212-164-240.deploy.static.akamaitechnologies.com.https: Flags [.], ack 1, win 502, options [nop,nop,TS val 2373593025 ecr 4136322050], length 0
19:42:26.704563 IP a23-212-164-240.deploy.static.akamaitechnologies.com.https > vyrazu-35-ThinkCentre-M70t.48066: Flags [S.], seq 1382585278, ack 1147227235, win 65160, options [mss 1384,sackOK,TS val 4136322051 ecr 2373593020,nop,wscale 7], length 0
19:42:26.704563 IP a23-212-164-240.deploy.static.akamaitechnologies.com.https > vyrazu-35-ThinkCentre-M70t.48050: Flags [.], ack 2341, win 567, options [nop,nop,TS val 4136322053 ecr 2373593020], length 0
19:42:26.704599 IP vyrazu-35-ThinkCentre-M70t.48066 > a23-212-164-240.deploy.static.akamaitechnologies.com.https: Flags [.], ack 1, win 502, options [nop,nop,TS val 2373593026 ecr 4136322051], length 0
19:42:26.704824 IP vyrazu-35-ThinkCentre-M70t.48064 > a23-212-164-240.deploy.static.akamaitechnologies.com.https: Flags [P.], seq 1:1894, ack 1, win 502, options [nop,nop,TS val 2373593026 ecr 4136322050], length 1893
19:42:26.705243 IP a23-212-164-240.deploy.static.akamaitechnologies.com.https > vyrazu-35-ThinkCentre-M70t.48050: Flags [P.], seq 3895:3956, ack 2341, win 567, options [nop,nop,TS val 4136322053 ecr 2373593020], length 61
19:42:26.705838 IP vyrazu-35-ThinkCentre-M70t.48066 > a23-212-164-240.deploy.static.akamaitechnologies.com.https: Flags [P.], seq 1:1894, ack 1, win 502, options [nop,nop,TS val 2373593027 ecr 4136322051], length 1893
19:42:26.706006 IP a23-212-164-240.deploy.static.akamaitechnologies.com.https > vyrazu-35-ThinkCentre-M70t.48050: Flags [P.], seq 3956:3987, ack 2341, win 567, options [nop,nop,TS val 4136322053 ecr 2373593020], length 31
19:42:26.706008 IP a23-212-164-240.deploy.static.akamaitechnologies.com.https > vyrazu-35-ThinkCentre-M70t.48050: Flags [P.], seq 3987:4276, ack 2341, win 567, options [nop,nop,TS val 4136322054 ecr 2373593020], length 289
19:42:26.706605 IP vyrazu-35-ThinkCentre-M70t.48050 > a23-212-164-240.deploy.static.akamaitechnologies.com.https: Flags [P.], seq 2341:2372, ack 4276, win 471, options [nop,nop,TS val 2373593028 ecr 4136322053], length 31
19:42:26.706819 IP a23-212-164-240.deploy.static.akamaitechnologies.com.https > vyrazu-35-ThinkCentre-M70t.48050: Flags [P.], seq 4276:4311, ack 2341, win 567, options [nop,nop,TS val 4136322054 ecr 2373593020], length 35
19:42:26.708805 IP a23-212-164-240.deploy.static.akamaitechnologies.com.https > vyrazu-35-ThinkCentre-M70t.48066: Flags [.], ack 1894, win 531, options [nop,nop,TS val 4136322058 ecr 2373593027], length 0
19:42:26.709499 IP a23-212-164-240.deploy.static.akamaitechnologies.com.https > vyrazu-35-ThinkCentre-M70t.48064: Flags [.], seq 1:1437, ack 1894, win 501, options [nop,nop,TS val 4136322059 ecr 2373593026], length 1436
19:42:26.709582 IP vyrazu-35-ThinkCentre-M70t.48064 > a23-212-164-240.deploy.static.akamaitechnologies.com.https: Flags [.], ack 1437, win 491, options [nop,nop,TS val 2373593031 ecr 4136322059], length 0
19:42:26.709917 IP a23-212-164-240.deploy.static.akamaitechnologies.com.https > vyrazu-35-ThinkCentre-M70t.48064: Flags [P.], seq 1437:2873, ack 1894, win 501, options [nop,nop,TS val 4136322059 ecr 2373593026], length 1436
19:42:26.709918 IP a23-212-164-240.deploy.static.akamaitechnologies.com.https > vyrazu-35-ThinkCentre-M70t.48064: Flags [P.], seq 2873:3343, ack 1894, win 501, options [nop,nop,TS val 4136322059 ecr 2373593026], length 470
19:42:26.709941 IP vyrazu-35-ThinkCentre-M70t.48064 > a23-212-164-240.deploy.static.akamaitechnologies.com.https: Flags [.], ack 2873, win 480, options [nop,nop,TS val 2373593031 ecr 4136322059], length 0
19:42:26.709957 IP vyrazu-35-ThinkCentre-M70t.48064 > a23-212-164-240.deploy.static.akamaitechnologies.com.https: Flags [.], ack 3343, win 477, options [nop,nop,TS val 2373593031 ecr 4136322059], length 0
19:42:26.710728 IP a23-212-164-240.deploy.static.akamaitechnologies.com.https > vyrazu-35-ThinkCentre-M70t.48066: Flags [.], seq 1:1449, ack 1894, win 531, options [nop,nop,TS val 4136322060 ecr 2373593027], length 1448
19:42:26.710760 IP vyrazu-35-ThinkCentre-M70t.48066 > a23-212-164-240.deploy.static.akamaitechnologies.com.https: Flags [.], ack 1449, win 491, options [nop,nop,TS val 2373593032 ecr 4136322060], length 0
19:42:26.711861 IP vyrazu-35-ThinkCentre-M70t.48064 > a23-212-164-240.deploy.static.akamaitechnologies.com.https: Flags [P.], seq 1894:1974, ack 3343, win 477, options [nop,nop,TS val 2373593033 ecr 4136322059], length 80
19:42:26.711921 IP a23-212-164-240.deploy.static.akamaitechnologies.com.https > vyrazu-35-ThinkCentre-M70t.48066: Flags [P.], seq 1449:2897, ack 1894, win 531, options [nop,nop,TS val 4136322060 ecr 2373593027], length 1448
19:42:26.711922 IP a23-212-164-240.deploy.static.akamaitechnologies.com.https > vyrazu-35-ThinkCentre-M70t.48066: Flags [P.], seq 2897:3343, ack 1894, win 531, options [nop,nop,TS val 4136322060 ecr 2373593027], length 446
19:42:26.711942 IP vyrazu-35-ThinkCentre-M70t.48066 > a23-212-164-240.deploy.static.akamaitechnologies.com.https: Flags [.], ack 2897, win 480, options [nop,nop,TS val 2373593033 ecr 4136322060], length 0
19:42:26.711955 IP vyrazu-35-ThinkCentre-M70t.48066 > a23-212-164-240.deploy.static.akamaitechnologies.com.https: Flags [.], ack 3343, win 477, options [nop,nop,TS val 2373593033 ecr 4136322060], length 0
19:42:26.713282 IP vyrazu-35-ThinkCentre-M70t.48066 > a23-212-164-240.deploy.static.akamaitechnologies.com.https: Flags [P.], seq 1894:1974, ack 3343, win 477, options [nop,nop,TS val 2373593035 ecr 4136322060], length 80
19:42:26.714378 IP a23-212-164-240.deploy.static.akamaitechnologies.com.https > vyrazu-35-ThinkCentre-M70t.48064: Flags [.], ack 1974, win 501, options [nop,nop,TS val 4136322064 ecr 2373593033], length 0
19:42:26.714769 IP a23-212-164-240.deploy.static.akamaitechnologies.com.https > vyrazu-35-ThinkCentre-M70t.48064: Flags [P.], seq 3343:3630, ack 1974, win 501, options [nop,nop,TS val 4136322064 ecr 2373593033], length 287
19:42:26.714769 IP a23-212-164-240.deploy.static.akamaitechnologies.com.https > vyrazu-35-ThinkCentre-M70t.48064: Flags [P.], seq 3630:3917, ack 1974, win 501, options [nop,nop,TS val 4136322064 ecr 2373593033], length 287
19:42:26.715253 IP a23-212-164-240.deploy.static.akamaitechnologies.com.https > vyrazu-35-ThinkCentre-M70t.48066: Flags [.], ack 1974, win 531, options [nop,nop,TS val 4136322065 ecr 2373593035], length 0
19:42:26.715320 IP vyrazu-35-ThinkCentre-M70t.48064 > a23-212-164-240.deploy.static.akamaitechnologies.com.https: Flags [.], ack 3917, win 473, options [nop,nop,TS val 2373593037 ecr 4136322064], length 0
19:42:26.715641 IP a23-212-164-240.deploy.static.akamaitechnologies.com.https > vyrazu-35-ThinkCentre-M70t.48066: Flags [P.], seq 3343:3630, ack 1974, win 531, options [nop,nop,TS val 4136322065 ecr 2373593035], length 287
19:42:26.715642 IP a23-212-164-240.deploy.static.akamaitechnologies.com.https > vyrazu-35-ThinkCentre-M70t.48066: Flags [P.], seq 3630:3917, ack 1974, win 531, options [nop,nop,TS val 4136322065 ecr 2373593035], length 287
19:42:26.716192 IP vyrazu-35-ThinkCentre-M70t.48066 > a23-212-164-240.deploy.static.akamaitechnologies.com.https: Flags [.], ack 3917, win 473, options [nop,nop,TS val 2373593037 ecr 4136322065], length 0
19:42:26.719378 IP 216.239.32.181.https > vyrazu-35-ThinkCentre-M70t.38516: UDP, length 1252
19:42:26.719655 IP 216.239.32.181.https > vyrazu-35-ThinkCentre-M70t.38516: UDP, length 27
19:42:26.722466 IP a23-196-14-48.deploy.static.akamaitechnologies.com.https > vyrazu-35-ThinkCentre-M70t.49440: Flags [.], ack 1973, win 501, options [nop,nop,TS val 3037746493 ecr 465353949], length 0
19:42:26.723006 IP a23-196-14-48.deploy.static.akamaitechnologies.com.https > vyrazu-35-ThinkCentre-M70t.49440: Flags [P.], seq 4152:4439, ack 1973, win 501, options [nop,nop,TS val 3037746494 ecr 465353949], length 287
19:42:26.723375 IP a23-196-14-48.deploy.static.akamaitechnologies.com.https > vyrazu-35-ThinkCentre-M70t.49440: Flags [P.], seq 4439:4726, ack 1973, win 501, options [nop,nop,TS val 3037746494 ecr 465353949], length 287
19:42:26.723416 IP a23-196-14-48.deploy.static.akamaitechnologies.com.https > vyrazu-35-ThinkCentre-M70t.49428: Flags [P.], seq 4152:4439, ack 2498, win 567, options [nop,nop,TS val 3037746494 ecr 465353943], length 287
19:42:26.723418 IP a23-196-14-48.deploy.static.akamaitechnologies.com.https > vyrazu-35-ThinkCentre-M70t.49428: Flags [P.], seq 4439:4726, ack 2498, win 567, options [nop,nop,TS val 3037746494 ecr 465353943], length 287
19:42:26.723967 IP vyrazu-35-ThinkCentre-M70t.49440 > a23-196-14-48.deploy.static.akamaitechnologies.com.https: Flags [.], ack 4726, win 467, options [nop,nop,TS val 465353986 ecr 3037746494], length 0
19:42:26.724078 IP a23-196-14-48.deploy.static.akamaitechnologies.com.https > vyrazu-35-ThinkCentre-M70t.49440: Flags [.], ack 2497, win 501, options [nop,nop,TS val 3037746495 ecr 465353950], length 0
19:42:26.725104 IP a23-196-14-48.deploy.static.akamaitechnologies.com.https > vyrazu-35-ThinkCentre-M70t.49428: Flags [P.], seq 4726:5300, ack 2498, win 567, options [nop,nop,TS val 3037746495 ecr 465353943], length 574
19:42:26.725132 IP vyrazu-35-ThinkCentre-M70t.49428 > a23-196-14-48.deploy.static.akamaitechnologies.com.https: Flags [.], ack 4726, win 467, options [nop,nop,TS val 465353987 ecr 3037746494], length 0
19:42:26.725850 IP _gateway.domain > vyrazu-35-ThinkCentre-M70t.51593: 50718 ServFail 0/1/0 (106)
19:42:26.726416 IP a23-196-14-48.deploy.static.akamaitechnologies.com.https > vyrazu-35-ThinkCentre-M70t.49440: Flags [P.], seq 4726:5299, ack 2497, win 501, options [nop,nop,TS val 3037746496 ecr 465353950], length 573
19:42:26.726621 IP vyrazu-35-ThinkCentre-M70t.38273 > _gateway.domain: 13944+ [1au] PTR? 217.192.101.151.in-addr.arpa. (57)
19:42:26.727602 IP a23-196-14-48.deploy.static.akamaitechnologies.com.https > vyrazu-35-ThinkCentre-M70t.49448: Flags [P.], seq 4152:4439, ack 1973, win 495, options [nop,nop,TS val 3037746498 ecr 465353949], length 287
19:42:26.728004 IP a23-196-14-48.deploy.static.akamaitechnologies.com.https > vyrazu-35-ThinkCentre-M70t.49448: Flags [P.], seq 4439:4726, ack 1973, win 495, options [nop,nop,TS val 3037746498 ecr 465353949], length 287
19:42:26.728348 IP vyrazu-35-ThinkCentre-M70t.49448 > a23-196-14-48.deploy.static.akamaitechnologies.com.https: Flags [.], ack 4726, win 467, options [nop,nop,TS val 465353991 ecr 3037746498], length 0
19:42:26.731345 IP vyrazu-35-ThinkCentre-M70t.35450 > bom12s11-in-f4.1e100.net.https: Flags [P.], seq 1321:1356, ack 16027, win 280, options [nop,nop,TS val 4258694893 ecr 152264411], length 35
19:42:26.734447 IP 216.239.32.181.https > vyrazu-35-ThinkCentre-M70t.38516: UDP, length 123
19:42:26.735705 IP 216.239.32.181.https > vyrazu-35-ThinkCentre-M70t.48576: Flags [S.], seq 737712761, ack 3385918187, win 65535, options [mss 1412,sackOK,TS val 528076190 ecr 4137879217,nop,wscale 8], length 0
19:42:26.735775 IP vyrazu-35-ThinkCentre-M70t.48576 > 216.239.32.181.https: Flags [.], ack 1, win 502, options [nop,nop,TS val 4137879254 ecr 528076190], length 0
19:42:26.736940 IP vyrazu-35-ThinkCentre-M70t.48576 > 216.239.32.181.https: Flags [P.], seq 1:1906, ack 1, win 502, options [nop,nop,TS val 4137879255 ecr 528076190], length 1905
19:42:26.746733 IP a23-212-164-240.deploy.static.akamaitechnologies.com.https > vyrazu-35-ThinkCentre-M70t.40546: Flags [P.], seq 1:200, ack 65, win 500, options [nop,nop,TS val 4136322097 ecr 2373593020], length 199
19:42:26.746737 IP a23-212-164-240.deploy.static.akamaitechnologies.com.https > vyrazu-35-ThinkCentre-M70t.40546: Flags [P.], seq 200:238, ack 65, win 500, options [nop,nop,TS val 4136322097 ecr 2373593020], length 38
19:42:26.746918 IP vyrazu-35-ThinkCentre-M70t.40546 > a23-212-164-240.deploy.static.akamaitechnologies.com.https: Flags [.], ack 200, win 808, options [nop,nop,TS val 2373593068 ecr 4136322097], length 0
19:42:26.746982 IP vyrazu-35-ThinkCentre-M70t.40546 > a23-212-164-240.deploy.static.akamaitechnologies.com.https: Flags [.], ack 238, win 808, options [nop,nop,TS val 2373593068 ecr 4136322097], length 0
19:42:26.747216 IP vyrazu-35-ThinkCentre-M70t.48050 > a23-212-164-240.deploy.static.akamaitechnologies.com.https: Flags [.], ack 4311, win 471, options [nop,nop,TS val 2373593069 ecr 4136322054], length 0
19:42:26.749102 IP a23-212-164-240.deploy.static.akamaitechnologies.com.https > vyrazu-35-ThinkCentre-M70t.48050: Flags [.], ack 2372, win 567, options [nop,nop,TS val 4136322099 ecr 2373593028], length 0
19:42:26.755125 IP vyrazu-35-ThinkCentre-M70t.38516 > 216.239.32.181.https: UDP, length 34
19:42:26.761100 IP vyrazu-35-ThinkCentre-M70t.59267 > _gateway.domain: 51967+ [1au] HTTPS? epsilon.6sense.com. (47)
19:42:26.761283 IP vyrazu-35-ThinkCentre-M70t.45099 > _gateway.domain: 47916+ [1au] A? epsilon.6sense.com. (47)
19:42:26.761359 IP vyrazu-35-ThinkCentre-M70t.55757 > _gateway.domain: 45897+ [1au] AAAA? epsilon.6sense.com. (47)
19:42:26.766013 IP _gateway.domain > vyrazu-35-ThinkCentre-M70t.38273: 13944 ServFail 0/1/1 (117)
19:42:26.766126 IP vyrazu-35-ThinkCentre-M70t.38273 > _gateway.domain: 13944+ [1au] PTR? 217.192.101.151.in-addr.arpa. (57)
19:42:26.766188 IP vyrazu-35-ThinkCentre-M70t.49428 > a23-196-14-48.deploy.static.akamaitechnologies.com.https: Flags [.], ack 5300, win 463, options [nop,nop,TS val 465354029 ecr 3037746495], length 0
19:42:26.767204 IP vyrazu-35-ThinkCentre-M70t.49440 > a23-196-14-48.deploy.static.akamaitechnologies.com.https: Flags [.], ack 5299, win 463, options [nop,nop,TS val 465354030 ecr 3037746496], length 0
19:42:26.767832 IP bom12s11-in-f4.1e100.net.https > vyrazu-35-ThinkCentre-M70t.35450: Flags [.], ack 1356, win 1042, options [nop,nop,TS val 152264499 ecr 4258694893], length 0
19:42:26.773678 IP 216.239.32.181.https > vyrazu-35-ThinkCentre-M70t.48576: Flags [.], ack 1906, win 1043, options [nop,nop,TS val 528076228 ecr 4137879255], length 0
19:42:26.775784 IP 216.239.32.181.https > vyrazu-35-ThinkCentre-M70t.48576: Flags [.], seq 1:1401, ack 1906, win 1043, options [nop,nop,TS val 528076230 ecr 4137879255], length 1400
19:42:26.775814 IP vyrazu-35-ThinkCentre-M70t.48576 > 216.239.32.181.https: Flags [.], ack 1401, win 492, options [nop,nop,TS val 4137879294 ecr 528076230], length 0
19:42:26.776472 IP 216.239.32.181.https > vyrazu-35-ThinkCentre-M70t.48576: Flags [P.], seq 1401:2801, ack 1906, win 1043, options [nop,nop,TS val 528076230 ecr 4137879255], length 1400
19:42:26.776475 IP 216.239.32.181.https > vyrazu-35-ThinkCentre-M70t.48576: Flags [P.], seq 2801:5601, ack 1906, win 1043, options [nop,nop,TS val 528076230 ecr 4137879255], length 2800
19:42:26.776493 IP vyrazu-35-ThinkCentre-M70t.48576 > 216.239.32.181.https: Flags [.], ack 2801, win 482, options [nop,nop,TS val 4137879295 ecr 528076230], length 0
19:42:26.776506 IP vyrazu-35-ThinkCentre-M70t.48576 > 216.239.32.181.https: Flags [.], ack 5601, win 461, options [nop,nop,TS val 4137879295 ecr 528076230], length 0
19:42:26.776661 IP 216.239.32.181.https > vyrazu-35-ThinkCentre-M70t.48576: Flags [P.], seq 5601:7706, ack 1906, win 1043, options [nop,nop,TS val 528076230 ecr 4137879255], length 2105
19:42:26.776669 IP vyrazu-35-ThinkCentre-M70t.48576 > 216.239.32.181.https: Flags [.], ack 7706, win 445, options [nop,nop,TS val 4137879295 ecr 528076230], length 0
19:42:26.777855 IP vyrazu-35-ThinkCentre-M70t.48576 > 216.239.32.181.https: Flags [P.], seq 1906:1970, ack 7706, win 445, options [nop,nop,TS val 4137879296 ecr 528076230], length 64
19:42:26.778277 IP vyrazu-35-ThinkCentre-M70t.48576 > 216.239.32.181.https: Flags [P.], seq 1970:2062, ack 7706, win 445, options [nop,nop,TS val 4137879297 ecr 528076230], length 92
19:42:26.795125 IP vyrazu-35-ThinkCentre-M70t.35450 > bom12s11-in-f4.1e100.net.https: Flags [P.], seq 1356:1451, ack 16027, win 280, options [nop,nop,TS val 4258694956 ecr 152264499], length 95
19:42:26.797246 IP vyrazu-35-ThinkCentre-M70t.54482 > ec2-3-6-115-182.ap-south-1.compute.amazonaws.com.http: Flags [.], ack 1, win 501, options [nop,nop,TS val 4239962861 ecr 35767798], length 0
19:42:26.801015 IP _gateway.domain > vyrazu-35-ThinkCentre-M70t.55757: 45897 0/1/1 (129)
19:42:26.801453 IP _gateway.domain > vyrazu-35-ThinkCentre-M70t.59267: 51967 0/1/1 (129)
19:42:26.803975 IP _gateway.domain > vyrazu-35-ThinkCentre-M70t.45099: 47916 2/0/1 A 75.2.108.141, A 99.83.231.3 (79)
19:42:26.804418 IP vyrazu-35-ThinkCentre-M70t.59360 > _gateway.domain: 26946+ [1au] AAAA? dep-argo.aa.contentsquare.net. (58)
19:42:26.805507 IP vyrazu-35-ThinkCentre-M70t.33466 > afe865822f884bb48.awsglobalaccelerator.com.https: Flags [S], seq 2960263615, win 64240, options [mss 1460,sackOK,TS val 4213582874 ecr 0,nop,wscale 7], length 0
19:42:26.806131 IP _gateway.domain > vyrazu-35-ThinkCentre-M70t.38273: 13944 ServFail 0/1/1 (117)
19:42:26.806264 IP vyrazu-35-ThinkCentre-M70t.38273 > _gateway.domain: 13944+ PTR? 217.192.101.151.in-addr.arpa. (46)
19:42:26.807700 IP afe865822f884bb48.awsglobalaccelerator.com.https > vyrazu-35-ThinkCentre-M70t.33466: Flags [S.], seq 690805450, ack 2960263616, win 65535, options [mss 1460,sackOK,TS val 3963075033 ecr 4213582874,nop,wscale 8], length 0
19:42:26.807916 IP vyrazu-35-ThinkCentre-M70t.33466 > afe865822f884bb48.awsglobalaccelerator.com.https: Flags [.], ack 1, win 502, options [nop,nop,TS val 4213582876 ecr 3963075033], length 0
19:42:26.809865 IP vyrazu-35-ThinkCentre-M70t.33466 > afe865822f884bb48.awsglobalaccelerator.com.https: Flags [P.], seq 1:1904, ack 1, win 502, options [nop,nop,TS val 4213582878 ecr 3963075033], length 1903
19:42:26.811208 IP _gateway.domain > vyrazu-35-ThinkCentre-M70t.59360: 26946 0/1/1 (147)
19:42:26.812241 IP afe865822f884bb48.awsglobalaccelerator.com.https > vyrazu-35-ThinkCentre-M70t.33466: Flags [.], ack 1449, win 322, options [nop,nop,TS val 3963075038 ecr 4213582878], length 0
19:42:26.812493 IP afe865822f884bb48.awsglobalaccelerator.com.https > vyrazu-35-ThinkCentre-M70t.33466: Flags [.], ack 1904, win 333, options [nop,nop,TS val 3963075038 ecr 4213582878], length 0
19:42:26.814634 IP 216.239.32.181.https > vyrazu-35-ThinkCentre-M70t.48576: Flags [P.], seq 7706:8322, ack 2062, win 1043, options [nop,nop,TS val 528076269 ecr 4137879296], length 616
19:42:26.815288 IP 216.239.32.181.https > vyrazu-35-ThinkCentre-M70t.48576: Flags [P.], seq 8322:8353, ack 2062, win 1043, options [nop,nop,TS val 528076270 ecr 4137879296], length 31
19:42:26.815313 IP vyrazu-35-ThinkCentre-M70t.48576 > 216.239.32.181.https: Flags [P.], seq 2062:2093, ack 8322, win 441, options [nop,nop,TS val 4137879334 ecr 528076269], length 31
19:42:26.819934 IP 104.21.74.54.https > vyrazu-35-ThinkCentre-M70t.45056: UDP, length 427
19:42:26.820279 IP 172.65.251.78.https > vyrazu-35-ThinkCentre-M70t.46058: Flags [P.], seq 6977:8344, ack 5622, win 17, options [nop,nop,TS val 4259912500 ecr 3509808405], length 1367
19:42:26.820296 IP 104.21.74.54.https > vyrazu-35-ThinkCentre-M70t.45056: UDP, length 50
19:42:26.820296 IP 104.21.74.54.https > vyrazu-35-ThinkCentre-M70t.45056: UDP, length 27
19:42:26.820297 IP 104.21.74.54.https > vyrazu-35-ThinkCentre-M70t.45056: UDP, length 27
19:42:26.821523 IP 104.21.74.54.https > vyrazu-35-ThinkCentre-M70t.45056: UDP, length 57
19:42:26.823391 IP vyrazu-35-ThinkCentre-M70t.45056 > 104.21.74.54.https: UDP, length 45
19:42:26.830716 IP bom12s11-in-f4.1e100.net.https > vyrazu-35-ThinkCentre-M70t.35450: Flags [.], ack 1451, win 1042, options [nop,nop,TS val 152264562 ecr 4258694956], length 0
19:42:26.837054 IP ec2-3-6-115-182.ap-south-1.compute.amazonaws.com.http > vyrazu-35-ThinkCentre-M70t.54482: Flags [.], ack 1, win 1769, options [nop,nop,TS val 35768838 ecr 4239957559], length 0
19:42:26.844964 IP _gateway.domain > vyrazu-35-ThinkCentre-M70t.38273: 13944 ServFail 0/1/0 (106)
19:42:26.845994 IP vyrazu-35-ThinkCentre-M70t.53875 > _gateway.domain: 61993+ [1au] PTR? 5.17.18.104.in-addr.arpa. (53)
19:42:26.856213 IP vyrazu-35-ThinkCentre-M70t.48576 > 216.239.32.181.https: Flags [.], ack 8353, win 441, options [nop,nop,TS val 4137879375 ecr 528076270], length 0
19:42:26.856335 IP 216.239.32.181.https > vyrazu-35-ThinkCentre-M70t.48576: Flags [.], ack 2093, win 1043, options [nop,nop,TS val 528076311 ecr 4137879334], length 0
19:42:26.861202 IP vyrazu-35-ThinkCentre-M70t.46058 > 172.65.251.78.https: Flags [.], ack 8344, win 440, options [nop,nop,TS val 3509808803 ecr 4259912500], length 0
19:42:26.877191 IP ec2-52-45-86-192.compute-1.amazonaws.com.https > vyrazu-35-ThinkCentre-M70t.44038: Flags [.], ack 1909, win 175, options [nop,nop,TS val 3905446354 ecr 1142485463], length 0
19:42:26.877692 IP ec2-52-45-86-192.compute-1.amazonaws.com.https > vyrazu-35-ThinkCentre-M70t.44038: Flags [P.], seq 1:3225, ack 1909, win 175, options [nop,nop,TS val 3905446354 ecr 1142485463], length 3224
19:42:26.877715 IP vyrazu-35-ThinkCentre-M70t.44038 > ec2-52-45-86-192.compute-1.amazonaws.com.https: Flags [.], ack 3225, win 477, options [nop,nop,TS val 1142485693 ecr 3905446354], length 0
19:42:26.880214 IP vyrazu-35-ThinkCentre-M70t.44038 > ec2-52-45-86-192.compute-1.amazonaws.com.https: Flags [P.], seq 1909:2035, ack 3225, win 477, options [nop,nop,TS val 1142485695 ecr 3905446354], length 126
19:42:26.882485 IP ec2-52-45-86-192.compute-1.amazonaws.com.https > vyrazu-35-ThinkCentre-M70t.44026: Flags [.], ack 1909, win 120, options [nop,nop,TS val 3905446360 ecr 1142485466], length 0
19:42:26.882990 IP ec2-52-45-86-192.compute-1.amazonaws.com.https > vyrazu-35-ThinkCentre-M70t.44026: Flags [P.], seq 1:3224, ack 1909, win 120, options [nop,nop,TS val 3905446360 ecr 1142485466], length 3223
19:42:26.883009 IP vyrazu-35-ThinkCentre-M70t.44026 > ec2-52-45-86-192.compute-1.amazonaws.com.https: Flags [.], ack 3224, win 477, options [nop,nop,TS val 1142485698 ecr 3905446360], length 0
19:42:26.884651 IP vyrazu-35-ThinkCentre-M70t.44026 > ec2-52-45-86-192.compute-1.amazonaws.com.https: Flags [P.], seq 1909:2035, ack 3224, win 477, options [nop,nop,TS val 1142485700 ecr 3905446360], length 126
19:42:26.886324 IP _gateway.domain > vyrazu-35-ThinkCentre-M70t.53875: 61993 ServFail 0/1/1 (148)
19:42:26.886408 IP vyrazu-35-ThinkCentre-M70t.53875 > _gateway.domain: 61993+ [1au] PTR? 5.17.18.104.in-addr.arpa. (53)
19:42:26.887664 IP ec2-52-45-86-192.compute-1.amazonaws.com.https > vyrazu-35-ThinkCentre-M70t.44012: Flags [.], ack 1909, win 120, options [nop,nop,TS val 3905446364 ecr 1142485472], length 0
19:42:26.888128 IP ec2-52-45-86-192.compute-1.amazonaws.com.https > vyrazu-35-ThinkCentre-M70t.44012: Flags [.], seq 1:1449, ack 1909, win 120, options [nop,nop,TS val 3905446364 ecr 1142485472], length 1448
19:42:26.888202 IP vyrazu-35-ThinkCentre-M70t.44012 > ec2-52-45-86-192.compute-1.amazonaws.com.https: Flags [.], ack 1449, win 491, options [nop,nop,TS val 1142485703 ecr 3905446364], length 0
19:42:26.888356 IP ec2-52-45-86-192.compute-1.amazonaws.com.https > vyrazu-35-ThinkCentre-M70t.44012: Flags [P.], seq 1449:3224, ack 1909, win 120, options [nop,nop,TS val 3905446364 ecr 1142485472], length 1775
19:42:26.888364 IP vyrazu-35-ThinkCentre-M70t.44012 > ec2-52-45-86-192.compute-1.amazonaws.com.https: Flags [.], ack 3224, win 478, options [nop,nop,TS val 1142485704 ecr 3905446364], length 0
19:42:26.889818 IP vyrazu-35-ThinkCentre-M70t.44012 > ec2-52-45-86-192.compute-1.amazonaws.com.https: Flags [P.], seq 1909:2035, ack 3224, win 478, options [nop,nop,TS val 1142485705 ecr 3905446364], length 126
19:42:26.896038 IP vyrazu-35-ThinkCentre-M70t.35450 > bom12s11-in-f4.1e100.net.https: Flags [P.], seq 1451:1486, ack 16027, win 280, options [nop,nop,TS val 4258695057 ecr 152264562], length 35
19:42:26.924294 IP bom12s11-in-f4.1e100.net.https > vyrazu-35-ThinkCentre-M70t.35450: Flags [P.], seq 16027:16254, ack 1451, win 1042, options [nop,nop,TS val 152264655 ecr 4258694956], length 227
19:42:26.924295 IP bom12s11-in-f4.1e100.net.https > vyrazu-35-ThinkCentre-M70t.35450: Flags [P.], seq 16254:16412, ack 1451, win 1042, options [nop,nop,TS val 152264655 ecr 4258694956], length 158
19:42:26.924523 IP vyrazu-35-ThinkCentre-M70t.35450 > bom12s11-in-f4.1e100.net.https: Flags [.], ack 16412, win 280, options [nop,nop,TS val 4258695086 ecr 152264655], length 0
19:42:26.925269 IP bom12s11-in-f4.1e100.net.https > vyrazu-35-ThinkCentre-M70t.35450: Flags [P.], seq 16412:16444, ack 1451, win 1042, options [nop,nop,TS val 152264656 ecr 4258694956], length 32
19:42:26.925271 IP bom12s11-in-f4.1e100.net.https > vyrazu-35-ThinkCentre-M70t.35450: Flags [P.], seq 16444:16475, ack 1451, win 1042, options [nop,nop,TS val 152264656 ecr 4258694956], length 31
19:42:26.925271 IP bom12s11-in-f4.1e100.net.https > vyrazu-35-ThinkCentre-M70t.35450: Flags [P.], seq 16475:16514, ack 1451, win 1042, options [nop,nop,TS val 152264656 ecr 4258694956], length 39
19:42:26.925938 IP vyrazu-35-ThinkCentre-M70t.35450 > bom12s11-in-f4.1e100.net.https: Flags [.], ack 16514, win 280, options [nop,nop,TS val 4258695087 ecr 152264656], length 0
19:42:26.925990 IP vyrazu-35-ThinkCentre-M70t.35450 > bom12s11-in-f4.1e100.net.https: Flags [P.], seq 1486:1525, ack 16514, win 280, options [nop,nop,TS val 4258695087 ecr 152264656], length 39
19:42:26.927148 IP _gateway.domain > vyrazu-35-ThinkCentre-M70t.53875: 61993 ServFail 0/1/1 (115)
19:42:26.927539 IP vyrazu-35-ThinkCentre-M70t.53875 > _gateway.domain: 61993+ PTR? 5.17.18.104.in-addr.arpa. (42)
19:42:26.931985 IP bom12s11-in-f4.1e100.net.https > vyrazu-35-ThinkCentre-M70t.35450: Flags [.], ack 1486, win 1042, options [nop,nop,TS val 152264663 ecr 4258695057], length 0
19:42:26.958421 IP 104.18.16.5.https > vyrazu-35-ThinkCentre-M70t.54842: Flags [P.], seq 4339:4451, ack 3246, win 17, options [nop,nop,TS val 2980862796 ecr 4177541153], length 112
19:42:26.961198 IP vyrazu-35-ThinkCentre-M70t.35450 > bom12s11-in-f4.1e100.net.https: Flags [P.], seq 1525:1621, ack 16514, win 280, options [nop,nop,TS val 4258695123 ecr 152264663], length 96
19:42:26.961952 IP bom12s11-in-f4.1e100.net.https > vyrazu-35-ThinkCentre-M70t.35450: Flags [.], ack 1525, win 1042, options [nop,nop,TS val 152264693 ecr 4258695087], length 0
19:42:26.968384 IP _gateway.domain > vyrazu-35-ThinkCentre-M70t.53875: 61993 ServFail 0/1/0 (104)
19:42:26.969185 IP vyrazu-35-ThinkCentre-M70t.56291 > _gateway.domain: 39897+ [1au] PTR? 5.17.18.104.in-addr.arpa. (53)
19:42:26.970792 IP vyrazu-35-ThinkCentre-M70t.38658 > bom12s20-in-f8.1e100.net.https: UDP, length 334
19:42:26.971107 IP vyrazu-35-ThinkCentre-M70t.49773 > 52.57.54.34.bc.googleusercontent.com.https: UDP, length 1252
19:42:26.971135 IP vyrazu-35-ThinkCentre-M70t.49773 > 52.57.54.34.bc.googleusercontent.com.https: UDP, length 757
19:42:26.971682 IP vyrazu-35-ThinkCentre-M70t.38658 > bom12s20-in-f8.1e100.net.https: UDP, length 30
19:42:26.971749 IP vyrazu-35-ThinkCentre-M70t.49773 > 52.57.54.34.bc.googleusercontent.com.https: UDP, length 35
19:42:26.979404 IP 104.18.16.5.https > vyrazu-35-ThinkCentre-M70t.54842: Flags [P.], seq 4451:4564, ack 3246, win 17, options [nop,nop,TS val 2980862818 ecr 4177541153], length 113
19:42:26.979983 IP vyrazu-35-ThinkCentre-M70t.54842 > 104.18.16.5.https: Flags [.], ack 4564, win 468, options [nop,nop,TS val 4177541509 ecr 2980862796], length 0
19:42:26.995705 IP 104.21.74.54.https > vyrazu-35-ThinkCentre-M70t.45056: UDP, length 26
19:42:26.996743 IP bom12s11-in-f4.1e100.net.https > vyrazu-35-ThinkCentre-M70t.35450: Flags [.], ack 1621, win 1042, options [nop,nop,TS val 152264728 ecr 4258695123], length 0
19:42:27.004489 IP vyrazu-35-ThinkCentre-M70t.43746 > 4.207.209.100.https: Flags [P.], seq 1089655899:1089656197, ack 302868678, win 474, options [nop,nop,TS val 4146957466 ecr 2514534875], length 298
19:42:27.005621 IP vyrazu-35-ThinkCentre-M70t.53345 > _gateway.domain: 21662+ [1au] AAAA? dep-argo.aa.contentsquare.net. (58)
19:42:27.005721 IP vyrazu-35-ThinkCentre-M70t.40546 > a23-212-164-240.deploy.static.akamaitechnologies.com.https: Flags [P.], seq 65:2704, ack 238, win 809, options [nop,nop,TS val 2373593327 ecr 4136322097], length 2639
19:42:27.005898 IP vyrazu-35-ThinkCentre-M70t.41808 > a23-57-76-144.deploy.static.akamaitechnologies.com.https: Flags [S], seq 4188665515, win 64240, options [mss 1460,sackOK,TS val 1260071287 ecr 0,nop,wscale 7], length 0
19:42:27.006096 IP vyrazu-35-ThinkCentre-M70t.41816 > a23-57-76-144.deploy.static.akamaitechnologies.com.https: Flags [S], seq 2263583952, win 64240, options [mss 1460,sackOK,TS val 1260071287 ecr 0,nop,wscale 7], length 0
19:42:27.006544 IP vyrazu-35-ThinkCentre-M70t.40546 > a23-212-164-240.deploy.static.akamaitechnologies.com.https: Flags [P.], seq 2704:3316, ack 238, win 809, options [nop,nop,TS val 2373593328 ecr 4136322097], length 612
19:42:27.006687 IP vyrazu-35-ThinkCentre-M70t.49448 > a23-196-14-48.deploy.static.akamaitechnologies.com.https: Flags [P.], seq 1973:2525, ack 4726, win 467, options [nop,nop,TS val 465354269 ecr 3037746498], length 552
19:42:27.006777 IP vyrazu-35-ThinkCentre-M70t.41826 > a23-57-76-144.deploy.static.akamaitechnologies.com.https: Flags [S], seq 78340896, win 64240, options [mss 1460,sackOK,TS val 1260071288 ecr 0,nop,wscale 7], length 0
19:42:27.007136 IP vyrazu-35-ThinkCentre-M70t.49428 > a23-196-14-48.deploy.static.akamaitechnologies.com.https: Flags [P.], seq 2498:3049, ack 5300, win 463, options [nop,nop,TS val 465354269 ecr 3037746495], length 551
19:42:27.008386 IP bom12s20-in-f8.1e100.net.https > vyrazu-35-ThinkCentre-M70t.38658: UDP, length 36
19:42:27.008816 IP vyrazu-35-ThinkCentre-M70t.38658 > bom12s20-in-f8.1e100.net.https: UDP, length 31
19:42:27.009127 IP a23-57-76-144.deploy.static.akamaitechnologies.com.https > vyrazu-35-ThinkCentre-M70t.41808: Flags [S.], seq 3655430534, ack 4188665516, win 65160, options [mss 1384,sackOK,TS val 2923270321 ecr 1260071287,nop,wscale 7], length 0
19:42:27.009127 IP 52.57.54.34.bc.googleusercontent.com.https > vyrazu-35-ThinkCentre-M70t.49773: UDP, length 30
19:42:27.009127 IP a23-57-76-144.deploy.static.akamaitechnologies.com.https > vyrazu-35-ThinkCentre-M70t.41816: Flags [S.], seq 2585388022, ack 2263583953, win 65160, options [mss 1384,sackOK,TS val 2923270321 ecr 1260071287,nop,wscale 7], length 0
19:42:27.009129 IP a23-212-164-240.deploy.static.akamaitechnologies.com.https > vyrazu-35-ThinkCentre-M70t.40546: Flags [.], ack 1437, win 634, options [nop,nop,TS val 4136322359 ecr 2373593327], length 0
19:42:27.009129 IP a23-212-164-240.deploy.static.akamaitechnologies.com.https > vyrazu-35-ThinkCentre-M70t.40546: Flags [.], ack 2704, win 625, options [nop,nop,TS val 4136322359 ecr 2373593327], length 0
19:42:27.009214 IP vyrazu-35-ThinkCentre-M70t.41808 > a23-57-76-144.deploy.static.akamaitechnologies.com.https: Flags [.], ack 1, win 502, options [nop,nop,TS val 1260071291 ecr 2923270321], length 0
19:42:27.009229 IP vyrazu-35-ThinkCentre-M70t.41816 > a23-57-76-144.deploy.static.akamaitechnologies.com.https: Flags [.], ack 1, win 502, options [nop,nop,TS val 1260071291 ecr 2923270321], length 0
19:42:27.009440 IP a23-57-76-144.deploy.static.akamaitechnologies.com.https > vyrazu-35-ThinkCentre-M70t.41826: Flags [S.], seq 1994939159, ack 78340897, win 65160, options [mss 1384,sackOK,TS val 2923270322 ecr 1260071288,nop,wscale 7], length 0
19:42:27.009461 IP vyrazu-35-ThinkCentre-M70t.41826 > a23-57-76-144.deploy.static.akamaitechnologies.com.https: Flags [.], ack 1, win 502, options [nop,nop,TS val 1260071291 ecr 2923270322], length 0
19:42:27.009607 IP vyrazu-35-ThinkCentre-M70t.49773 > 52.57.54.34.bc.googleusercontent.com.https: UDP, length 31
19:42:27.010050 IP 52.57.54.34.bc.googleusercontent.com.https > vyrazu-35-ThinkCentre-M70t.49773: UDP, length 31
19:42:27.010050 IP a23-212-164-240.deploy.static.akamaitechnologies.com.https > vyrazu-35-ThinkCentre-M70t.40546: Flags [.], ack 3316, win 621, options [nop,nop,TS val 4136322360 ecr 2373593328], length 0
19:42:27.010265 IP vyrazu-35-ThinkCentre-M70t.41816 > a23-57-76-144.deploy.static.akamaitechnologies.com.https: Flags [P.], seq 1:1894, ack 1, win 502, options [nop,nop,TS val 1260071292 ecr 2923270321], length 1893
19:42:27.010599 IP vyrazu-35-ThinkCentre-M70t.41808 > a23-57-76-144.deploy.static.akamaitechnologies.com.https: Flags [P.], seq 1:1894, ack 1, win 502, options [nop,nop,TS val 1260071292 ecr 2923270321], length 1893
19:42:27.010889 IP _gateway.domain > vyrazu-35-ThinkCentre-M70t.56291: 39897 ServFail 0/1/1 (115)
19:42:27.010919 IP vyrazu-35-ThinkCentre-M70t.41826 > a23-57-76-144.deploy.static.akamaitechnologies.com.https: Flags [P.], seq 1:1894, ack 1, win 502, options [nop,nop,TS val 1260071292 ecr 2923270322], length 1893
19:42:27.010972 IP vyrazu-35-ThinkCentre-M70t.56291 > _gateway.domain: 39897+ [1au] PTR? 5.17.18.104.in-addr.arpa. (53)
19:42:27.012360 IP _gateway.domain > vyrazu-35-ThinkCentre-M70t.53345: 21662 0/1/1 (147)
19:42:27.013224 IP a23-57-76-144.deploy.static.akamaitechnologies.com.https > vyrazu-35-ThinkCentre-M70t.41816: Flags [.], ack 1373, win 524, options [nop,nop,TS val 2923270326 ecr 1260071292], length 0
19:42:27.014214 IP a23-57-76-144.deploy.static.akamaitechnologies.com.https > vyrazu-35-ThinkCentre-M70t.41816: Flags [.], ack 1894, win 545, options [nop,nop,TS val 2923270327 ecr 1260071292], length 0
19:42:27.014564 IP a23-57-76-144.deploy.static.akamaitechnologies.com.https > vyrazu-35-ThinkCentre-M70t.41826: Flags [.], ack 1373, win 524, options [nop,nop,TS val 2923270327 ecr 1260071292], length 0
19:42:27.015071 IP vyrazu-35-ThinkCentre-M70t.34755 > _gateway.domain: 34319+ [1au] HTTPS? qualified-production.s3.us-east-1.amazonaws.com. (76)
19:42:27.015226 IP vyrazu-35-ThinkCentre-M70t.54905 > _gateway.domain: 35684+ [1au] HTTPS? assets.qualified.com. (49)
19:42:27.015333 IP vyrazu-35-ThinkCentre-M70t.32871 > _gateway.domain: 40887+ [1au] A? qualified-production.s3.us-east-1.amazonaws.com. (76)
19:42:27.015423 IP vyrazu-35-ThinkCentre-M70t.45650 > _gateway.domain: 54090+ [1au] AAAA? qualified-production.s3.us-east-1.amazonaws.com. (76)
19:42:27.015501 IP vyrazu-35-ThinkCentre-M70t.48919 > _gateway.domain: 60365+ [1au] A? assets.qualified.com. (49)
19:42:27.015578 IP vyrazu-35-ThinkCentre-M70t.59149 > _gateway.domain: 4480+ [1au] AAAA? assets.qualified.com. (49)
19:42:27.016040 IP a23-57-76-144.deploy.static.akamaitechnologies.com.https > vyrazu-35-ThinkCentre-M70t.41826: Flags [.], ack 1894, win 545, options [nop,nop,TS val 2923270328 ecr 1260071292], length 0
19:42:27.016808 IP vyrazu-35-ThinkCentre-M70t.48058 > 104.18.16.5.https: Flags [S], seq 3546366242, win 64240, options [mss 1460,sackOK,TS val 4177541546 ecr 0,nop,wscale 7], length 0
19:42:27.017115 IP vyrazu-35-ThinkCentre-M70t.57068 > 104.18.17.5.https: Flags [P.], seq 2542:2774, ack 4501, win 469, options [nop,nop,TS val 1110441887 ecr 3022505602], length 232
19:42:27.017360 IP a23-57-76-144.deploy.static.akamaitechnologies.com.https > vyrazu-35-ThinkCentre-M70t.41816: Flags [.], seq 1:1449, ack 1894, win 545, options [nop,nop,TS val 2923270329 ecr 1260071292], length 1448
19:42:27.017399 IP vyrazu-35-ThinkCentre-M70t.41816 > a23-57-76-144.deploy.static.akamaitechnologies.com.https: Flags [.], ack 1449, win 491, options [nop,nop,TS val 1260071299 ecr 2923270329], length 0
19:42:27.019151 IP a23-57-76-144.deploy.static.akamaitechnologies.com.https > vyrazu-35-ThinkCentre-M70t.41816: Flags [P.], seq 1449:2897, ack 1894, win 545, options [nop,nop,TS val 2923270329 ecr 1260071292], length 1448
19:42:27.019153 IP a23-57-76-144.deploy.static.akamaitechnologies.com.https > vyrazu-35-ThinkCentre-M70t.41816: Flags [P.], seq 2897:3337, ack 1894, win 545, options [nop,nop,TS val 2923270329 ecr 1260071292], length 440
19:42:27.019284 IP vyrazu-35-ThinkCentre-M70t.41816 > a23-57-76-144.deploy.static.akamaitechnologies.com.https: Flags [.], ack 2897, win 480, options [nop,nop,TS val 1260071301 ecr 2923270329], length 0
19:42:27.019356 IP vyrazu-35-ThinkCentre-M70t.41816 > a23-57-76-144.deploy.static.akamaitechnologies.com.https: Flags [.], ack 3337, win 477, options [nop,nop,TS val 1260071301 ecr 2923270329], length 0
19:42:27.019373 IP a23-57-76-144.deploy.static.akamaitechnologies.com.https > vyrazu-35-ThinkCentre-M70t.41826: Flags [.], seq 1:1449, ack 1894, win 545, options [nop,nop,TS val 2923270330 ecr 1260071292], length 1448
19:42:27.019376 IP a23-57-76-144.deploy.static.akamaitechnologies.com.https > vyrazu-35-ThinkCentre-M70t.41826: Flags [P.], seq 2897:3337, ack 1894, win 545, options [nop,nop,TS val 2923270330 ecr 1260071292], length 440
19:42:27.019381 IP a23-57-76-144.deploy.static.akamaitechnologies.com.https > vyrazu-35-ThinkCentre-M70t.41826: Flags [P.], seq 1449:2897, ack 1894, win 545, options [nop,nop,TS val 2923270330 ecr 1260071292], length 1448
19:42:27.019411 IP vyrazu-35-ThinkCentre-M70t.41826 > a23-57-76-144.deploy.static.akamaitechnologies.com.https: Flags [.], ack 1449, win 491, options [nop,nop,TS val 1260071301 ecr 2923270330], length 0
19:42:27.019440 IP vyrazu-35-ThinkCentre-M70t.41826 > a23-57-76-144.deploy.static.akamaitechnologies.com.https: Flags [.], ack 1449, win 491, options [nop,nop,TS val 1260071301 ecr 2923270330,nop,nop,sack 1 {2897:3337}], length 0
19:42:27.019459 IP vyrazu-35-ThinkCentre-M70t.41826 > a23-57-76-144.deploy.static.akamaitechnologies.com.https: Flags [.], ack 3337, win 477, options [nop,nop,TS val 1260071301 ecr 2923270330], length 0
19:42:27.020252 IP vyrazu-35-ThinkCentre-M70t.41808 > a23-57-76-144.deploy.static.akamaitechnologies.com.https: Flags [P.], seq 1373:1894, ack 1, win 502, options [nop,nop,TS val 1260071302 ecr 2923270321], length 521
19:42:27.021042 IP vyrazu-35-ThinkCentre-M70t.54812 > 104.18.16.5.https: Flags [P.], seq 2555:2776, ack 4731, win 467, options [nop,nop,TS val 4177541550 ecr 3460000285], length 221
19:42:27.022273 IP vyrazu-35-ThinkCentre-M70t.41816 > a23-57-76-144.deploy.static.akamaitechnologies.com.https: Flags [P.], seq 1894:1974, ack 3337, win 477, options [nop,nop,TS val 1260071304 ecr 2923270329], length 80
19:42:27.022862 IP vyrazu-35-ThinkCentre-M70t.41826 > a23-57-76-144.deploy.static.akamaitechnologies.com.https: Flags [P.], seq 1894:1974, ack 3337, win 477, options [nop,nop,TS val 1260071304 ecr 2923270330], length 80
19:42:27.023275 IP a23-57-76-144.deploy.static.akamaitechnologies.com.https > vyrazu-35-ThinkCentre-M70t.41808: Flags [P.], seq 1:2873, ack 1894, win 501, options [nop,nop,TS val 2923270330 ecr 1260071292], length 2872
19:42:27.023278 IP a23-57-76-144.deploy.static.akamaitechnologies.com.https > vyrazu-35-ThinkCentre-M70t.41808: Flags [P.], seq 2873:3337, ack 1894, win 501, options [nop,nop,TS val 2923270330 ecr 1260071292], length 464
19:42:27.023278 IP a23-57-76-144.deploy.static.akamaitechnologies.com.https > vyrazu-35-ThinkCentre-M70t.41808: Flags [.], ack 1894, win 501, options [nop,nop,TS val 2923270335 ecr 1260071302,nop,nop,sack 1 {1373:1894}], length 0
19:42:27.023398 IP vyrazu-35-ThinkCentre-M70t.41808 > a23-57-76-144.deploy.static.akamaitechnologies.com.https: Flags [.], ack 2873, win 480, options [nop,nop,TS val 1260071305 ecr 2923270330], length 0
19:42:27.023446 IP vyrazu-35-ThinkCentre-M70t.41808 > a23-57-76-144.deploy.static.akamaitechnologies.com.https: Flags [.], ack 3337, win 477, options [nop,nop,TS val 1260071305 ecr 2923270330], length 0
19:42:27.023910 IP _gateway.domain > vyrazu-35-ThinkCentre-M70t.59149: 4480 0/1/1 (125)
19:42:27.023935 IP vyrazu-35-ThinkCentre-M70t.41816 > a23-57-76-144.deploy.static.akamaitechnologies.com.https: Flags [P.], seq 1974:2083, ack 3337, win 477, options [nop,nop,TS val 1260071305 ecr 2923270329], length 109
19:42:27.024625 IP a23-57-76-144.deploy.static.akamaitechnologies.com.https > vyrazu-35-ThinkCentre-M70t.41816: Flags [.], ack 1974, win 545, options [nop,nop,TS val 2923270337 ecr 1260071304], length 0
19:42:27.025065 IP a23-57-76-144.deploy.static.akamaitechnologies.com.https > vyrazu-35-ThinkCentre-M70t.41816: Flags [P.], seq 3337:3608, ack 1974, win 545, options [nop,nop,TS val 2923270338 ecr 1260071304], length 271
19:42:27.025481 IP a23-57-76-144.deploy.static.akamaitechnologies.com.https > vyrazu-35-ThinkCentre-M70t.41816: Flags [P.], seq 3608:3879, ack 1974, win 545, options [nop,nop,TS val 2923270338 ecr 1260071304], length 271
19:42:27.025875 IP a23-57-76-144.deploy.static.akamaitechnologies.com.https > vyrazu-35-ThinkCentre-M70t.41816: Flags [P.], seq 3879:3940, ack 2083, win 545, options [nop,nop,TS val 2923270339 ecr 1260071305], length 61
19:42:27.025875 IP a23-57-76-144.deploy.static.akamaitechnologies.com.https > vyrazu-35-ThinkCentre-M70t.41816: Flags [P.], seq 3940:3971, ack 2083, win 545, options [nop,nop,TS val 2923270339 ecr 1260071305], length 31
19:42:27.025881 IP a23-57-76-144.deploy.static.akamaitechnologies.com.https > vyrazu-35-ThinkCentre-M70t.41826: Flags [.], ack 1974, win 545, options [nop,nop,TS val 2923270339 ecr 1260071304], length 0
19:42:27.026339 IP a23-57-76-144.deploy.static.akamaitechnologies.com.https > vyrazu-35-ThinkCentre-M70t.41826: Flags [P.], seq 3337:3608, ack 1974, win 545, options [nop,nop,TS val 2923270339 ecr 1260071304], length 271
19:42:27.026859 IP a23-57-76-144.deploy.static.akamaitechnologies.com.https > vyrazu-35-ThinkCentre-M70t.41826: Flags [P.], seq 3608:3879, ack 1974, win 545, options [nop,nop,TS val 2923270339 ecr 1260071304], length 271
19:42:27.029781 IP vyrazu-35-ThinkCentre-M70t.41816 > a23-57-76-144.deploy.static.akamaitechnologies.com.https: Flags [.], ack 3971, win 473, options [nop,nop,TS val 1260071311 ecr 2923270338], length 0
19:42:27.029829 IP vyrazu-35-ThinkCentre-M70t.41826 > a23-57-76-144.deploy.static.akamaitechnologies.com.https: Flags [P.], seq 1974:2083, ack 3879, win 473, options [nop,nop,TS val 1260071311 ecr 2923270339], length 109
19:42:27.029870 IP vyrazu-35-ThinkCentre-M70t.41816 > a23-57-76-144.deploy.static.akamaitechnologies.com.https: Flags [P.], seq 2083:2107, ack 3971, win 473, options [nop,nop,TS val 1260071311 ecr 2923270338], length 24
19:42:27.029885 IP vyrazu-35-ThinkCentre-M70t.41816 > a23-57-76-144.deploy.static.akamaitechnologies.com.https: Flags [F.], seq 2107, ack 3971, win 473, options [nop,nop,TS val 1260071311 ecr 2923270338], length 0
19:42:27.032620 IP a23-57-76-144.deploy.static.akamaitechnologies.com.https > vyrazu-35-ThinkCentre-M70t.41826: Flags [P.], seq 3879:3940, ack 2083, win 545, options [nop,nop,TS val 2923270345 ecr 1260071311], length 61
19:42:27.032895 IP a23-57-76-144.deploy.static.akamaitechnologies.com.https > vyrazu-35-ThinkCentre-M70t.41826: Flags [P.], seq 3940:3971, ack 2083, win 545, options [nop,nop,TS val 2923270345 ecr 1260071311], length 31
19:42:27.032924 IP a23-57-76-144.deploy.static.akamaitechnologies.com.https > vyrazu-35-ThinkCentre-M70t.41816: Flags [P.], seq 3971:3995, ack 2108, win 545, options [nop,nop,TS val 2923270345 ecr 1260071311], length 24
19:42:27.032925 IP a23-57-76-144.deploy.static.akamaitechnologies.com.https > vyrazu-35-ThinkCentre-M70t.41816: Flags [F.], seq 3995, ack 2108, win 545, options [nop,nop,TS val 2923270345 ecr 1260071311], length 0
19:42:27.033058 IP vyrazu-35-ThinkCentre-M70t.41816 > a23-57-76-144.deploy.static.akamaitechnologies.com.https: Flags [R], seq 2263586060, win 0, length 0
19:42:27.033154 IP vyrazu-35-ThinkCentre-M70t.41816 > a23-57-76-144.deploy.static.akamaitechnologies.com.https: Flags [R], seq 2263586060, win 0, length 0
19:42:27.034552 IP vyrazu-35-ThinkCentre-M70t.41808 > a23-57-76-144.deploy.static.akamaitechnologies.com.https: Flags [P.], seq 1894:1974, ack 3337, win 477, options [nop,nop,TS val 1260071316 ecr 2923270335], length 80
19:42:27.035227 IP vyrazu-35-ThinkCentre-M70t.41786 > ec2-3-6-30-85.ap-south-1.compute.amazonaws.com.http: Flags [.], ack 1, win 501, options [nop,nop,TS val 3268741414 ecr 1456135004], length 0
19:42:27.035847 IP vyrazu-35-ThinkCentre-M70t.41826 > a23-57-76-144.deploy.static.akamaitechnologies.com.https: Flags [.], ack 3971, win 473, options [nop,nop,TS val 1260071317 ecr 2923270345], length 0
19:42:27.035878 IP vyrazu-35-ThinkCentre-M70t.41826 > a23-57-76-144.deploy.static.akamaitechnologies.com.https: Flags [P.], seq 2083:2107, ack 3971, win 473, options [nop,nop,TS val 1260071317 ecr 2923270345], length 24
19:42:27.035887 IP vyrazu-35-ThinkCentre-M70t.41826 > a23-57-76-144.deploy.static.akamaitechnologies.com.https: Flags [F.], seq 2107, ack 3971, win 473, options [nop,nop,TS val 1260071317 ecr 2923270345], length 0
19:42:27.035998 IP vyrazu-35-ThinkCentre-M70t.49773 > 52.57.54.34.bc.googleusercontent.com.https: UDP, length 32
19:42:27.036251 IP vyrazu-35-ThinkCentre-M70t.41808 > a23-57-76-144.deploy.static.akamaitechnologies.com.https: Flags [P.], seq 1974:2083, ack 3337, win 477, options [nop,nop,TS val 1260071318 ecr 2923270335], length 109
19:42:27.036505 IP a23-57-76-144.deploy.static.akamaitechnologies.com.https > vyrazu-35-ThinkCentre-M70t.41808: Flags [.], ack 1974, win 501, options [nop,nop,TS val 2923270349 ecr 1260071316], length 0
19:42:27.037200 IP a23-57-76-144.deploy.static.akamaitechnologies.com.https > vyrazu-35-ThinkCentre-M70t.41808: Flags [P.], seq 3337:3608, ack 1974, win 501, options [nop,nop,TS val 2923270349 ecr 1260071316], length 271
19:42:27.037794 IP a23-57-76-144.deploy.static.akamaitechnologies.com.https > vyrazu-35-ThinkCentre-M70t.41808: Flags [P.], seq 3608:3879, ack 1974, win 501, options [nop,nop,TS val 2923270349 ecr 1260071316], length 271
19:42:27.038244 IP a23-57-76-144.deploy.static.akamaitechnologies.com.https > vyrazu-35-ThinkCentre-M70t.41808: Flags [.], ack 2083, win 501, options [nop,nop,TS val 2923270351 ecr 1260071318], length 0
19:42:27.038643 IP a23-57-76-144.deploy.static.akamaitechnologies.com.https > vyrazu-35-ThinkCentre-M70t.41808: Flags [P.], seq 3879:3940, ack 2083, win 501, options [nop,nop,TS val 2923270351 ecr 1260071318], length 61
19:42:27.039229 IP a23-57-76-144.deploy.static.akamaitechnologies.com.https > vyrazu-35-ThinkCentre-M70t.41808: Flags [P.], seq 3940:3971, ack 2083, win 501, options [nop,nop,TS val 2923270351 ecr 1260071318], length 31
19:42:27.039276 IP a23-57-76-144.deploy.static.akamaitechnologies.com.https > vyrazu-35-ThinkCentre-M70t.41826: Flags [P.], seq 3971:3995, ack 2108, win 545, options [nop,nop,TS val 2923270352 ecr 1260071317], length 24
19:42:27.039277 IP a23-57-76-144.deploy.static.akamaitechnologies.com.https > vyrazu-35-ThinkCentre-M70t.41826: Flags [F.], seq 3995, ack 2108, win 545, options [nop,nop,TS val 2923270352 ecr 1260071317], length 0
19:42:27.039409 IP vyrazu-35-ThinkCentre-M70t.41826 > a23-57-76-144.deploy.static.akamaitechnologies.com.https: Flags [R], seq 78343004, win 0, length 0
19:42:27.039500 IP vyrazu-35-ThinkCentre-M70t.41826 > a23-57-76-144.deploy.static.akamaitechnologies.com.https: Flags [R], seq 78343004, win 0, length 0
19:42:27.040187 IP vyrazu-35-ThinkCentre-M70t.41808 > a23-57-76-144.deploy.static.akamaitechnologies.com.https: Flags [.], ack 3971, win 473, options [nop,nop,TS val 1260071321 ecr 2923270349], length 0
19:42:27.040219 IP vyrazu-35-ThinkCentre-M70t.41808 > a23-57-76-144.deploy.static.akamaitechnologies.com.https: Flags [P.], seq 2083:2107, ack 3971, win 473, options [nop,nop,TS val 1260071322 ecr 2923270349], length 24
19:42:27.040231 IP vyrazu-35-ThinkCentre-M70t.41808 > a23-57-76-144.deploy.static.akamaitechnologies.com.https: Flags [F.], seq 2107, ack 3971, win 473, options [nop,nop,TS val 1260071322 ecr 2923270349], length 0
19:42:27.042539 IP a23-57-76-144.deploy.static.akamaitechnologies.com.https > vyrazu-35-ThinkCentre-M70t.41808: Flags [P.], seq 3971:3995, ack 2108, win 501, options [nop,nop,TS val 2923270355 ecr 1260071322], length 24
19:42:27.042690 IP vyrazu-35-ThinkCentre-M70t.41808 > a23-57-76-144.deploy.static.akamaitechnologies.com.https: Flags [R], seq 4188667623, win 0, length 0
19:42:27.043514 IP a23-57-76-144.deploy.static.akamaitechnologies.com.https > vyrazu-35-ThinkCentre-M70t.41808: Flags [F.], seq 3995, ack 2108, win 501, options [nop,nop,TS val 2923270355 ecr 1260071322], length 0
19:42:27.043600 IP vyrazu-35-ThinkCentre-M70t.41808 > a23-57-76-144.deploy.static.akamaitechnologies.com.https: Flags [R], seq 4188667623, win 0, length 0
19:42:27.046577 IP a23-196-14-48.deploy.static.akamaitechnologies.com.https > vyrazu-35-ThinkCentre-M70t.49448: Flags [P.], seq 4726:5469, ack 2525, win 491, options [nop,nop,TS val 3037746817 ecr 465354269], length 743
19:42:27.047329 IP a23-196-14-48.deploy.static.akamaitechnologies.com.https > vyrazu-35-ThinkCentre-M70t.49428: Flags [P.], seq 5300:6043, ack 3049, win 588, options [nop,nop,TS val 3037746817 ecr 465354269], length 743
19:42:27.047422 IP vyrazu-35-ThinkCentre-M70t.49428 > a23-196-14-48.deploy.static.akamaitechnologies.com.https: Flags [.], ack 6043, win 458, options [nop,nop,TS val 465354310 ecr 3037746817], length 0
19:42:27.052474 IP _gateway.domain > vyrazu-35-ThinkCentre-M70t.56291: 39897 ServFail 0/1/1 (115)
19:42:27.052797 IP vyrazu-35-ThinkCentre-M70t.56291 > _gateway.domain: 39897+ PTR? 5.17.18.104.in-addr.arpa. (42)
19:42:27.053300 IP _gateway.domain > vyrazu-35-ThinkCentre-M70t.34755: 34319 1/1/1 CNAME s3-r-w.us-east-1.amazonaws.com. (178)
19:42:27.053539 IP vyrazu-35-ThinkCentre-M70t.54179 > _gateway.domain: 4584+ [1au] HTTPS? s3-r-w.us-east-1.amazonaws.com. (59)
19:42:27.054629 IP 104.18.16.5.https > vyrazu-35-ThinkCentre-M70t.48058: Flags [S.], seq 2024245292, ack 3546366243, win 65535, options [mss 1400,sackOK,TS val 1249703573 ecr 4177541546,nop,wscale 13], length 0
19:42:27.054728 IP vyrazu-35-ThinkCentre-M70t.48058 > 104.18.16.5.https: Flags [.], ack 1, win 502, options [nop,nop,TS val 4177541584 ecr 1249703573], length 0
19:42:27.054996 IP 104.18.17.5.https > vyrazu-35-ThinkCentre-M70t.57068: Flags [.], ack 2774, win 16, options [nop,nop,TS val 3022507246 ecr 1110441887], length 0
19:42:27.056453 IP vyrazu-35-ThinkCentre-M70t.48058 > 104.18.16.5.https: Flags [P.], seq 1:1903, ack 1, win 502, options [nop,nop,TS val 4177541586 ecr 1249703573], length 1902
19:42:27.056453 IP 104.18.16.5.https > vyrazu-35-ThinkCentre-M70t.54812: Flags [.], ack 2776, win 16, options [nop,nop,TS val 3460000859 ecr 4177541550], length 0
19:42:27.058540 IP _gateway.domain > vyrazu-35-ThinkCentre-M70t.45650: 54090 1/1/1 CNAME s3-r-w.us-east-1.amazonaws.com. (178)
19:42:27.058908 IP _gateway.domain > vyrazu-35-ThinkCentre-M70t.48919: 60365 2/0/1 A 104.18.16.5, A 104.18.17.5 (81)
19:42:27.058908 IP _gateway.domain > vyrazu-35-ThinkCentre-M70t.32871: 40887 9/0/1 CNAME s3-r-w.us-east-1.amazonaws.com., A 16.182.66.34, A 52.217.142.42, A 52.216.37.210, A 52.216.76.160, A 16.15.185.101, A 16.182.99.146, A 52.216.248.168, A 16.15.192.116 (225)
19:42:27.059018 IP vyrazu-35-ThinkCentre-M70t.45322 > _gateway.domain: 44979+ [1au] AAAA? s3-r-w.us-east-1.amazonaws.com. (59)
19:42:27.060899 IP _gateway.domain > vyrazu-35-ThinkCentre-M70t.54905: 35684 1/0/1 HTTPS (83)
19:42:27.061455 IP 216.239.32.181.https > vyrazu-35-ThinkCentre-M70t.38516: UDP, length 522
19:42:27.062784 IP vyrazu-35-ThinkCentre-M70t.38516 > 216.239.32.181.https: UDP, length 39
19:42:27.063576 IP vyrazu-35-ThinkCentre-M70t.49198 > _gateway.domain: 4721+ [1au] AAAA? assets.qualified.com. (49)
19:42:27.067611 IP ec2-3-6-30-85.ap-south-1.compute.amazonaws.com.http > vyrazu-35-ThinkCentre-M70t.41786: Flags [.], ack 1, win 2098, options [nop,nop,TS val 1456136037 ecr 3268739226], length 0
19:42:27.069403 IP _gateway.domain > vyrazu-35-ThinkCentre-M70t.49198: 4721 0/1/1 (125)
19:42:27.071128 IP vyrazu-35-ThinkCentre-M70t.48064 > 104.18.16.5.https: Flags [S], seq 3589195286, win 64240, options [mss 1460,sackOK,TS val 4177541600 ecr 0,nop,wscale 7], length 0
19:42:27.087800 IP _gateway.domain > vyrazu-35-ThinkCentre-M70t.54179: 4584 0/1/1 (143)
19:42:27.088233 IP vyrazu-35-ThinkCentre-M70t.49448 > a23-196-14-48.deploy.static.akamaitechnologies.com.https: Flags [.], ack 5469, win 462, options [nop,nop,TS val 465354351 ecr 3037746817], length 0
19:42:27.092274 IP vyrazu-35-ThinkCentre-M70t.60774 > ec2-3-6-30-85.ap-south-1.compute.amazonaws.com.http: Flags [.], ack 1, win 501, options [nop,nop,TS val 3268741471 ecr 1456135060], length 0
19:42:27.092718 IP _gateway.domain > vyrazu-35-ThinkCentre-M70t.56291: 39897 ServFail 0/1/0 (104)
19:42:27.093329 IP _gateway.domain > vyrazu-35-ThinkCentre-M70t.45322: 44979 0/1/1 (143)
19:42:27.093910 IP vyrazu-35-ThinkCentre-M70t.55185 > _gateway.domain: 34989+ [1au] PTR? 60.22.18.104.in-addr.arpa. (54)
19:42:27.094587 IP vyrazu-35-ThinkCentre-M70t.42294 > 16.15.185.101.https: Flags [S], seq 917286596, win 64240, options [mss 1460,sackOK,TS val 1358466321 ecr 0,nop,wscale 7], length 0
19:42:27.094589 IP 104.18.16.5.https > vyrazu-35-ThinkCentre-M70t.48058: Flags [.], ack 1903, win 16, options [nop,nop,TS val 1249703612 ecr 4177541586], length 0
19:42:27.095430 IP 104.18.16.5.https > vyrazu-35-ThinkCentre-M70t.48058: Flags [.], seq 1:2897, ack 1903, win 16, options [nop,nop,TS val 1249703614 ecr 4177541586], length 2896
19:42:27.095472 IP vyrazu-35-ThinkCentre-M70t.48058 > 104.18.16.5.https: Flags [.], ack 2897, win 480, options [nop,nop,TS val 4177541625 ecr 1249703614], length 0
19:42:27.096219 IP 104.18.16.5.https > vyrazu-35-ThinkCentre-M70t.48058: Flags [P.], seq 2897:3462, ack 1903, win 16, options [nop,nop,TS val 1249703614 ecr 4177541586], length 565
19:42:27.096238 IP vyrazu-35-ThinkCentre-M70t.48058 > 104.18.16.5.https: Flags [.], ack 3462, win 476, options [nop,nop,TS val 4177541626 ecr 1249703614], length 0
19:42:27.097752 IP bom12s11-in-f4.1e100.net.https > vyrazu-35-ThinkCentre-M70t.35450: Flags [P.], seq 16514:17099, ack 1621, win 1042, options [nop,nop,TS val 152264828 ecr 4258695123], length 585
19:42:27.097754 IP bom12s11-in-f4.1e100.net.https > vyrazu-35-ThinkCentre-M70t.35450: Flags [P.], seq 17099:17272, ack 1621, win 1042, options [nop,nop,TS val 152264828 ecr 4258695123], length 173
19:42:27.098318 IP bom12s11-in-f4.1e100.net.https > vyrazu-35-ThinkCentre-M70t.35450: Flags [P.], seq 17272:17304, ack 1621, win 1042, options [nop,nop,TS val 152264828 ecr 4258695123], length 32
19:42:27.098319 IP bom12s11-in-f4.1e100.net.https > vyrazu-35-ThinkCentre-M70t.35450: Flags [P.], seq 17304:17335, ack 1621, win 1042, options [nop,nop,TS val 152264829 ecr 4258695123], length 31
19:42:27.098320 IP bom12s11-in-f4.1e100.net.https > vyrazu-35-ThinkCentre-M70t.35450: Flags [P.], seq 17335:17374, ack 1621, win 1042, options [nop,nop,TS val 152264829 ecr 4258695123], length 39
19:42:27.098922 IP vyrazu-35-ThinkCentre-M70t.35450 > bom12s11-in-f4.1e100.net.https: Flags [.], ack 17374, win 280, options [nop,nop,TS val 4258695260 ecr 152264828], length 0
19:42:27.098977 IP vyrazu-35-ThinkCentre-M70t.35450 > bom12s11-in-f4.1e100.net.https: Flags [P.], seq 1621:1660, ack 17374, win 280, options [nop,nop,TS val 4258695260 ecr 152264828], length 39
19:42:27.099263 IP vyrazu-35-ThinkCentre-M70t.48058 > 104.18.16.5.https: Flags [P.], seq 1903:1967, ack 3462, win 476, options [nop,nop,TS val 4177541629 ecr 1249703614], length 64
19:42:27.102375 IP vyrazu-35-ThinkCentre-M70t.48058 > 104.18.16.5.https: Flags [P.], seq 1967:2076, ack 3462, win 476, options [nop,nop,TS val 4177541632 ecr 1249703614], length 109
19:42:27.107345 IP 104.18.16.5.https > vyrazu-35-ThinkCentre-M70t.48064: Flags [S.], seq 2159490786, ack 3589195287, win 65535, options [mss 1400,sackOK,TS val 1699889386 ecr 4177541600,nop,wscale 13], length 0
19:42:27.107390 IP vyrazu-35-ThinkCentre-M70t.48064 > 104.18.16.5.https: Flags [.], ack 1, win 502, options [nop,nop,TS val 4177541637 ecr 1699889386], length 0
19:42:27.108271 IP vyrazu-35-ThinkCentre-M70t.48064 > 104.18.16.5.https: Flags [P.], seq 1:1906, ack 1, win 502, options [nop,nop,TS val 4177541638 ecr 1699889386], length 1905
19:42:27.109275 IP ec2-52-45-86-192.compute-1.amazonaws.com.https > vyrazu-35-ThinkCentre-M70t.44038: Flags [.], ack 2035, win 175, options [nop,nop,TS val 3905446586 ecr 1142485695], length 0
19:42:27.109576 IP ec2-52-45-86-192.compute-1.amazonaws.com.https > vyrazu-35-ThinkCentre-M70t.44038: Flags [P.], seq 3225:3429, ack 2035, win 175, options [nop,nop,TS val 3905446586 ecr 1142485695], length 204
19:42:27.109577 IP ec2-52-45-86-192.compute-1.amazonaws.com.https > vyrazu-35-ThinkCentre-M70t.44038: Flags [P.], seq 3429:3498, ack 2035, win 175, options [nop,nop,TS val 3905446586 ecr 1142485695], length 69
19:42:27.111428 IP vyrazu-35-ThinkCentre-M70t.44038 > ec2-52-45-86-192.compute-1.amazonaws.com.https: Flags [.], ack 3498, win 475, options [nop,nop,TS val 1142485927 ecr 3905446586], length 0
19:42:27.111960 IP vyrazu-35-ThinkCentre-M70t.44038 > ec2-52-45-86-192.compute-1.amazonaws.com.https: Flags [P.], seq 2035:2134, ack 3498, win 475, options [nop,nop,TS val 1142485927 ecr 3905446586], length 99
19:42:27.111979 IP vyrazu-35-ThinkCentre-M70t.44038 > ec2-52-45-86-192.compute-1.amazonaws.com.https: Flags [P.], seq 2134:2586, ack 3498, win 475, options [nop,nop,TS val 1142485927 ecr 3905446586], length 452
19:42:27.115559 IP vyrazu-35-ThinkCentre-M70t.44038 > ec2-52-45-86-192.compute-1.amazonaws.com.https: Flags [P.], seq 2586:2624, ack 3498, win 475, options [nop,nop,TS val 1142485931 ecr 3905446586], length 38
19:42:27.115602 IP ec2-52-45-86-192.compute-1.amazonaws.com.https > vyrazu-35-ThinkCentre-M70t.44026: Flags [.], ack 2035, win 120, options [nop,nop,TS val 3905446592 ecr 1142485700], length 0
19:42:27.116343 IP ec2-52-45-86-192.compute-1.amazonaws.com.https > vyrazu-35-ThinkCentre-M70t.44026: Flags [P.], seq 3224:3428, ack 2035, win 120, options [nop,nop,TS val 3905446593 ecr 1142485700], length 204
19:42:27.116347 IP ec2-52-45-86-192.compute-1.amazonaws.com.https > vyrazu-35-ThinkCentre-M70t.44026: Flags [P.], seq 3428:3497, ack 2035, win 120, options [nop,nop,TS val 3905446593 ecr 1142485700], length 69
19:42:27.119333 IP vyrazu-35-ThinkCentre-M70t.44026 > ec2-52-45-86-192.compute-1.amazonaws.com.https: Flags [P.], seq 2035:2151, ack 3497, win 475, options [nop,nop,TS val 1142485935 ecr 3905446593], length 116
19:42:27.121704 IP ec2-52-45-86-192.compute-1.amazonaws.com.https > vyrazu-35-ThinkCentre-M70t.44012: Flags [.], ack 2035, win 120, options [nop,nop,TS val 3905446598 ecr 1142485705], length 0
19:42:27.122177 IP ec2-52-45-86-192.compute-1.amazonaws.com.https > vyrazu-35-ThinkCentre-M70t.44012: Flags [P.], seq 3224:3428, ack 2035, win 120, options [nop,nop,TS val 3905446598 ecr 1142485705], length 204
19:42:27.122177 IP ec2-52-45-86-192.compute-1.amazonaws.com.https > vyrazu-35-ThinkCentre-M70t.44012: Flags [P.], seq 3428:3497, ack 2035, win 120, options [nop,nop,TS val 3905446598 ecr 1142485705], length 69
19:42:27.124012 IP 216.239.32.181.https > vyrazu-35-ThinkCentre-M70t.38516: UDP, length 27
19:42:27.124560 IP vyrazu-35-ThinkCentre-M70t.44026 > ec2-52-45-86-192.compute-1.amazonaws.com.https: Flags [P.], seq 2151:2182, ack 3497, win 475, options [nop,nop,TS val 1142485940 ecr 3905446593], length 31
19:42:27.124640 IP vyrazu-35-ThinkCentre-M70t.44026 > ec2-52-45-86-192.compute-1.amazonaws.com.https: Flags [F.], seq 2182, ack 3497, win 475, options [nop,nop,TS val 1142485940 ecr 3905446593], length 0
19:42:27.124663 IP ec2-3-6-30-85.ap-south-1.compute.amazonaws.com.http > vyrazu-35-ThinkCentre-M70t.60774: Flags [.], ack 1, win 2168, options [nop,nop,TS val 1456136094 ecr 3268732815], length 0
19:42:27.125910 IP vyrazu-35-ThinkCentre-M70t.44012 > ec2-52-45-86-192.compute-1.amazonaws.com.https: Flags [P.], seq 2035:2151, ack 3497, win 476, options [nop,nop,TS val 1142485941 ecr 3905446598], length 116
19:42:27.126868 IP afe865822f884bb48.awsglobalaccelerator.com.https > vyrazu-35-ThinkCentre-M70t.33466: Flags [.], seq 1:1449, ack 1904, win 333, options [nop,nop,TS val 3963075352 ecr 4213582878], length 1448
19:42:27.126933 IP vyrazu-35-ThinkCentre-M70t.33466 > afe865822f884bb48.awsglobalaccelerator.com.https: Flags [.], ack 1449, win 491, options [nop,nop,TS val 4213583195 ecr 3963075352], length 0
19:42:27.127337 IP afe865822f884bb48.awsglobalaccelerator.com.https > vyrazu-35-ThinkCentre-M70t.33466: Flags [P.], seq 1449:4269, ack 1904, win 333, options [nop,nop,TS val 3963075352 ecr 4213582878], length 2820
19:42:27.127346 IP vyrazu-35-ThinkCentre-M70t.33466 > afe865822f884bb48.awsglobalaccelerator.com.https: Flags [.], ack 4269, win 469, options [nop,nop,TS val 4213583196 ecr 3963075352], length 0
19:42:27.131106 IP vyrazu-35-ThinkCentre-M70t.33466 > afe865822f884bb48.awsglobalaccelerator.com.https: Flags [P.], seq 1904:2030, ack 4269, win 469, options [nop,nop,TS val 4213583199 ecr 3963075352], length 126
19:42:27.131469 IP vyrazu-35-ThinkCentre-M70t.44012 > ec2-52-45-86-192.compute-1.amazonaws.com.https: Flags [P.], seq 2151:2182, ack 3497, win 476, options [nop,nop,TS val 1142485947 ecr 3905446598], length 31
19:42:27.131541 IP vyrazu-35-ThinkCentre-M70t.44012 > ec2-52-45-86-192.compute-1.amazonaws.com.https: Flags [F.], seq 2182, ack 3497, win 476, options [nop,nop,TS val 1142485947 ecr 3905446598], length 0
19:42:27.133496 IP afe865822f884bb48.awsglobalaccelerator.com.https > vyrazu-35-ThinkCentre-M70t.33466: Flags [.], ack 2030, win 333, options [nop,nop,TS val 3963075359 ecr 4213583199], length 0
19:42:27.135273 IP bom12s11-in-f4.1e100.net.https > vyrazu-35-ThinkCentre-M70t.35450: Flags [.], ack 1660, win 1042, options [nop,nop,TS val 152264866 ecr 4258695260], length 0
19:42:27.135952 IP 104.18.16.5.https > vyrazu-35-ThinkCentre-M70t.48058: Flags [P.], seq 3462:3974, ack 1967, win 16, options [nop,nop,TS val 1249703655 ecr 4177541629], length 512
19:42:27.136780 IP vyrazu-35-ThinkCentre-M70t.48058 > 104.18.16.5.https: Flags [P.], seq 2076:2100, ack 3974, win 472, options [nop,nop,TS val 4177541666 ecr 1249703655], length 24
19:42:27.136829 IP vyrazu-35-ThinkCentre-M70t.48058 > 104.18.16.5.https: Flags [F.], seq 2100, ack 3974, win 472, options [nop,nop,TS val 4177541666 ecr 1249703655], length 0
19:42:27.138304 IP 104.18.16.5.https > vyrazu-35-ThinkCentre-M70t.48058: Flags [P.], seq 3974:4005, ack 2076, win 16, options [nop,nop,TS val 1249703658 ecr 4177541632], length 31
19:42:27.138369 IP vyrazu-35-ThinkCentre-M70t.48058 > 104.18.16.5.https: Flags [R], seq 3546368318, win 0, length 0
19:42:27.141268 IP _gateway.domain > vyrazu-35-ThinkCentre-M70t.55185: 34989 ServFail 0/1/1 (149)
19:42:27.141398 IP vyrazu-35-ThinkCentre-M70t.55185 > _gateway.domain: 34989+ [1au] PTR? 60.22.18.104.in-addr.arpa. (54)
19:42:27.144618 IP 104.18.16.5.https > vyrazu-35-ThinkCentre-M70t.48064: Flags [.], ack 1906, win 17, options [nop,nop,TS val 1699889423 ecr 4177541638], length 0
19:42:27.147815 IP 104.18.16.5.https > vyrazu-35-ThinkCentre-M70t.48064: Flags [.], seq 1:1449, ack 1906, win 17, options [nop,nop,TS val 1699889426 ecr 4177541638], length 1448
19:42:27.147853 IP vyrazu-35-ThinkCentre-M70t.48064 > 104.18.16.5.https: Flags [.], ack 1449, win 491, options [nop,nop,TS val 4177541677 ecr 1699889426], length 0
19:42:27.148304 IP 104.18.16.5.https > vyrazu-35-ThinkCentre-M70t.48064: Flags [P.], seq 1449:3461, ack 1906, win 17, options [nop,nop,TS val 1699889426 ecr 4177541638], length 2012
19:42:27.148325 IP vyrazu-35-ThinkCentre-M70t.48064 > 104.18.16.5.https: Flags [.], ack 3461, win 476, options [nop,nop,TS val 4177541678 ecr 1699889426], length 0
19:42:27.149532 IP vyrazu-35-ThinkCentre-M70t.36775 > _gateway.domain: 35871+ [1au] A? k-us1.az.contentsquare.net. (55)
19:42:27.149611 IP vyrazu-35-ThinkCentre-M70t.32988 > _gateway.domain: 33614+ [1au] AAAA? k-us1.az.contentsquare.net. (55)
19:42:27.149637 IP vyrazu-35-ThinkCentre-M70t.48064 > 104.18.16.5.https: Flags [P.], seq 1906:1970, ack 3461, win 476, options [nop,nop,TS val 4177541679 ecr 1699889426], length 64
19:42:27.150015 IP vyrazu-35-ThinkCentre-M70t.48064 > 104.18.16.5.https: Flags [P.], seq 1970:2062, ack 3461, win 476, options [nop,nop,TS val 4177541679 ecr 1699889426], length 92
19:42:27.153237 IP vyrazu-35-ThinkCentre-M70t.54540 > 52.184.206.197.https: Flags [P.], seq 2126287142:2126287316, ack 2361368905, win 474, options [nop,nop,TS val 2606766149 ecr 1478579122], length 174
19:42:27.153271 IP vyrazu-35-ThinkCentre-M70t.54540 > 52.184.206.197.https: Flags [P.], seq 174:1695, ack 1, win 474, options [nop,nop,TS val 2606766149 ecr 1478579122], length 1521
19:42:27.153559 IP vyrazu-35-ThinkCentre-M70t.54540 > 52.184.206.197.https: Flags [P.], seq 1695:4591, ack 1, win 474, options [nop,nop,TS val 2606766149 ecr 1478579122], length 2896
19:42:27.153857 IP vyrazu-35-ThinkCentre-M70t.54540 > 52.184.206.197.https: Flags [P.], seq 4591:7487, ack 1, win 474, options [nop,nop,TS val 2606766149 ecr 1478579122], length 2896
19:42:27.154254 IP vyrazu-35-ThinkCentre-M70t.54540 > 52.184.206.197.https: Flags [P.], seq 7487:10383, ack 1, win 474, options [nop,nop,TS val 2606766150 ecr 1478579122], length 2896
19:42:27.156314 IP vyrazu-35-ThinkCentre-M70t.54540 > 52.184.206.197.https: Flags [.], seq 10383:11831, ack 1, win 474, options [nop,nop,TS val 2606766152 ecr 1478579122], length 1448
19:42:27.166320 IP vyrazu-35-ThinkCentre-M70t.53220 > ec2-3-6-115-182.ap-south-1.compute.amazonaws.com.http: Flags [.], ack 1, win 501, options [nop,nop,TS val 4239963230 ecr 35768167], length 0
19:42:27.166715 IP 4.207.209.100.https > vyrazu-35-ThinkCentre-M70t.43746: Flags [P.], seq 1:65, ack 298, win 501, options [nop,nop,TS val 2514571691 ecr 4146957466], length 64
19:42:27.166782 IP vyrazu-35-ThinkCentre-M70t.43746 > 4.207.209.100.https: Flags [.], ack 65, win 474, options [nop,nop,TS val 4146957628 ecr 2514571691], length 0
19:42:27.174107 IP 104.18.16.5.https > vyrazu-35-ThinkCentre-M70t.48058: Flags [.], ack 2101, win 16, options [nop,nop,TS val 1249703694 ecr 4177541666], length 0
19:42:27.174150 IP vyrazu-35-ThinkCentre-M70t.48058 > 104.18.16.5.https: Flags [R], seq 3546368343, win 0, length 0
19:42:27.174471 IP 104.18.16.5.https > vyrazu-35-ThinkCentre-M70t.48058: Flags [F.], seq 4005, ack 2101, win 16, options [nop,nop,TS val 1249703694 ecr 4177541666], length 0
19:42:27.174493 IP vyrazu-35-ThinkCentre-M70t.48058 > 104.18.16.5.https: Flags [R], seq 3546368343, win 0, length 0
19:42:27.181243 IP vyrazu-35-ThinkCentre-M70t.57250 > ec2-3-6-115-182.ap-south-1.compute.amazonaws.com.http: Flags [.], ack 1, win 501, options [nop,nop,TS val 4239963245 ecr 35768183], length 0
19:42:27.183436 IP _gateway.domain > vyrazu-35-ThinkCentre-M70t.55185: 34989 ServFail 0/1/1 (116)
19:42:27.183819 IP vyrazu-35-ThinkCentre-M70t.55185 > _gateway.domain: 34989+ PTR? 60.22.18.104.in-addr.arpa. (43)
19:42:27.187261 IP 104.18.16.5.https > vyrazu-35-ThinkCentre-M70t.48064: Flags [.], ack 2062, win 17, options [nop,nop,TS val 1699889465 ecr 4177541679], length 0
19:42:27.187633 IP 104.18.16.5.https > vyrazu-35-ThinkCentre-M70t.48064: Flags [P.], seq 3461:3982, ack 2062, win 17, options [nop,nop,TS val 1699889465 ecr 4177541679], length 521
19:42:27.188877 IP vyrazu-35-ThinkCentre-M70t.48064 > 104.18.16.5.https: Flags [P.], seq 2062:2093, ack 3982, win 472, options [nop,nop,TS val 4177541718 ecr 1699889465], length 31
19:42:27.190658 IP _gateway.domain > vyrazu-35-ThinkCentre-M70t.36775: 35871 5/0/1 CNAME k.af.contentsquare.net., CNAME tm-dep-malka-production-eastus2.trafficmanager.net., CNAME k1.af.contentsquare.net., CNAME dep-malka-argo.af.contentsquare.net., A 52.184.206.197 (197)
19:42:27.196680 IP _gateway.domain > vyrazu-35-ThinkCentre-M70t.32988: 33614 4/1/1 CNAME k.af.contentsquare.net., CNAME tm-dep-malka-production-eastus2.trafficmanager.net., CNAME k1.af.contentsquare.net., CNAME dep-malka-argo.af.contentsquare.net. (267)
19:42:27.197464 IP vyrazu-35-ThinkCentre-M70t.34989 > _gateway.domain: 29503+ [1au] AAAA? dep-malka-argo.af.contentsquare.net. (64)
19:42:27.198765 IP ec2-3-6-115-182.ap-south-1.compute.amazonaws.com.http > vyrazu-35-ThinkCentre-M70t.53220: Flags [.], ack 1, win 2239, options [nop,nop,TS val 35769200 ecr 4239960759], length 0
19:42:27.203095 IP _gateway.domain > vyrazu-35-ThinkCentre-M70t.34989: 29503 0/1/1 (153)
19:42:27.215540 IP ec2-3-6-115-182.ap-south-1.compute.amazonaws.com.http > vyrazu-35-ThinkCentre-M70t.57250: Flags [.], ack 1, win 3646, options [nop,nop,TS val 35769217 ecr 4239955009], length 0
19:42:27.226480 IP _gateway.domain > vyrazu-35-ThinkCentre-M70t.55185: 34989 ServFail 0/1/0 (105)
19:42:27.227645 IP vyrazu-35-ThinkCentre-M70t.60409 > _gateway.domain: 18399+ [1au] PTR? 60.22.18.104.in-addr.arpa. (54)
19:42:27.235482 IP vyrazu-35-ThinkCentre-M70t.52870 > ec2-34-233-113-213.compute-1.amazonaws.com.https: Flags [P.], seq 2788:2871, ack 5077, win 464, options [nop,nop,TS val 2568014077 ecr 3581516373], length 83
19:42:27.235505 IP vyrazu-35-ThinkCentre-M70t.52870 > ec2-34-233-113-213.compute-1.amazonaws.com.https: Flags [P.], seq 2871:4484, ack 5077, win 464, options [nop,nop,TS val 2568014077 ecr 3581516373], length 1613
19:42:27.235948 IP vyrazu-35-ThinkCentre-M70t.52870 > ec2-34-233-113-213.compute-1.amazonaws.com.https: Flags [P.], seq 4484:5647, ack 5077, win 464, options [nop,nop,TS val 2568014077 ecr 3581516373], length 1163
19:42:27.265454 ARP, Request who-has 192.168.1.57 tell _gateway, length 28
19:42:27.267284 IP 104.18.16.5.https > vyrazu-35-ThinkCentre-M70t.48064: Flags [.], ack 2093, win 17, options [nop,nop,TS val 1699889546 ecr 4177541718], length 0
19:42:27.268272 IP a23-212-164-240.deploy.static.akamaitechnologies.com.https > vyrazu-35-ThinkCentre-M70t.40546: Flags [P.], seq 238:407, ack 3316, win 637, options [nop,nop,TS val 4136322619 ecr 2373593328], length 169
19:42:27.268273 IP a23-212-164-240.deploy.static.akamaitechnologies.com.https > vyrazu-35-ThinkCentre-M70t.40546: Flags [P.], seq 407:481, ack 3316, win 637, options [nop,nop,TS val 4136322619 ecr 2373593328], length 74
19:42:27.268297 IP vyrazu-35-ThinkCentre-M70t.40546 > a23-212-164-240.deploy.static.akamaitechnologies.com.https: Flags [.], ack 407, win 808, options [nop,nop,TS val 2373593590 ecr 4136322619], length 0
19:42:27.268314 IP vyrazu-35-ThinkCentre-M70t.40546 > a23-212-164-240.deploy.static.akamaitechnologies.com.https: Flags [.], ack 481, win 808, options [nop,nop,TS val 2373593590 ecr 4136322619], length 0
19:42:27.274354 IP _gateway.domain > vyrazu-35-ThinkCentre-M70t.60409: 18399 ServFail 0/1/1 (116)
19:42:27.274449 IP vyrazu-35-ThinkCentre-M70t.60409 > _gateway.domain: 18399+ [1au] PTR? 60.22.18.104.in-addr.arpa. (54)
19:42:27.292081 IP afe865822f884bb48.awsglobalaccelerator.com.https > vyrazu-35-ThinkCentre-M70t.33466: Flags [P.], seq 4269:4473, ack 2030, win 333, options [nop,nop,TS val 3963075518 ecr 4213583199], length 204
19:42:27.292460 IP afe865822f884bb48.awsglobalaccelerator.com.https > vyrazu-35-ThinkCentre-M70t.33466: Flags [P.], seq 4473:4542, ack 2030, win 333, options [nop,nop,TS val 3963075518 ecr 4213583199], length 69
19:42:27.293594 IP vyrazu-35-ThinkCentre-M70t.33466 > afe865822f884bb48.awsglobalaccelerator.com.https: Flags [.], ack 4542, win 467, options [nop,nop,TS val 4213583362 ecr 3963075518], length 0
19:42:27.293866 IP vyrazu-35-ThinkCentre-M70t.33466 > afe865822f884bb48.awsglobalaccelerator.com.https: Flags [P.], seq 2030:2129, ack 4542, win 467, options [nop,nop,TS val 4213583362 ecr 3963075518], length 99
19:42:27.293878 IP vyrazu-35-ThinkCentre-M70t.33466 > afe865822f884bb48.awsglobalaccelerator.com.https: Flags [P.], seq 2129:2506, ack 4542, win 467, options [nop,nop,TS val 4213583362 ecr 3963075518], length 377
19:42:27.296108 IP afe865822f884bb48.awsglobalaccelerator.com.https > vyrazu-35-ThinkCentre-M70t.33466: Flags [.], ack 2129, win 333, options [nop,nop,TS val 3963075522 ecr 4213583362], length 0
19:42:27.296406 IP vyrazu-35-ThinkCentre-M70t.33466 > afe865822f884bb48.awsglobalaccelerator.com.https: Flags [P.], seq 2506:2544, ack 4542, win 467, options [nop,nop,TS val 4213583365 ecr 3963075522], length 38
19:42:27.296524 IP afe865822f884bb48.awsglobalaccelerator.com.https > vyrazu-35-ThinkCentre-M70t.33466: Flags [.], ack 2506, win 344, options [nop,nop,TS val 3963075522 ecr 4213583362], length 0
19:42:27.299340 IP afe865822f884bb48.awsglobalaccelerator.com.https > vyrazu-35-ThinkCentre-M70t.33466: Flags [.], ack 2544, win 344, options [nop,nop,TS val 3963075525 ecr 4213583365], length 0
19:42:27.302208 IP vyrazu-35-ThinkCentre-M70t.34916 > ec2-3-6-30-85.ap-south-1.compute.amazonaws.com.http: Flags [.], ack 1, win 501, options [nop,nop,TS val 3268741681 ecr 1456135271], length 0
19:42:27.307206 IP 104.18.16.5.https > vyrazu-35-ThinkCentre-M70t.54812: Flags [P.], seq 4731:5084, ack 2776, win 16, options [nop,nop,TS val 3460001111 ecr 4177541550], length 353
19:42:27.307239 IP vyrazu-35-ThinkCentre-M70t.54812 > 104.18.16.5.https: Flags [.], ack 5084, win 465, options [nop,nop,TS val 4177541837 ecr 3460001111], length 0
19:42:27.308062 IP vyrazu-35-ThinkCentre-M70t.54812 > 104.18.16.5.https: Flags [P.], seq 2776:2935, ack 5084, win 465, options [nop,nop,TS val 4177541837 ecr 3460001111], length 159
19:42:27.308478 IP vyrazu-35-ThinkCentre-M70t.54812 > 104.18.16.5.https: Flags [P.], seq 2935:3062, ack 5084, win 465, options [nop,nop,TS val 4177541838 ecr 3460001111], length 127
19:42:27.315806 IP _gateway.domain > vyrazu-35-ThinkCentre-M70t.60409: 18399 ServFail 0/1/1 (116)
19:42:27.316024 IP vyrazu-35-ThinkCentre-M70t.60409 > _gateway.domain: 18399+ PTR? 60.22.18.104.in-addr.arpa. (43)
19:42:27.328325 IP 16.15.185.101.https > vyrazu-35-ThinkCentre-M70t.42294: Flags [S.], seq 2696639774, ack 917286597, win 64240, options [mss 1420,nop,wscale 8,nop,nop,sackOK,nop,nop,TS val 0 ecr 1358466321], length 0
19:42:27.328361 IP vyrazu-35-ThinkCentre-M70t.42294 > 16.15.185.101.https: Flags [.], ack 1, win 502, options [nop,nop,TS val 1358466555 ecr 0], length 0
19:42:27.329025 IP vyrazu-35-ThinkCentre-M70t.42294 > 16.15.185.101.https: Flags [P.], seq 1:1933, ack 1, win 502, options [nop,nop,TS val 1358466555 ecr 0], length 1932
19:42:27.330221 IP a23-212-164-240.deploy.static.akamaitechnologies.com.https > vyrazu-35-ThinkCentre-M70t.40546: Flags [P.], seq 481:650, ack 3316, win 637, options [nop,nop,TS val 4136322681 ecr 2373593590], length 169
19:42:27.330223 IP a23-212-164-240.deploy.static.akamaitechnologies.com.https > vyrazu-35-ThinkCentre-M70t.40546: Flags [P.], seq 650:724, ack 3316, win 637, options [nop,nop,TS val 4136322681 ecr 2373593590], length 74
19:42:27.330276 IP vyrazu-35-ThinkCentre-M70t.40546 > a23-212-164-240.deploy.static.akamaitechnologies.com.https: Flags [.], ack 650, win 807, options [nop,nop,TS val 2373593652 ecr 4136322681], length 0
19:42:27.330301 IP vyrazu-35-ThinkCentre-M70t.40546 > a23-212-164-240.deploy.static.akamaitechnologies.com.https: Flags [.], ack 724, win 807, options [nop,nop,TS val 2373593652 ecr 4136322681], length 0
19:42:27.334783 IP ec2-3-6-30-85.ap-south-1.compute.amazonaws.com.http > vyrazu-35-ThinkCentre-M70t.34916: Flags [.], ack 1, win 442, options [nop,nop,TS val 1456136304 ecr 3268730896], length 0
19:42:27.339262 IP vyrazu-35-ThinkCentre-M70t.53798 > ec2-3-6-115-64.ap-south-1.compute.amazonaws.com.http: Flags [.], ack 1, win 501, options [nop,nop,TS val 3327831566 ecr 2970395788], length 0
19:42:27.339309 IP vyrazu-35-ThinkCentre-M70t.57330 > ec2-3-6-98-232.ap-south-1.compute.amazonaws.com.http: Flags [.], ack 1, win 501, options [nop,nop,TS val 4263183588 ecr 3143438784], length 0
19:42:27.339323 IP vyrazu-35-ThinkCentre-M70t.38390 > ec2-3-6-115-64.ap-south-1.compute.amazonaws.com.http: Flags [.], ack 1, win 501, options [nop,nop,TS val 3327831566 ecr 2970395788], length 0
19:42:27.341578 IP ec2-52-45-86-192.compute-1.amazonaws.com.https > vyrazu-35-ThinkCentre-M70t.44038: Flags [.], ack 2586, win 187, options [nop,nop,TS val 3905446818 ecr 1142485927], length 0
19:42:27.341852 IP ec2-52-45-86-192.compute-1.amazonaws.com.https > vyrazu-35-ThinkCentre-M70t.44038: Flags [P.], seq 3498:3536, ack 2586, win 187, options [nop,nop,TS val 3905446818 ecr 1142485927], length 38
19:42:27.342549 IP 104.18.16.5.https > vyrazu-35-ThinkCentre-M70t.54812: Flags [.], ack 2935, win 16, options [nop,nop,TS val 3460001146 ecr 4177541837], length 0
19:42:27.343977 IP 104.18.16.5.https > vyrazu-35-ThinkCentre-M70t.54812: Flags [.], ack 3062, win 16, options [nop,nop,TS val 3460001147 ecr 4177541838], length 0
19:42:27.345254 IP ec2-52-45-86-192.compute-1.amazonaws.com.https > vyrazu-35-ThinkCentre-M70t.44038: Flags [P.], seq 3536:3904, ack 2624, win 187, options [nop,nop,TS val 3905446822 ecr 1142485931], length 368
19:42:27.345372 IP vyrazu-35-ThinkCentre-M70t.44038 > ec2-52-45-86-192.compute-1.amazonaws.com.https: Flags [.], ack 3904, win 472, options [nop,nop,TS val 1142486161 ecr 3905446818], length 0
19:42:27.347023 IP vyrazu-35-ThinkCentre-M70t.44038 > ec2-52-45-86-192.compute-1.amazonaws.com.https: Flags [P.], seq 2624:2844, ack 3904, win 472, options [nop,nop,TS val 1142486162 ecr 3905446818], length 220
19:42:27.347045 IP vyrazu-35-ThinkCentre-M70t.44038 > ec2-52-45-86-192.compute-1.amazonaws.com.https: Flags [P.], seq 2844:3579, ack 3904, win 472, options [nop,nop,TS val 1142486162 ecr 3905446818], length 735
19:42:27.351821 IP ec2-52-45-86-192.compute-1.amazonaws.com.https > vyrazu-35-ThinkCentre-M70t.44026: Flags [P.], seq 3497:3535, ack 2151, win 120, options [nop,nop,TS val 3905446828 ecr 1142485935], length 38
19:42:27.351896 IP vyrazu-35-ThinkCentre-M70t.44026 > ec2-52-45-86-192.compute-1.amazonaws.com.https: Flags [R], seq 504040685, win 0, length 0
19:42:27.353477 IP 104.18.17.5.https > vyrazu-35-ThinkCentre-M70t.57068: Flags [P.], seq 4501:4960, ack 2774, win 16, options [nop,nop,TS val 3022507545 ecr 1110441887], length 459
19:42:27.353492 IP vyrazu-35-ThinkCentre-M70t.57068 > 104.18.17.5.https: Flags [.], ack 4960, win 466, options [nop,nop,TS val 1110442224 ecr 3022507545], length 0
19:42:27.354269 IP 104.18.17.5.https > vyrazu-35-ThinkCentre-M70t.57068: Flags [P.], seq 4960:6351, ack 2774, win 16, options [nop,nop,TS val 3022507545 ecr 1110441887], length 1391
19:42:27.354273 IP 104.18.17.5.https > vyrazu-35-ThinkCentre-M70t.57068: Flags [P.], seq 6351:8048, ack 2774, win 16, options [nop,nop,TS val 3022507545 ecr 1110441887], length 1697
19:42:27.354273 IP 104.18.17.5.https > vyrazu-35-ThinkCentre-M70t.57068: Flags [P.], seq 8048:8079, ack 2774, win 16, options [nop,nop,TS val 3022507545 ecr 1110441887], length 31
19:42:27.354288 IP vyrazu-35-ThinkCentre-M70t.57068 > 104.18.17.5.https: Flags [.], ack 6351, win 456, options [nop,nop,TS val 1110442225 ecr 3022507545], length 0
19:42:27.354298 IP vyrazu-35-ThinkCentre-M70t.57068 > 104.18.17.5.https: Flags [.], ack 8048, win 443, options [nop,nop,TS val 1110442225 ecr 3022507545], length 0
19:42:27.354302 IP vyrazu-35-ThinkCentre-M70t.57068 > 104.18.17.5.https: Flags [.], ack 8079, win 443, options [nop,nop,TS val 1110442225 ecr 3022507545], length 0
19:42:27.355691 IP _gateway.domain > vyrazu-35-ThinkCentre-M70t.60409: 18399 ServFail 0/1/0 (105)
19:42:27.356997 IP ec2-52-45-86-192.compute-1.amazonaws.com.https > vyrazu-35-ThinkCentre-M70t.44026: Flags [F.], seq 3535, ack 2183, win 120, options [nop,nop,TS val 3905446834 ecr 1142485940], length 0
19:42:27.357102 IP vyrazu-35-ThinkCentre-M70t.44026 > ec2-52-45-86-192.compute-1.amazonaws.com.https: Flags [R], seq 504040717, win 0, length 0
19:42:27.357810 IP vyrazu-35-ThinkCentre-M70t.49130 > _gateway.domain: 46657+ [1au] PTR? 28.202.14.52.in-addr.arpa. (54)
19:42:27.361195 IP vyrazu-35-ThinkCentre-M70t.59792 > ec2-3-6-122-107.ap-south-1.compute.amazonaws.com.http: Flags [.], ack 1, win 501, options [nop,nop,TS val 215700557 ecr 1118650151], length 0
19:42:27.361877 IP ec2-52-45-86-192.compute-1.amazonaws.com.https > vyrazu-35-ThinkCentre-M70t.44012: Flags [P.], seq 3497:3535, ack 2151, win 120, options [nop,nop,TS val 3905446834 ecr 1142485941], length 38
19:42:27.361906 IP vyrazu-35-ThinkCentre-M70t.44012 > ec2-52-45-86-192.compute-1.amazonaws.com.https: Flags [R], seq 2334188460, win 0, length 0
19:42:27.361999 IP vyrazu-35-ThinkCentre-M70t.35834 > _gateway.domain: 11665+ [1au] HTTPS? s3-r-w.us-east-1.amazonaws.com. (59)
19:42:27.362221 IP vyrazu-35-ThinkCentre-M70t.38178 > _gateway.domain: 43193+ [1au] AAAA? assets.qualified.com. (49)
19:42:27.362682 IP vyrazu-35-ThinkCentre-M70t.58936 > _gateway.domain: 30300+ [1au] AAAA? s3-r-w.us-east-1.amazonaws.com. (59)
19:42:27.364309 IP ec2-52-45-86-192.compute-1.amazonaws.com.https > vyrazu-35-ThinkCentre-M70t.44012: Flags [F.], seq 3535, ack 2183, win 120, options [nop,nop,TS val 3905446840 ecr 1142485947], length 0
19:42:27.364392 IP vyrazu-35-ThinkCentre-M70t.44012 > ec2-52-45-86-192.compute-1.amazonaws.com.https: Flags [R], seq 2334188492, win 0, length 0
19:42:27.371762 IP vyrazu-35-ThinkCentre-M70t.41645 > _gateway.domain: 48959+ [1au] HTTPS? static.cloudflareinsights.com. (58)
19:42:27.371881 IP vyrazu-35-ThinkCentre-M70t.38716 > _gateway.domain: 46103+ [1au] A? static.cloudflareinsights.com. (58)
19:42:27.371955 IP vyrazu-35-ThinkCentre-M70t.48640 > _gateway.domain: 40261+ [1au] AAAA? static.cloudflareinsights.com. (58)
19:42:27.373334 IP ec2-3-6-98-232.ap-south-1.compute.amazonaws.com.http > vyrazu-35-ThinkCentre-M70t.57330: Flags [.], ack 1, win 442, options [nop,nop,TS val 3143439846 ecr 4263177914], length 0
19:42:27.374489 IP ec2-3-6-115-64.ap-south-1.compute.amazonaws.com.http > vyrazu-35-ThinkCentre-M70t.53798: Flags [.], ack 1, win 1704, options [nop,nop,TS val 2970396844 ecr 3327825648], length 0
19:42:27.374490 IP ec2-3-6-115-64.ap-south-1.compute.amazonaws.com.http > vyrazu-35-ThinkCentre-M70t.38390: Flags [.], ack 1, win 2383, options [nop,nop,TS val 2970396844 ecr 3327819257], length 0
19:42:27.378036 IP 52.184.206.197.https > vyrazu-35-ThinkCentre-M70t.54540: Flags [.], ack 1695, win 1339, options [nop,nop,TS val 1478617088 ecr 2606766149], length 0
19:42:27.378101 IP vyrazu-35-ThinkCentre-M70t.54540 > 52.184.206.197.https: Flags [P.], seq 11831:14727, ack 1, win 474, options [nop,nop,TS val 2606766373 ecr 1478617088], length 2896
19:42:27.378128 IP vyrazu-35-ThinkCentre-M70t.54540 > 52.184.206.197.https: Flags [P.], seq 14727:17623, ack 1, win 474, options [nop,nop,TS val 2606766373 ecr 1478617088], length 2896
19:42:27.378719 IP vyrazu-35-ThinkCentre-M70t.54540 > 52.184.206.197.https: Flags [P.], seq 17623:20519, ack 1, win 474, options [nop,nop,TS val 2606766374 ecr 1478617088], length 2896
19:42:27.381207 IP 52.184.206.197.https > vyrazu-35-ThinkCentre-M70t.54540: Flags [.], ack 4591, win 1385, options [nop,nop,TS val 1478617089 ecr 2606766149], length 0
19:42:27.381209 IP 52.184.206.197.https > vyrazu-35-ThinkCentre-M70t.54540: Flags [.], ack 7487, win 1430, options [nop,nop,TS val 1478617090 ecr 2606766149], length 0
19:42:27.381210 IP 52.184.206.197.https > vyrazu-35-ThinkCentre-M70t.54540: Flags [.], ack 10383, win 1475, options [nop,nop,TS val 1478617090 ecr 2606766150], length 0
19:42:27.381310 IP vyrazu-35-ThinkCentre-M70t.54540 > 52.184.206.197.https: Flags [P.], seq 20519:23415, ack 1, win 474, options [nop,nop,TS val 2606766377 ecr 1478617089], length 2896
19:42:27.381371 IP vyrazu-35-ThinkCentre-M70t.54540 > 52.184.206.197.https: Flags [P.], seq 23415:26311, ack 1, win 474, options [nop,nop,TS val 2606766377 ecr 1478617089], length 2896
19:42:27.382095 IP _gateway.domain > vyrazu-35-ThinkCentre-M70t.38178: 43193 0/1/1 (125)
19:42:27.382095 IP _gateway.domain > vyrazu-35-ThinkCentre-M70t.35834: 11665 0/1/1 (143)
19:42:27.382769 IP _gateway.domain > vyrazu-35-ThinkCentre-M70t.58936: 30300 0/1/1 (143)
19:42:27.383480 IP vyrazu-35-ThinkCentre-M70t.54540 > 52.184.206.197.https: Flags [P.], seq 26311:29207, ack 1, win 474, options [nop,nop,TS val 2606766379 ecr 1478617090], length 2896
19:42:27.383538 IP vyrazu-35-ThinkCentre-M70t.54540 > 52.184.206.197.https: Flags [P.], seq 29207:32103, ack 1, win 474, options [nop,nop,TS val 2606766379 ecr 1478617090], length 2896
19:42:27.384093 IP vyrazu-35-ThinkCentre-M70t.54540 > 52.184.206.197.https: Flags [P.], seq 32103:34999, ack 1, win 474, options [nop,nop,TS val 2606766379 ecr 1478617090], length 2896
19:42:27.384103 IP vyrazu-35-ThinkCentre-M70t.54540 > 52.184.206.197.https: Flags [P.], seq 34999:37895, ack 1, win 474, options [nop,nop,TS val 2606766379 ecr 1478617090], length 2896
19:42:27.386226 IP _gateway.domain > vyrazu-35-ThinkCentre-M70t.38716: 46103 2/0/1 A 104.16.79.73, A 104.16.80.73 (90)
19:42:27.395967 IP ec2-3-6-122-107.ap-south-1.compute.amazonaws.com.http > vyrazu-35-ThinkCentre-M70t.59792: Flags [.], ack 1, win 448, options [nop,nop,TS val 1118651188 ecr 215697343], length 0
19:42:27.411338 IP _gateway.domain > vyrazu-35-ThinkCentre-M70t.49130: 46657 1/0/1 PTR ec2-52-14-202-28.us-east-2.compute.amazonaws.com. (116)
19:42:27.413398 IP vyrazu-35-ThinkCentre-M70t.53906 > _gateway.domain: 21795+ [1au] PTR? 60.136.4.52.in-addr.arpa. (53)
19:42:27.422265 IP 52.184.206.197.https > vyrazu-35-ThinkCentre-M70t.54540: Flags [.], ack 11831, win 1498, options [nop,nop,TS val 1478617132 ecr 2606766152], length 0
19:42:27.422497 IP vyrazu-35-ThinkCentre-M70t.54540 > 52.184.206.197.https: Flags [P.], seq 37895:40791, ack 1, win 474, options [nop,nop,TS val 2606766418 ecr 1478617132], length 2896
19:42:27.422972 IP _gateway.domain > vyrazu-35-ThinkCentre-M70t.41645: 48959 1/0/1 HTTPS (128)
19:42:27.425185 IP _gateway.domain > vyrazu-35-ThinkCentre-M70t.48640: 40261 2/0/1 AAAA 2606:4700::6810:5049, AAAA 2606:4700::6810:4f49 (114)
19:42:27.428821 IP vyrazu-35-ThinkCentre-M70t.35842 > 104.16.80.73.https: Flags [S], seq 2810428315, win 64240, options [mss 1460,sackOK,TS val 1480893721 ecr 0,nop,wscale 7], length 0
19:42:27.445580 IP vyrazu-35-ThinkCentre-M70t.49360 > _gateway.domain: 26532+ [1au] HTTPS? srm.af.contentsquare.net. (53)
19:42:27.445698 IP vyrazu-35-ThinkCentre-M70t.58217 > _gateway.domain: 31481+ [1au] A? srm.af.contentsquare.net. (53)
19:42:27.445777 IP vyrazu-35-ThinkCentre-M70t.45256 > _gateway.domain: 22765+ [1au] AAAA? srm.af.contentsquare.net. (53)
19:42:27.454941 IP afe865822f884bb48.awsglobalaccelerator.com.https > vyrazu-35-ThinkCentre-M70t.33466: Flags [P.], seq 4542:4580, ack 2544, win 344, options [nop,nop,TS val 3963075680 ecr 4213583365], length 38
19:42:27.465436 IP 104.16.80.73.https > vyrazu-35-ThinkCentre-M70t.35842: Flags [S.], seq 4208448424, ack 2810428316, win 65535, options [mss 1400,sackOK,TS val 3102817616 ecr 1480893721,nop,wscale 13], length 0
19:42:27.465611 IP vyrazu-35-ThinkCentre-M70t.35842 > 104.16.80.73.https: Flags [.], ack 1, win 502, options [nop,nop,TS val 1480893758 ecr 3102817616], length 0
19:42:27.467083 IP ec2-34-233-113-213.compute-1.amazonaws.com.https > vyrazu-35-ThinkCentre-M70t.52870: Flags [.], ack 4484, win 155, options [nop,nop,TS val 3581518554 ecr 2568014077], length 0
19:42:27.467363 IP vyrazu-35-ThinkCentre-M70t.35842 > 104.16.80.73.https: Flags [P.], seq 1:1915, ack 1, win 502, options [nop,nop,TS val 1480893760 ecr 3102817616], length 1914
19:42:27.467384 IP _gateway.domain > vyrazu-35-ThinkCentre-M70t.53906: 21795 1/0/1 PTR ec2-52-4-136-60.compute-1.amazonaws.com. (106)
19:42:27.469830 IP vyrazu-35-ThinkCentre-M70t.54085 > _gateway.domain: 31746+ [1au] PTR? 99.222.251.142.in-addr.arpa. (56)
19:42:27.489094 IP _gateway.domain > vyrazu-35-ThinkCentre-M70t.45256: 22765 0/1/1 (139)
19:42:27.491120 IP _gateway.domain > vyrazu-35-ThinkCentre-M70t.49360: 26532 0/1/1 (139)
19:42:27.491406 IP _gateway.domain > vyrazu-35-ThinkCentre-M70t.58217: 31481 1/0/1 A 20.75.114.39 (69)
19:42:27.494972 IP ec2-34-233-113-213.compute-1.amazonaws.com.https > vyrazu-35-ThinkCentre-M70t.52870: Flags [P.], seq 5077:5525, ack 5647, win 225, options [nop,nop,TS val 3581518581 ecr 2568014077], length 448
19:42:27.494973 IP ec2-34-233-113-213.compute-1.amazonaws.com.https > vyrazu-35-ThinkCentre-M70t.52870: Flags [P.], seq 5525:5563, ack 5647, win 225, options [nop,nop,TS val 3581518581 ecr 2568014077], length 38
19:42:27.495191 IP vyrazu-35-ThinkCentre-M70t.33466 > afe865822f884bb48.awsglobalaccelerator.com.https: Flags [.], ack 4580, win 467, options [nop,nop,TS val 4213583564 ecr 3963075680], length 0
19:42:27.495339 IP vyrazu-35-ThinkCentre-M70t.52870 > ec2-34-233-113-213.compute-1.amazonaws.com.https: Flags [.], ack 5563, win 461, options [nop,nop,TS val 2568014337 ecr 3581518581], length 0
19:42:27.504065 IP 104.16.80.73.https > vyrazu-35-ThinkCentre-M70t.35842: Flags [.], ack 1915, win 17, options [nop,nop,TS val 3102817655 ecr 1480893760], length 0
19:42:27.506499 IP 104.16.80.73.https > vyrazu-35-ThinkCentre-M70t.35842: Flags [.], seq 1:1449, ack 1915, win 17, options [nop,nop,TS val 3102817656 ecr 1480893760], length 1448
19:42:27.506611 IP vyrazu-35-ThinkCentre-M70t.35842 > 104.16.80.73.https: Flags [.], ack 1449, win 491, options [nop,nop,TS val 1480893799 ecr 3102817656], length 0
19:42:27.508030 IP 104.16.80.73.https > vyrazu-35-ThinkCentre-M70t.35842: Flags [P.], seq 1449:3483, ack 1915, win 17, options [nop,nop,TS val 3102817656 ecr 1480893760], length 2034
19:42:27.508051 IP vyrazu-35-ThinkCentre-M70t.35842 > 104.16.80.73.https: Flags [.], ack 3483, win 476, options [nop,nop,TS val 1480893800 ecr 3102817656], length 0
19:42:27.510018 IP vyrazu-35-ThinkCentre-M70t.35842 > 104.16.80.73.https: Flags [P.], seq 1915:1979, ack 3483, win 476, options [nop,nop,TS val 1480893802 ecr 3102817656], length 64
19:42:27.510764 IP _gateway.domain > vyrazu-35-ThinkCentre-M70t.54085: 31746 1/0/1 PTR pnbomb-az-in-f3.1e100.net. (95)
19:42:27.510986 IP vyrazu-35-ThinkCentre-M70t.35842 > 104.16.80.73.https: Flags [P.], seq 1979:2071, ack 3483, win 476, options [nop,nop,TS val 1480893803 ecr 3102817656], length 92
19:42:27.512269 IP vyrazu-35-ThinkCentre-M70t.45592 > _gateway.domain: 34552+ [1au] PTR? 192.86.45.52.in-addr.arpa. (54)
19:42:27.521237 IP afe865822f884bb48.awsglobalaccelerator.com.https > vyrazu-35-ThinkCentre-M70t.33466: Flags [P.], seq 4580:5484, ack 2544, win 344, options [nop,nop,TS val 3963075746 ecr 4213583564], length 904
19:42:27.521369 IP vyrazu-35-ThinkCentre-M70t.33466 > afe865822f884bb48.awsglobalaccelerator.com.https: Flags [.], ack 5484, win 460, options [nop,nop,TS val 4213583590 ecr 3963075746], length 0
19:42:27.546893 IP 104.16.80.73.https > vyrazu-35-ThinkCentre-M70t.35842: Flags [.], ack 2071, win 17, options [nop,nop,TS val 3102817698 ecr 1480893802], length 0
19:42:27.547888 IP 104.16.80.73.https > vyrazu-35-ThinkCentre-M70t.35842: Flags [P.], seq 3483:4004, ack 2071, win 17, options [nop,nop,TS val 3102817698 ecr 1480893802], length 521
19:42:27.549065 IP vyrazu-35-ThinkCentre-M70t.35842 > 104.16.80.73.https: Flags [P.], seq 2071:2102, ack 4004, win 472, options [nop,nop,TS val 1480893841 ecr 3102817698], length 31
19:42:27.554062 IP _gateway.domain > vyrazu-35-ThinkCentre-M70t.45592: 34552 1/0/1 PTR ec2-52-45-86-192.compute-1.amazonaws.com. (108)
19:42:27.554907 IP vyrazu-35-ThinkCentre-M70t.59239 > _gateway.domain: 55108+ [1au] PTR? 54.74.21.104.in-addr.arpa. (54)
19:42:27.566579 IP 16.15.185.101.https > vyrazu-35-ThinkCentre-M70t.42294: Flags [.], ack 1933, win 224, options [nop,nop,TS val 92553228 ecr 1358466555], length 0
19:42:27.566582 IP 16.15.185.101.https > vyrazu-35-ThinkCentre-M70t.42294: Flags [P.], seq 1:161, ack 1933, win 224, options [nop,nop,TS val 92553228 ecr 1358466555], length 160
19:42:27.566582 IP 16.15.185.101.https > vyrazu-35-ThinkCentre-M70t.42294: Flags [P.], seq 161:167, ack 1933, win 224, options [nop,nop,TS val 92553228 ecr 1358466555], length 6
19:42:27.566582 IP 16.15.185.101.https > vyrazu-35-ThinkCentre-M70t.42294: Flags [P.], seq 167:214, ack 1933, win 224, options [nop,nop,TS val 92553228 ecr 1358466555], length 47
19:42:27.566585 IP 16.15.185.101.https > vyrazu-35-ThinkCentre-M70t.42294: Flags [.], seq 214:3070, ack 1933, win 224, options [nop,nop,TS val 92553228 ecr 1358466555], length 2856
19:42:27.566706 IP vyrazu-35-ThinkCentre-M70t.42294 > 16.15.185.101.https: Flags [.], ack 161, win 501, options [nop,nop,TS val 1358466793 ecr 92553228], length 0
19:42:27.566756 IP vyrazu-35-ThinkCentre-M70t.42294 > 16.15.185.101.https: Flags [.], ack 167, win 501, options [nop,nop,TS val 1358466793 ecr 92553228], length 0
19:42:27.566761 IP vyrazu-35-ThinkCentre-M70t.42294 > 16.15.185.101.https: Flags [.], ack 214, win 501, options [nop,nop,TS val 1358466793 ecr 92553228], length 0
19:42:27.566767 IP vyrazu-35-ThinkCentre-M70t.42294 > 16.15.185.101.https: Flags [.], ack 3070, win 479, options [nop,nop,TS val 1358466793 ecr 92553228], length 0
19:42:27.568600 IP 16.15.185.101.https > vyrazu-35-ThinkCentre-M70t.42294: Flags [P.], seq 3070:5817, ack 1933, win 224, options [nop,nop,TS val 92553228 ecr 1358466555], length 2747
19:42:27.568601 IP 16.15.185.101.https > vyrazu-35-ThinkCentre-M70t.42294: Flags [P.], seq 5817:6103, ack 1933, win 224, options [nop,nop,TS val 92553230 ecr 1358466555], length 286
19:42:27.568601 IP 16.15.185.101.https > vyrazu-35-ThinkCentre-M70t.42294: Flags [P.], seq 6103:6161, ack 1933, win 224, options [nop,nop,TS val 92553230 ecr 1358466555], length 58
19:42:27.568629 IP vyrazu-35-ThinkCentre-M70t.42294 > 16.15.185.101.https: Flags [.], ack 5817, win 458, options [nop,nop,TS val 1358466795 ecr 92553228], length 0
19:42:27.568645 IP vyrazu-35-ThinkCentre-M70t.42294 > 16.15.185.101.https: Flags [.], ack 6103, win 456, options [nop,nop,TS val 1358466795 ecr 92553230], length 0
19:42:27.568648 IP vyrazu-35-ThinkCentre-M70t.42294 > 16.15.185.101.https: Flags [.], ack 6161, win 456, options [nop,nop,TS val 1358466795 ecr 92553230], length 0
19:42:27.569893 IP vyrazu-35-ThinkCentre-M70t.42294 > 16.15.185.101.https: Flags [P.], seq 1933:1997, ack 6161, win 456, options [nop,nop,TS val 1358466796 ecr 92553230], length 64
19:42:27.575301 IP ec2-52-45-86-192.compute-1.amazonaws.com.https > vyrazu-35-ThinkCentre-M70t.44038: Flags [.], ack 3579, win 209, options [nop,nop,TS val 3905447052 ecr 1142486162], length 0
19:42:27.583714 IP vyrazu-35-ThinkCentre-M70t.49773 > 52.57.54.34.bc.googleusercontent.com.https: UDP, length 1252
19:42:27.583777 IP vyrazu-35-ThinkCentre-M70t.49773 > 52.57.54.34.bc.googleusercontent.com.https: UDP, length 1252
19:42:27.583789 IP vyrazu-35-ThinkCentre-M70t.49773 > 52.57.54.34.bc.googleusercontent.com.https: UDP, length 334
19:42:27.600467 IP _gateway.domain > vyrazu-35-ThinkCentre-M70t.59239: 55108 ServFail 0/1/1 (116)
19:42:27.600877 IP vyrazu-35-ThinkCentre-M70t.59239 > _gateway.domain: 55108+ [1au] PTR? 54.74.21.104.in-addr.arpa. (54)
19:42:27.602261 IP 52.184.206.197.https > vyrazu-35-ThinkCentre-M70t.54540: Flags [.], ack 14727, win 1543, options [nop,nop,TS val 1478617312 ecr 2606766373], length 0
19:42:27.602281 IP vyrazu-35-ThinkCentre-M70t.54540 > 52.184.206.197.https: Flags [P.], seq 40791:43687, ack 1, win 474, options [nop,nop,TS val 2606766598 ecr 1478617312], length 2896
19:42:27.602294 IP vyrazu-35-ThinkCentre-M70t.54540 > 52.184.206.197.https: Flags [P.], seq 43687:46583, ack 1, win 474, options [nop,nop,TS val 2606766598 ecr 1478617312], length 2896
19:42:27.605283 IP 52.184.206.197.https > vyrazu-35-ThinkCentre-M70t.54540: Flags [.], ack 16175, win 1566, options [nop,nop,TS val 1478617315 ecr 2606766373], length 0
19:42:27.605290 IP 52.184.206.197.https > vyrazu-35-ThinkCentre-M70t.54540: Flags [.], ack 17623, win 1588, options [nop,nop,TS val 1478617315 ecr 2606766373], length 0
19:42:27.605505 IP vyrazu-35-ThinkCentre-M70t.54540 > 52.184.206.197.https: Flags [P.], seq 46583:49479, ack 1, win 474, options [nop,nop,TS val 2606766601 ecr 1478617315], length 2896
19:42:27.605645 IP vyrazu-35-ThinkCentre-M70t.54540 > 52.184.206.197.https: Flags [P.], seq 49479:52375, ack 1, win 474, options [nop,nop,TS val 2606766601 ecr 1478617315], length 2896
19:42:27.607571 IP 52.184.206.197.https > vyrazu-35-ThinkCentre-M70t.54540: Flags [.], ack 20519, win 1633, options [nop,nop,TS val 1478617316 ecr 2606766374], length 0
19:42:27.607575 IP 52.184.206.197.https > vyrazu-35-ThinkCentre-M70t.54540: Flags [P.], seq 1:36, ack 20519, win 1633, options [nop,nop,TS val 1478617316 ecr 2606766374], length 35
19:42:27.607575 IP 52.184.206.197.https > vyrazu-35-ThinkCentre-M70t.54540: Flags [P.], seq 36:71, ack 20519, win 1633, options [nop,nop,TS val 1478617316 ecr 2606766374], length 35
19:42:27.607670 IP vyrazu-35-ThinkCentre-M70t.54540 > 52.184.206.197.https: Flags [P.], seq 52375:55271, ack 1, win 474, options [nop,nop,TS val 2606766603 ecr 1478617316], length 2896
19:42:27.607745 IP vyrazu-35-ThinkCentre-M70t.54540 > 52.184.206.197.https: Flags [P.], seq 55271:58167, ack 1, win 474, options [nop,nop,TS val 2606766603 ecr 1478617316], length 2896
19:42:27.607765 IP vyrazu-35-ThinkCentre-M70t.54540 > 52.184.206.197.https: Flags [.], ack 36, win 474, options [nop,nop,TS val 2606766603 ecr 1478617316], length 0
19:42:27.607778 IP vyrazu-35-ThinkCentre-M70t.54540 > 52.184.206.197.https: Flags [.], ack 71, win 474, options [nop,nop,TS val 2606766603 ecr 1478617316], length 0
19:42:27.608813 IP 52.184.206.197.https > vyrazu-35-ThinkCentre-M70t.54540: Flags [.], ack 23415, win 1679, options [nop,nop,TS val 1478617317 ecr 2606766377], length 0
19:42:27.608814 IP 52.184.206.197.https > vyrazu-35-ThinkCentre-M70t.54540: Flags [.], ack 26311, win 1724, options [nop,nop,TS val 1478617317 ecr 2606766377], length 0
19:42:27.608831 IP vyrazu-35-ThinkCentre-M70t.54540 > 52.184.206.197.https: Flags [P.], seq 58167:61063, ack 71, win 474, options [nop,nop,TS val 2606766604 ecr 1478617317], length 2896
19:42:27.608845 IP vyrazu-35-ThinkCentre-M70t.54540 > 52.184.206.197.https: Flags [P.], seq 61063:63959, ack 71, win 474, options [nop,nop,TS val 2606766604 ecr 1478617317], length 2896
19:42:27.609555 IP vyrazu-35-ThinkCentre-M70t.54540 > 52.184.206.197.https: Flags [P.], seq 63959:66855, ack 71, win 474, options [nop,nop,TS val 2606766605 ecr 1478617317], length 2896
19:42:27.609567 IP vyrazu-35-ThinkCentre-M70t.54540 > 52.184.206.197.https: Flags [P.], seq 66855:69751, ack 71, win 474, options [nop,nop,TS val 2606766605 ecr 1478617317], length 2896
19:42:27.611227 IP vyrazu-35-ThinkCentre-M70t.49294 > ec2-3-6-115-64.ap-south-1.compute.amazonaws.com.http: Flags [.], ack 1, win 501, options [nop,nop,TS val 3327831838 ecr 2970396079], length 0
19:42:27.611350 IP 52.184.206.197.https > vyrazu-35-ThinkCentre-M70t.54540: Flags [.], ack 29207, win 1769, options [nop,nop,TS val 1478617318 ecr 2606766379], length 0
19:42:27.611351 IP 52.184.206.197.https > vyrazu-35-ThinkCentre-M70t.54540: Flags [.], ack 32103, win 1814, options [nop,nop,TS val 1478617318 ecr 2606766379], length 0
19:42:27.611351 IP 52.184.206.197.https > vyrazu-35-ThinkCentre-M70t.54540: Flags [P.], seq 71:106, ack 33551, win 1837, options [nop,nop,TS val 1478617319 ecr 2606766379], length 35
19:42:27.611351 IP 52.184.206.197.https > vyrazu-35-ThinkCentre-M70t.54540: Flags [P.], seq 106:141, ack 33551, win 1837, options [nop,nop,TS val 1478617319 ecr 2606766379], length 35
19:42:27.611351 IP 52.184.206.197.https > vyrazu-35-ThinkCentre-M70t.54540: Flags [.], ack 37895, win 1905, options [nop,nop,TS val 1478617319 ecr 2606766379], length 0
19:42:27.611369 IP vyrazu-35-ThinkCentre-M70t.54540 > 52.184.206.197.https: Flags [P.], seq 69751:72647, ack 71, win 474, options [nop,nop,TS val 2606766607 ecr 1478617318], length 2896
19:42:27.611381 IP vyrazu-35-ThinkCentre-M70t.54540 > 52.184.206.197.https: Flags [P.], seq 72647:75543, ack 71, win 474, options [nop,nop,TS val 2606766607 ecr 1478617318], length 2896
19:42:27.611562 IP vyrazu-35-ThinkCentre-M70t.54540 > 52.184.206.197.https: Flags [.], ack 141, win 474, options [nop,nop,TS val 2606766607 ecr 1478617319], length 0
19:42:27.612672 IP vyrazu-35-ThinkCentre-M70t.54540 > 52.184.206.197.https: Flags [P.], seq 75543:78439, ack 141, win 474, options [nop,nop,TS val 2606766608 ecr 1478617319], length 2896
19:42:27.612706 IP vyrazu-35-ThinkCentre-M70t.54540 > 52.184.206.197.https: Flags [P.], seq 78439:81335, ack 141, win 474, options [nop,nop,TS val 2606766608 ecr 1478617319], length 2896
19:42:27.613283 IP vyrazu-35-ThinkCentre-M70t.54540 > 52.184.206.197.https: Flags [P.], seq 81335:84231, ack 141, win 474, options [nop,nop,TS val 2606766609 ecr 1478617319], length 2896
19:42:27.613309 IP vyrazu-35-ThinkCentre-M70t.54540 > 52.184.206.197.https: Flags [P.], seq 84231:87127, ack 141, win 474, options [nop,nop,TS val 2606766609 ecr 1478617319], length 2896
19:42:27.614178 IP vyrazu-35-ThinkCentre-M70t.54540 > 52.184.206.197.https: Flags [P.], seq 87127:90023, ack 141, win 474, options [nop,nop,TS val 2606766609 ecr 1478617319], length 2896
19:42:27.614887 IP vyrazu-35-ThinkCentre-M70t.54540 > 52.184.206.197.https: Flags [P.], seq 90023:92919, ack 141, win 474, options [nop,nop,TS val 2606766610 ecr 1478617319], length 2896
19:42:27.616302 IP 104.18.16.5.https > vyrazu-35-ThinkCentre-M70t.54812: Flags [P.], seq 5084:5413, ack 3062, win 16, options [nop,nop,TS val 3460001419 ecr 4177541838], length 329
19:42:27.621397 IP 52.57.54.34.bc.googleusercontent.com.https > vyrazu-35-ThinkCentre-M70t.49773: UDP, length 26
19:42:27.625623 IP 104.16.80.73.https > vyrazu-35-ThinkCentre-M70t.35842: Flags [.], ack 2102, win 17, options [nop,nop,TS val 3102817777 ecr 1480893841], length 0
19:42:27.646562 IP vyrazu-35-ThinkCentre-M70t.44602 > _gateway.domain: 14476+ [1au] HTTPS? o209747.ingest.us.sentry.io. (56)
19:42:27.646773 IP vyrazu-35-ThinkCentre-M70t.54241 > _gateway.domain: 3332+ [1au] A? o209747.ingest.us.sentry.io. (56)
19:42:27.646850 IP vyrazu-35-ThinkCentre-M70t.36715 > _gateway.domain: 62942+ [1au] AAAA? o209747.ingest.us.sentry.io. (56)
19:42:27.647549 IP _gateway.domain > vyrazu-35-ThinkCentre-M70t.59239: 55108 ServFail 0/1/1 (116)
19:42:27.647764 IP vyrazu-35-ThinkCentre-M70t.59239 > _gateway.domain: 55108+ PTR? 54.74.21.104.in-addr.arpa. (43)
19:42:27.648897 IP 52.184.206.197.https > vyrazu-35-ThinkCentre-M70t.54540: Flags [.], ack 40791, win 1950, options [nop,nop,TS val 1478617357 ecr 2606766418], length 0
19:42:27.648909 IP 52.57.54.34.bc.googleusercontent.com.https > vyrazu-35-ThinkCentre-M70t.49773: UDP, length 31
19:42:27.648956 IP vyrazu-35-ThinkCentre-M70t.54540 > 52.184.206.197.https: Flags [P.], seq 92919:95815, ack 141, win 474, options [nop,nop,TS val 2606766644 ecr 1478617357], length 2896
19:42:27.649102 IP vyrazu-35-ThinkCentre-M70t.49773 > 52.57.54.34.bc.googleusercontent.com.https: UDP, length 31
19:42:27.649421 IP vyrazu-35-ThinkCentre-M70t.54540 > 52.184.206.197.https: Flags [.], seq 95815:97263, ack 141, win 474, options [nop,nop,TS val 2606766645 ecr 1478617357], length 1448
19:42:27.654810 IP _gateway.domain > vyrazu-35-ThinkCentre-M70t.44602: 14476 0/1/1 (161)
19:42:27.656602 IP ec2-3-6-115-64.ap-south-1.compute.amazonaws.com.http > vyrazu-35-ThinkCentre-M70t.49294: Flags [.], ack 1, win 442, options [nop,nop,TS val 2970397122 ecr 3327817970], length 0
19:42:27.657242 IP vyrazu-35-ThinkCentre-M70t.54812 > 104.18.16.5.https: Flags [.], ack 5413, win 463, options [nop,nop,TS val 4177542187 ecr 3460001419], length 0
19:42:27.689109 IP _gateway.domain > vyrazu-35-ThinkCentre-M70t.36715: 62942 0/1/1 (161)
19:42:27.689612 IP _gateway.domain > vyrazu-35-ThinkCentre-M70t.54241: 3332 1/0/1 A 34.120.195.249 (72)
19:42:27.690881 IP _gateway.domain > vyrazu-35-ThinkCentre-M70t.59239: 55108 ServFail 0/1/0 (105)
19:42:27.691309 IP vyrazu-35-ThinkCentre-M70t.45864 > _gateway.domain: 36750+ [1au] PTR? 54.74.21.104.in-addr.arpa. (54)
19:42:27.736639 IP _gateway.domain > vyrazu-35-ThinkCentre-M70t.45864: 36750 ServFail 0/1/1 (116)
19:42:27.737032 IP vyrazu-35-ThinkCentre-M70t.45864 > _gateway.domain: 36750+ [1au] PTR? 54.74.21.104.in-addr.arpa. (54)
19:42:27.756425 IP 52.57.54.34.bc.googleusercontent.com.https > vyrazu-35-ThinkCentre-M70t.49773: UDP, length 134
19:42:27.757006 IP 52.57.54.34.bc.googleusercontent.com.https > vyrazu-35-ThinkCentre-M70t.49773: UDP, length 25
19:42:27.757205 IP vyrazu-35-ThinkCentre-M70t.49773 > 52.57.54.34.bc.googleusercontent.com.https: UDP, length 36
19:42:27.775551 IP _gateway.domain > vyrazu-35-ThinkCentre-M70t.45864: 36750 ServFail 0/1/1 (116)
19:42:27.775775 IP vyrazu-35-ThinkCentre-M70t.45864 > _gateway.domain: 36750+ PTR? 54.74.21.104.in-addr.arpa. (43)
19:42:27.777849 IP vyrazu-35-ThinkCentre-M70t.49773 > 52.57.54.34.bc.googleusercontent.com.https: UDP, length 32
19:42:27.803513 IP 16.15.185.101.https > vyrazu-35-ThinkCentre-M70t.42294: Flags [.], ack 1997, win 224, options [nop,nop,TS val 92553468 ecr 1358466796], length 0
19:42:27.809756 IP vyrazu-35-ThinkCentre-M70t.54842 > 104.18.16.5.https: Flags [P.], seq 3246:3276, ack 4564, win 468, options [nop,nop,TS val 4177542339 ecr 2980862796], length 30
19:42:27.809827 IP vyrazu-35-ThinkCentre-M70t.44038 > ec2-52-45-86-192.compute-1.amazonaws.com.https: Flags [P.], seq 3579:3621, ack 3904, win 472, options [nop,nop,TS val 1142486625 ecr 3905447052], length 42
19:42:27.812570 IP vyrazu-35-ThinkCentre-M70t.57068 > 104.18.17.5.https: Flags [P.], seq 2774:2988, ack 8079, win 443, options [nop,nop,TS val 1110442683 ecr 3022507545], length 214
19:42:27.812627 IP vyrazu-35-ThinkCentre-M70t.57068 > 104.18.17.5.https: Flags [P.], seq 2988:4174, ack 8079, win 443, options [nop,nop,TS val 1110442683 ecr 3022507545], length 1186
19:42:27.815140 IP vyrazu-35-ThinkCentre-M70t.42638 > _gateway.domain: 21549+ [1au] HTTPS? cdn.rawgit.com. (43)
19:42:27.815633 IP vyrazu-35-ThinkCentre-M70t.34787 > _gateway.domain: 12987+ [1au] HTTPS? cdnjs.cloudflare.com. (49)
19:42:27.816057 IP vyrazu-35-ThinkCentre-M70t.46118 > _gateway.domain: 28992+ [1au] HTTPS? jonthornton.github.io. (50)
19:42:27.816283 IP vyrazu-35-ThinkCentre-M70t.43440 > _gateway.domain: 33825+ [1au] HTTPS? assets.calendly.com. (48)
19:42:27.816443 IP vyrazu-35-ThinkCentre-M70t.40026 > _gateway.domain: 45163+ [1au] A? cdn.rawgit.com. (43)
19:42:27.816614 IP vyrazu-35-ThinkCentre-M70t.42833 > _gateway.domain: 38597+ [1au] AAAA? cdn.rawgit.com. (43)
19:42:27.817111 IP vyrazu-35-ThinkCentre-M70t.56770 > _gateway.domain: 28017+ [1au] A? cdnjs.cloudflare.com. (49)
19:42:27.817192 IP vyrazu-35-ThinkCentre-M70t.55286 > _gateway.domain: 54804+ [1au] AAAA? cdnjs.cloudflare.com. (49)
19:42:27.817511 IP vyrazu-35-ThinkCentre-M70t.44232 > _gateway.domain: 27718+ [1au] AAAA? jonthornton.github.io. (50)
19:42:27.817640 IP vyrazu-35-ThinkCentre-M70t.47958 > _gateway.domain: 47769+ [1au] A? assets.calendly.com. (48)
19:42:27.817737 IP vyrazu-35-ThinkCentre-M70t.47413 > _gateway.domain: 46635+ [1au] AAAA? assets.calendly.com. (48)
19:42:27.819365 IP vyrazu-35-ThinkCentre-M70t.45056 > 104.21.74.54.https: UDP, length 1168
19:42:27.819410 IP 52.57.54.34.bc.googleusercontent.com.https > vyrazu-35-ThinkCentre-M70t.49773: UDP, length 27
19:42:27.821294 IP _gateway.domain > vyrazu-35-ThinkCentre-M70t.45864: 36750 ServFail 0/1/0 (105)
19:42:27.823037 IP vyrazu-35-ThinkCentre-M70t.59961 > _gateway.domain: 26599+ [1au] PTR? 14.36.164.3.in-addr.arpa. (53)
19:42:27.825330 IP _gateway.domain > vyrazu-35-ThinkCentre-M70t.46118: 28992 0/1/1 (124)
19:42:27.825727 IP _gateway.domain > vyrazu-35-ThinkCentre-M70t.56770: 28017 2/0/1 A 104.17.24.14, A 104.17.25.14 (81)
19:42:27.825728 IP _gateway.domain > vyrazu-35-ThinkCentre-M70t.43440: 33825 1/0/3 HTTPS (150)
19:42:27.826968 IP _gateway.domain > vyrazu-35-ThinkCentre-M70t.55286: 54804 2/0/1 AAAA 2606:4700::6811:180e, AAAA 2606:4700::6811:190e (105)
19:42:27.827973 IP 52.184.206.197.https > vyrazu-35-ThinkCentre-M70t.54540: Flags [.], ack 43687, win 1995, options [nop,nop,TS val 1478617537 ecr 2606766598], length 0
19:42:27.828073 IP vyrazu-35-ThinkCentre-M70t.54540 > 52.184.206.197.https: Flags [P.], seq 97263:100159, ack 141, win 474, options [nop,nop,TS val 2606766823 ecr 1478617537], length 2896
19:42:27.830874 IP 52.184.206.197.https > vyrazu-35-ThinkCentre-M70t.54540: Flags [.], ack 46583, win 2041, options [nop,nop,TS val 1478617538 ecr 2606766598], length 0
19:42:27.830874 IP _gateway.domain > vyrazu-35-ThinkCentre-M70t.44232: 27718 4/0/1 AAAA 2606:50c0:8001::153, AAAA 2606:50c0:8000::153, AAAA 2606:50c0:8003::153, AAAA 2606:50c0:8002::153 (162)
19:42:27.830879 IP _gateway.domain > vyrazu-35-ThinkCentre-M70t.47958: 47769 2/0/1 A 172.64.146.81, A 104.18.41.175 (80)
19:42:27.830991 IP vyrazu-35-ThinkCentre-M70t.54540 > 52.184.206.197.https: Flags [P.], seq 100159:103055, ack 141, win 474, options [nop,nop,TS val 2606766826 ecr 1478617538], length 2896
19:42:27.832864 IP 52.184.206.197.https > vyrazu-35-ThinkCentre-M70t.54540: Flags [.], ack 49479, win 2086, options [nop,nop,TS val 1478617540 ecr 2606766601], length 0
19:42:27.832865 IP 52.184.206.197.https > vyrazu-35-ThinkCentre-M70t.54540: Flags [.], ack 52375, win 2131, options [nop,nop,TS val 1478617540 ecr 2606766601], length 0
19:42:27.832865 IP 52.184.206.197.https > vyrazu-35-ThinkCentre-M70t.54540: Flags [P.], seq 141:176, ack 52375, win 2131, options [nop,nop,TS val 1478617541 ecr 2606766601], length 35
19:42:27.832866 IP 52.184.206.197.https > vyrazu-35-ThinkCentre-M70t.54540: Flags [P.], seq 176:211, ack 52375, win 2131, options [nop,nop,TS val 1478617541 ecr 2606766601], length 35
19:42:27.832902 IP vyrazu-35-ThinkCentre-M70t.54540 > 52.184.206.197.https: Flags [P.], seq 103055:105951, ack 141, win 474, options [nop,nop,TS val 2606766828 ecr 1478617540], length 2896
19:42:27.832926 IP vyrazu-35-ThinkCentre-M70t.54540 > 52.184.206.197.https: Flags [P.], seq 105951:108847, ack 141, win 474, options [nop,nop,TS val 2606766828 ecr 1478617540], length 2896
19:42:27.833113 IP vyrazu-35-ThinkCentre-M70t.54540 > 52.184.206.197.https: Flags [.], ack 211, win 474, options [nop,nop,TS val 2606766828 ecr 1478617541], length 0
19:42:27.833187 IP 52.184.206.197.https > vyrazu-35-ThinkCentre-M70t.54540: Flags [.], ack 55271, win 2176, options [nop,nop,TS val 1478617541 ecr 2606766603], length 0
19:42:27.833187 IP 52.184.206.197.https > vyrazu-35-ThinkCentre-M70t.54540: Flags [.], ack 58167, win 2207, options [nop,nop,TS val 1478617542 ecr 2606766603], length 0
19:42:27.833915 IP vyrazu-35-ThinkCentre-M70t.54540 > 52.184.206.197.https: Flags [P.], seq 108847:111743, ack 211, win 474, options [nop,nop,TS val 2606766829 ecr 1478617542], length 2896
19:42:27.833941 IP vyrazu-35-ThinkCentre-M70t.54540 > 52.184.206.197.https: Flags [P.], seq 111743:114639, ack 211, win 474, options [nop,nop,TS val 2606766829 ecr 1478617542], length 2896
19:42:27.835327 IP 52.184.206.197.https > vyrazu-35-ThinkCentre-M70t.54540: Flags [.], ack 61063, win 2207, options [nop,nop,TS val 1478617543 ecr 2606766604], length 0
19:42:27.835359 IP vyrazu-35-ThinkCentre-M70t.54540 > 52.184.206.197.https: Flags [P.], seq 114639:117535, ack 211, win 474, options [nop,nop,TS val 2606766831 ecr 1478617543], length 2896
19:42:27.835654 IP 52.184.206.197.https > vyrazu-35-ThinkCentre-M70t.54540: Flags [.], ack 63959, win 2207, options [nop,nop,TS val 1478617544 ecr 2606766604], length 0
19:42:27.835654 IP 52.184.206.197.https > vyrazu-35-ThinkCentre-M70t.54540: Flags [.], ack 66855, win 2207, options [nop,nop,TS val 1478617544 ecr 2606766605], length 0
19:42:27.835654 IP 52.184.206.197.https > vyrazu-35-ThinkCentre-M70t.54540: Flags [P.], seq 211:246, ack 66855, win 2207, options [nop,nop,TS val 1478617545 ecr 2606766605], length 35
19:42:27.835654 IP 52.184.206.197.https > vyrazu-35-ThinkCentre-M70t.54540: Flags [P.], seq 246:281, ack 66855, win 2207, options [nop,nop,TS val 1478617545 ecr 2606766605], length 35
19:42:27.835670 IP vyrazu-35-ThinkCentre-M70t.54540 > 52.184.206.197.https: Flags [P.], seq 117535:120431, ack 211, win 474, options [nop,nop,TS val 2606766831 ecr 1478617544], length 2896
19:42:27.835843 IP vyrazu-35-ThinkCentre-M70t.54540 > 52.184.206.197.https: Flags [.], ack 281, win 474, options [nop,nop,TS val 2606766831 ecr 1478617545], length 0
19:42:27.836282 IP vyrazu-35-ThinkCentre-M70t.54540 > 52.184.206.197.https: Flags [P.], seq 120431:123327, ack 281, win 474, options [nop,nop,TS val 2606766832 ecr 1478617545], length 2896
19:42:27.837487 IP 52.184.206.197.https > vyrazu-35-ThinkCentre-M70t.54540: Flags [.], ack 69751, win 2207, options [nop,nop,TS val 1478617545 ecr 2606766605], length 0
19:42:27.837555 IP vyrazu-35-ThinkCentre-M70t.54540 > 52.184.206.197.https: Flags [P.], seq 123327:126223, ack 281, win 474, options [nop,nop,TS val 2606766833 ecr 1478617545], length 2896
19:42:27.837830 IP 52.184.206.197.https > vyrazu-35-ThinkCentre-M70t.54540: Flags [.], ack 72647, win 2207, options [nop,nop,TS val 1478617546 ecr 2606766607], length 0
19:42:27.837830 IP 52.184.206.197.https > vyrazu-35-ThinkCentre-M70t.54540: Flags [.], ack 75543, win 2207, options [nop,nop,TS val 1478617546 ecr 2606766607], length 0
19:42:27.837831 IP 52.184.206.197.https > vyrazu-35-ThinkCentre-M70t.54540: Flags [.], ack 81335, win 2207, options [nop,nop,TS val 1478617546 ecr 2606766608], length 0
19:42:27.837851 IP vyrazu-35-ThinkCentre-M70t.54540 > 52.184.206.197.https: Flags [P.], seq 126223:129119, ack 281, win 474, options [nop,nop,TS val 2606766833 ecr 1478617546], length 2896
19:42:27.838218 IP 52.184.206.197.https > vyrazu-35-ThinkCentre-M70t.54540: Flags [P.], seq 281:316, ack 82783, win 2207, options [nop,nop,TS val 1478617547 ecr 2606766609], length 35
19:42:27.838220 IP 52.184.206.197.https > vyrazu-35-ThinkCentre-M70t.54540: Flags [P.], seq 316:351, ack 82783, win 2207, options [nop,nop,TS val 1478617547 ecr 2606766609], length 35
19:42:27.838890 IP vyrazu-35-ThinkCentre-M70t.54540 > 52.184.206.197.https: Flags [.], ack 351, win 474, options [nop,nop,TS val 2606766834 ecr 1478617547], length 0
19:42:27.838927 IP vyrazu-35-ThinkCentre-M70t.54540 > 52.184.206.197.https: Flags [P.], seq 129119:132015, ack 351, win 474, options [nop,nop,TS val 2606766834 ecr 1478617547], length 2896
19:42:27.838955 IP vyrazu-35-ThinkCentre-M70t.54540 > 52.184.206.197.https: Flags [P.], seq 132015:134911, ack 351, win 474, options [nop,nop,TS val 2606766834 ecr 1478617547], length 2896
19:42:27.839148 IP 52.184.206.197.https > vyrazu-35-ThinkCentre-M70t.54540: Flags [.], ack 88575, win 2207, options [nop,nop,TS val 1478617548 ecr 2606766609], length 0
19:42:27.839997 IP vyrazu-35-ThinkCentre-M70t.54540 > 52.184.206.197.https: Flags [P.], seq 134911:137807, ack 351, win 474, options [nop,nop,TS val 2606766835 ecr 1478617548], length 2896
19:42:27.840025 IP vyrazu-35-ThinkCentre-M70t.54540 > 52.184.206.197.https: Flags [P.], seq 137807:140703, ack 351, win 474, options [nop,nop,TS val 2606766835 ecr 1478617548], length 2896
19:42:27.840294 IP 52.184.206.197.https > vyrazu-35-ThinkCentre-M70t.54540: Flags [.], ack 91471, win 2207, options [nop,nop,TS val 1478617549 ecr 2606766609], length 0
19:42:27.840295 IP 52.184.206.197.https > vyrazu-35-ThinkCentre-M70t.54540: Flags [P.], seq 351:386, ack 92919, win 2207, options [nop,nop,TS val 1478617549 ecr 2606766610], length 35
19:42:27.841318 IP vyrazu-35-ThinkCentre-M70t.54540 > 52.184.206.197.https: Flags [P.], seq 140703:143599, ack 386, win 474, options [nop,nop,TS val 2606766837 ecr 1478617549], length 2896
19:42:27.841392 IP vyrazu-35-ThinkCentre-M70t.54540 > 52.184.206.197.https: Flags [P.], seq 143599:146495, ack 386, win 474, options [nop,nop,TS val 2606766837 ecr 1478617549], length 2896
19:42:27.841578 IP 52.184.206.197.https > vyrazu-35-ThinkCentre-M70t.54540: Flags [P.], seq 386:447, ack 92919, win 2207, options [nop,nop,TS val 1478617550 ecr 2606766610], length 61
19:42:27.842255 IP vyrazu-35-ThinkCentre-M70t.54540 > 52.184.206.197.https: Flags [P.], seq 146495:149391, ack 447, win 474, options [nop,nop,TS val 2606766838 ecr 1478617550], length 2896
19:42:27.849417 IP 104.18.17.5.https > vyrazu-35-ThinkCentre-M70t.57068: Flags [.], ack 2988, win 16, options [nop,nop,TS val 3022508041 ecr 1110442683], length 0
19:42:27.849419 IP 104.18.17.5.https > vyrazu-35-ThinkCentre-M70t.57068: Flags [.], ack 4174, win 16, options [nop,nop,TS val 3022508041 ecr 1110442683], length 0
19:42:27.850282 IP vyrazu-35-ThinkCentre-M70t.54482 > ec2-3-6-115-182.ap-south-1.compute.amazonaws.com.http: Flags [.], ack 1, win 501, options [nop,nop,TS val 4239963914 ecr 35768838], length 0
19:42:27.853597 IP 104.18.17.5.https > vyrazu-35-ThinkCentre-M70t.57068: Flags [P.], seq 8079:8250, ack 4174, win 16, options [nop,nop,TS val 3022508045 ecr 1110442683], length 171
19:42:27.853684 IP vyrazu-35-ThinkCentre-M70t.57068 > 104.18.17.5.https: Flags [.], ack 8250, win 442, options [nop,nop,TS val 1110442724 ecr 3022508045], length 0
19:42:27.862311 IP _gateway.domain > vyrazu-35-ThinkCentre-M70t.34787: 12987 1/0/5 HTTPS (210)
19:42:27.864008 IP _gateway.domain > vyrazu-35-ThinkCentre-M70t.42833: 38597 1/1/1 CNAME rawgitcdn.b-cdn.net. (139)
19:42:27.864381 IP vyrazu-35-ThinkCentre-M70t.46667 > _gateway.domain: 63348+ [1au] AAAA? rawgitcdn.b-cdn.net. (48)
19:42:27.865094 IP _gateway.domain > vyrazu-35-ThinkCentre-M70t.59961: 26599 1/0/1 PTR server-3-164-36-14.ccu50.r.cloudfront.net. (108)
19:42:27.865534 IP _gateway.domain > vyrazu-35-ThinkCentre-M70t.47413: 46635 2/0/1 AAAA 2606:4700:4400::ac40:9251, AAAA 2606:4700:4400::6812:29af (104)
19:42:27.866142 IP vyrazu-35-ThinkCentre-M70t.36538 > _gateway.domain: 43775+ [1au] PTR? 181.32.239.216.in-addr.arpa. (56)
19:42:27.866751 IP _gateway.domain > vyrazu-35-ThinkCentre-M70t.40026: 45163 2/0/1 CNAME rawgitcdn.b-cdn.net., A 103.180.115.7 (92)
19:42:27.868082 IP _gateway.domain > vyrazu-35-ThinkCentre-M70t.42638: 21549 2/0/1 CNAME rawgitcdn.b-cdn.net., HTTPS (115)
19:42:27.871986 IP _gateway.domain > vyrazu-35-ThinkCentre-M70t.46667: 63348 0/1/1 (111)
19:42:27.873841 IP 52.184.206.197.https > vyrazu-35-ThinkCentre-M70t.54540: Flags [.], ack 95815, win 2207, options [nop,nop,TS val 1478617583 ecr 2606766644], length 0
19:42:27.873977 IP vyrazu-35-ThinkCentre-M70t.54540 > 52.184.206.197.https: Flags [P.], seq 149391:152287, ack 447, win 474, options [nop,nop,TS val 2606766869 ecr 1478617583], length 2896
19:42:27.887248 IP 104.18.16.5.https > vyrazu-35-ThinkCentre-M70t.54842: Flags [.], ack 3276, win 17, options [nop,nop,TS val 2980863726 ecr 4177542339], length 0
19:42:27.890335 IP ec2-3-6-115-182.ap-south-1.compute.amazonaws.com.http > vyrazu-35-ThinkCentre-M70t.54482: Flags [.], ack 1, win 1769, options [nop,nop,TS val 35769892 ecr 4239957559], length 0
19:42:27.910805 IP _gateway.domain > vyrazu-35-ThinkCentre-M70t.36538: 43775 ServFail 0/1/1 (116)
19:42:27.911035 IP vyrazu-35-ThinkCentre-M70t.36538 > _gateway.domain: 43775+ [1au] PTR? 181.32.239.216.in-addr.arpa. (56)
19:42:27.918024 IP 52.184.206.197.https > vyrazu-35-ThinkCentre-M70t.54540: Flags [.], ack 97263, win 2207, options [nop,nop,TS val 1478617628 ecr 2606766645], length 0
19:42:27.918065 IP vyrazu-35-ThinkCentre-M70t.54540 > 52.184.206.197.https: Flags [P.], seq 152287:155183, ack 447, win 474, options [nop,nop,TS val 2606766913 ecr 1478617628], length 2896
19:42:27.918603 IP vyrazu-35-ThinkCentre-M70t.54540 > 52.184.206.197.https: Flags [.], seq 155183:156631, ack 447, win 474, options [nop,nop,TS val 2606766914 ecr 1478617628], length 1448
19:42:27.951492 IP _gateway.domain > vyrazu-35-ThinkCentre-M70t.36538: 43775 ServFail 0/1/1 (116)
19:42:27.951813 IP vyrazu-35-ThinkCentre-M70t.36538 > _gateway.domain: 43775+ PTR? 181.32.239.216.in-addr.arpa. (45)
19:42:27.991119 IP 104.21.74.54.https > vyrazu-35-ThinkCentre-M70t.45056: UDP, length 26
19:42:27.992739 IP _gateway.domain > vyrazu-35-ThinkCentre-M70t.36538: 43775 ServFail 0/1/0 (105)
19:42:27.993218 IP vyrazu-35-ThinkCentre-M70t.43877 > _gateway.domain: 6945+ [1au] PTR? 181.32.239.216.in-addr.arpa. (56)
19:42:28.035617 IP _gateway.domain > vyrazu-35-ThinkCentre-M70t.43877: 6945 ServFail 0/1/1 (116)
19:42:28.035695 IP vyrazu-35-ThinkCentre-M70t.43877 > _gateway.domain: 6945+ [1au] PTR? 181.32.239.216.in-addr.arpa. (56)
19:42:28.053517 IP 52.184.206.197.https > vyrazu-35-ThinkCentre-M70t.54540: Flags [.], ack 100159, win 2199, options [nop,nop,TS val 1478617763 ecr 2606766823], length 0
19:42:28.053558 IP vyrazu-35-ThinkCentre-M70t.54540 > 52.184.206.197.https: Flags [P.], seq 156631:159527, ack 447, win 474, options [nop,nop,TS val 2606767049 ecr 1478617763], length 2896
19:42:28.056061 IP 52.184.206.197.https > vyrazu-35-ThinkCentre-M70t.54540: Flags [.], ack 103055, win 2199, options [nop,nop,TS val 1478617766 ecr 2606766826], length 0
19:42:28.056205 IP vyrazu-35-ThinkCentre-M70t.54540 > 52.184.206.197.https: Flags [P.], seq 159527:162423, ack 447, win 474, options [nop,nop,TS val 2606767051 ecr 1478617766], length 2896
19:42:28.058160 IP 52.184.206.197.https > vyrazu-35-ThinkCentre-M70t.54540: Flags [.], ack 104503, win 2207, options [nop,nop,TS val 1478617768 ecr 2606766828], length 0
19:42:28.058164 IP 52.184.206.197.https > vyrazu-35-ThinkCentre-M70t.54540: Flags [.], ack 108847, win 2207, options [nop,nop,TS val 1478617768 ecr 2606766828], length 0
19:42:28.058300 IP vyrazu-35-ThinkCentre-M70t.54540 > 52.184.206.197.https: Flags [.], seq 162423:163871, ack 447, win 474, options [nop,nop,TS val 2606767054 ecr 1478617768], length 1448
19:42:28.058374 IP vyrazu-35-ThinkCentre-M70t.54540 > 52.184.206.197.https: Flags [P.], seq 163871:166767, ack 447, win 474, options [nop,nop,TS val 2606767054 ecr 1478617768], length 2896
19:42:28.059085 ARP, Request who-has vyrazu-35-ThinkCentre-M70t tell _gateway, length 28
19:42:28.059093 ARP, Reply vyrazu-35-ThinkCentre-M70t is-at 7c:70:db:c0:8f:37 (oui Unknown), length 28
19:42:28.061255 IP 52.184.206.197.https > vyrazu-35-ThinkCentre-M70t.54540: Flags [.], ack 111743, win 2207, options [nop,nop,TS val 1478617769 ecr 2606766829], length 0
19:42:28.061255 IP 52.184.206.197.https > vyrazu-35-ThinkCentre-M70t.54540: Flags [P.], seq 447:482, ack 111743, win 2207, options [nop,nop,TS val 1478617769 ecr 2606766829], length 35
19:42:28.061255 IP 52.184.206.197.https > vyrazu-35-ThinkCentre-M70t.54540: Flags [P.], seq 482:517, ack 111743, win 2207, options [nop,nop,TS val 1478617769 ecr 2606766829], length 35
19:42:28.061281 IP vyrazu-35-ThinkCentre-M70t.54540 > 52.184.206.197.https: Flags [P.], seq 166767:169663, ack 447, win 474, options [nop,nop,TS val 2606767057 ecr 1478617769], length 2896
19:42:28.061409 IP vyrazu-35-ThinkCentre-M70t.54540 > 52.184.206.197.https: Flags [.], ack 517, win 474, options [nop,nop,TS val 2606767057 ecr 1478617769], length 0
19:42:28.061786 IP 52.184.206.197.https > vyrazu-35-ThinkCentre-M70t.54540: Flags [.], ack 114639, win 2199, options [nop,nop,TS val 1478617770 ecr 2606766829], length 0
19:42:28.061786 IP 52.184.206.197.https > vyrazu-35-ThinkCentre-M70t.54540: Flags [.], ack 117535, win 2207, options [nop,nop,TS val 1478617770 ecr 2606766831], length 0
19:42:28.061786 IP 52.184.206.197.https > vyrazu-35-ThinkCentre-M70t.54540: Flags [.], ack 120431, win 2207, options [nop,nop,TS val 1478617770 ecr 2606766831], length 0
19:42:28.061786 IP 52.184.206.197.https > vyrazu-35-ThinkCentre-M70t.54540: Flags [.], ack 123327, win 2207, options [nop,nop,TS val 1478617770 ecr 2606766832], length 0
19:42:28.061802 IP vyrazu-35-ThinkCentre-M70t.54540 > 52.184.206.197.https: Flags [P.], seq 169663:172559, ack 517, win 474, options [nop,nop,TS val 2606767057 ecr 1478617770], length 2896
19:42:28.062441 IP vyrazu-35-ThinkCentre-M70t.54540 > 52.184.206.197.https: Flags [P.], seq 172559:175455, ack 517, win 474, options [nop,nop,TS val 2606767058 ecr 1478617770], length 2896
19:42:28.064025 IP 52.184.206.197.https > vyrazu-35-ThinkCentre-M70t.54540: Flags [.], ack 126223, win 2207, options [nop,nop,TS val 1478617772 ecr 2606766833], length 0
19:42:28.064025 IP 52.184.206.197.https > vyrazu-35-ThinkCentre-M70t.54540: Flags [.], ack 129119, win 2207, options [nop,nop,TS val 1478617772 ecr 2606766833], length 0
19:42:28.064025 IP 52.184.206.197.https > vyrazu-35-ThinkCentre-M70t.54540: Flags [P.], seq 517:552, ack 129119, win 2207, options [nop,nop,TS val 1478617773 ecr 2606766833], length 35
19:42:28.064026 IP 52.184.206.197.https > vyrazu-35-ThinkCentre-M70t.54540: Flags [P.], seq 552:587, ack 129119, win 2207, options [nop,nop,TS val 1478617773 ecr 2606766833], length 35
19:42:28.064120 IP vyrazu-35-ThinkCentre-M70t.54540 > 52.184.206.197.https: Flags [.], ack 587, win 474, options [nop,nop,TS val 2606767059 ecr 1478617773], length 0
19:42:28.064751 IP vyrazu-35-ThinkCentre-M70t.54540 > 52.184.206.197.https: Flags [P.], seq 175455:178351, ack 587, win 474, options [nop,nop,TS val 2606767060 ecr 1478617773], length 2896
19:42:28.065209 IP 52.184.206.197.https > vyrazu-35-ThinkCentre-M70t.54540: Flags [.], ack 132015, win 2207, options [nop,nop,TS val 1478617773 ecr 2606766834], length 0
19:42:28.065782 IP 52.184.206.197.https > vyrazu-35-ThinkCentre-M70t.54540: Flags [.], ack 134911, win 2207, options [nop,nop,TS val 1478617774 ecr 2606766834], length 0
19:42:28.065784 IP 52.184.206.197.https > vyrazu-35-ThinkCentre-M70t.54540: Flags [.], ack 140703, win 2207, options [nop,nop,TS val 1478617774 ecr 2606766835], length 0
19:42:28.066185 IP 52.184.206.197.https > vyrazu-35-ThinkCentre-M70t.54540: Flags [.], ack 143599, win 2207, options [nop,nop,TS val 1478617775 ecr 2606766837], length 0
19:42:28.066185 IP 52.184.206.197.https > vyrazu-35-ThinkCentre-M70t.54540: Flags [.], ack 146495, win 2207, options [nop,nop,TS val 1478617775 ecr 2606766837], length 0
19:42:28.066185 IP 52.184.206.197.https > vyrazu-35-ThinkCentre-M70t.54540: Flags [P.], seq 587:622, ack 146495, win 2207, options [nop,nop,TS val 1478617775 ecr 2606766837], length 35
19:42:28.066186 IP 52.184.206.197.https > vyrazu-35-ThinkCentre-M70t.54540: Flags [P.], seq 622:657, ack 146495, win 2207, options [nop,nop,TS val 1478617775 ecr 2606766837], length 35
19:42:28.066260 IP vyrazu-35-ThinkCentre-M70t.54540 > 52.184.206.197.https: Flags [.], ack 657, win 474, options [nop,nop,TS val 2606767062 ecr 1478617775], length 0
19:42:28.066706 IP 52.184.206.197.https > vyrazu-35-ThinkCentre-M70t.54540: Flags [.], ack 149391, win 2207, options [nop,nop,TS val 1478617776 ecr 2606766838], length 0
19:42:28.067501 IP vyrazu-35-ThinkCentre-M70t.54540 > 52.184.206.197.https: Flags [P.], seq 178351:181247, ack 657, win 474, options [nop,nop,TS val 2606767063 ecr 1478617776], length 2896
19:42:28.067510 IP vyrazu-35-ThinkCentre-M70t.54540 > 52.184.206.197.https: Flags [P.], seq 181247:184143, ack 657, win 474, options [nop,nop,TS val 2606767063 ecr 1478617776], length 2896
19:42:28.068229 IP vyrazu-35-ThinkCentre-M70t.41786 > ec2-3-6-30-85.ap-south-1.compute.amazonaws.com.http: Flags [.], ack 1, win 501, options [nop,nop,TS val 3268742447 ecr 1456136037], length 0
19:42:28.068744 IP vyrazu-35-ThinkCentre-M70t.54540 > 52.184.206.197.https: Flags [P.], seq 184143:187039, ack 657, win 474, options [nop,nop,TS val 2606767064 ecr 1478617776], length 2896
19:42:28.068757 IP vyrazu-35-ThinkCentre-M70t.54540 > 52.184.206.197.https: Flags [P.], seq 187039:189935, ack 657, win 474, options [nop,nop,TS val 2606767064 ecr 1478617776], length 2896
19:42:28.069541 IP vyrazu-35-ThinkCentre-M70t.54540 > 52.184.206.197.https: Flags [P.], seq 189935:191214, ack 657, win 474, options [nop,nop,TS val 2606767065 ecr 1478617776], length 1279
19:42:28.074450 IP _gateway.domain > vyrazu-35-ThinkCentre-M70t.43877: 6945 ServFail 0/1/1 (116)
19:42:28.074519 IP vyrazu-35-ThinkCentre-M70t.43877 > _gateway.domain: 6945+ PTR? 181.32.239.216.in-addr.arpa. (45)
19:42:28.082306 IP ec2-52-45-86-192.compute-1.amazonaws.com.https > vyrazu-35-ThinkCentre-M70t.44038: Flags [.], ack 3621, win 209, options [nop,nop,TS val 3905447559 ecr 1142486625], length 0
19:42:28.093192 IP 104.18.16.5.https > vyrazu-35-ThinkCentre-M70t.54842: Flags [P.], seq 4564:4590, ack 3276, win 17, options [nop,nop,TS val 2980863931 ecr 4177542339], length 26
19:42:28.095761 IP 104.18.16.5.https > vyrazu-35-ThinkCentre-M70t.54842: Flags [F.], seq 4614, ack 3276, win 17, options [nop,nop,TS val 2980863934 ecr 4177542339], length 0
19:42:28.095789 IP vyrazu-35-ThinkCentre-M70t.54842 > 104.18.16.5.https: Flags [.], ack 4590, win 468, options [nop,nop,TS val 4177542625 ecr 2980863931,nop,nop,sack 1 {4614:4615}], length 0
19:42:28.096050 IP 104.18.16.5.https > vyrazu-35-ThinkCentre-M70t.54842: Flags [P.], seq 4590:4614, ack 3276, win 17, options [nop,nop,TS val 2980863934 ecr 4177542339], length 24
19:42:28.096061 IP vyrazu-35-ThinkCentre-M70t.54842 > 104.18.16.5.https: Flags [.], ack 4615, win 468, options [nop,nop,TS val 4177542625 ecr 2980863934], length 0
19:42:28.096216 IP vyrazu-35-ThinkCentre-M70t.54842 > 104.18.16.5.https: Flags [P.], seq 3276:3300, ack 4615, win 468, options [nop,nop,TS val 4177542626 ecr 2980863934], length 24
19:42:28.096230 IP vyrazu-35-ThinkCentre-M70t.54842 > 104.18.16.5.https: Flags [F.], seq 3300, ack 4615, win 468, options [nop,nop,TS val 4177542626 ecr 2980863934], length 0
19:42:28.098856 IP 52.184.206.197.https > vyrazu-35-ThinkCentre-M70t.54540: Flags [.], ack 152287, win 2207, options [nop,nop,TS val 1478617808 ecr 2606766869], length 0
19:42:28.101457 IP ec2-3-6-30-85.ap-south-1.compute.amazonaws.com.http > vyrazu-35-ThinkCentre-M70t.41786: Flags [.], ack 1, win 2098, options [nop,nop,TS val 1456137071 ecr 3268739226], length 0
19:42:28.115470 IP _gateway.domain > vyrazu-35-ThinkCentre-M70t.43877: 6945 ServFail 0/1/0 (105)
19:42:28.117184 IP vyrazu-35-ThinkCentre-M70t.42000 > _gateway.domain: 28732+ [1au] PTR? 141.108.2.75.in-addr.arpa. (54)
19:42:28.125187 IP vyrazu-35-ThinkCentre-M70t.60774 > ec2-3-6-30-85.ap-south-1.compute.amazonaws.com.http: Flags [.], ack 1, win 501, options [nop,nop,TS val 3268742504 ecr 1456136094], length 0
19:42:28.132725 IP 104.18.16.5.https > vyrazu-35-ThinkCentre-M70t.54842: Flags [.], ack 3300, win 17, options [nop,nop,TS val 2980863971 ecr 4177542626], length 0
19:42:28.133041 IP 104.18.16.5.https > vyrazu-35-ThinkCentre-M70t.54842: Flags [.], ack 3301, win 17, options [nop,nop,TS val 2980863971 ecr 4177542626], length 0
19:42:28.142868 IP 52.184.206.197.https > vyrazu-35-ThinkCentre-M70t.54540: Flags [.], ack 155183, win 2207, options [nop,nop,TS val 1478617852 ecr 2606766913], length 0
19:42:28.157764 IP ec2-3-6-30-85.ap-south-1.compute.amazonaws.com.http > vyrazu-35-ThinkCentre-M70t.60774: Flags [.], ack 1, win 2168, options [nop,nop,TS val 1456137127 ecr 3268732815], length 0
19:42:28.161066 IP _gateway.domain > vyrazu-35-ThinkCentre-M70t.42000: 28732 1/0/1 PTR afe865822f884bb48.awsglobalaccelerator.com. (110)
19:42:28.162046 IP vyrazu-35-ThinkCentre-M70t.46617 > _gateway.domain: 39390+ [1au] PTR? 100.209.207.4.in-addr.arpa. (55)
19:42:28.186025 IP 52.184.206.197.https > vyrazu-35-ThinkCentre-M70t.54540: Flags [.], ack 156631, win 2207, options [nop,nop,TS val 1478617896 ecr 2606766914], length 0
19:42:28.199309 IP vyrazu-35-ThinkCentre-M70t.53220 > ec2-3-6-115-182.ap-south-1.compute.amazonaws.com.http: Flags [.], ack 1, win 501, options [nop,nop,TS val 4239964263 ecr 35769200], length 0
19:42:28.211196 IP _gateway.domain > vyrazu-35-ThinkCentre-M70t.46617: 39390 ServFail 0/1/1 (144)
19:42:28.211387 IP vyrazu-35-ThinkCentre-M70t.46617 > _gateway.domain: 39390+ [1au] PTR? 100.209.207.4.in-addr.arpa. (55)
19:42:28.231563 IP ec2-3-6-115-182.ap-south-1.compute.amazonaws.com.http > vyrazu-35-ThinkCentre-M70t.53220: Flags [.], ack 1, win 2239, options [nop,nop,TS val 35770233 ecr 4239960759], length 0
19:42:28.234182 IP vyrazu-35-ThinkCentre-M70t.57250 > ec2-3-6-115-182.ap-south-1.compute.amazonaws.com.http: Flags [.], ack 1, win 501, options [nop,nop,TS val 4239964298 ecr 35769217], length 0
19:42:28.252917 IP vyrazu-35-ThinkCentre-M70t.56110 > _gateway.domain: 46115+ [1au] AAAA? o209747.ingest.us.sentry.io. (56)
19:42:28.253895 IP vyrazu-35-ThinkCentre-M70t.46459 > 249.195.120.34.bc.googleusercontent.com.https: UDP, length 1252
19:42:28.253917 IP vyrazu-35-ThinkCentre-M70t.46459 > 249.195.120.34.bc.googleusercontent.com.https: UDP, length 1252
19:42:28.256322 IP _gateway.domain > vyrazu-35-ThinkCentre-M70t.46617: 39390 ServFail 0/1/1 (141)
19:42:28.256475 IP vyrazu-35-ThinkCentre-M70t.46617 > _gateway.domain: 39390+ PTR? 100.209.207.4.in-addr.arpa. (44)
19:42:28.258923 IP _gateway.domain > vyrazu-35-ThinkCentre-M70t.56110: 46115 0/1/1 (161)
19:42:28.268672 IP ec2-3-6-115-182.ap-south-1.compute.amazonaws.com.http > vyrazu-35-ThinkCentre-M70t.57250: Flags [.], ack 1, win 3646, options [nop,nop,TS val 35770270 ecr 4239955009], length 0
19:42:28.279232 IP 52.184.206.197.https > vyrazu-35-ThinkCentre-M70t.54540: Flags [.], ack 159527, win 2207, options [nop,nop,TS val 1478617989 ecr 2606767049], length 0
19:42:28.279233 IP 52.184.206.197.https > vyrazu-35-ThinkCentre-M70t.54540: Flags [P.], seq 657:692, ack 159527, win 2207, options [nop,nop,TS val 1478617989 ecr 2606767049], length 35
19:42:28.279233 IP 52.184.206.197.https > vyrazu-35-ThinkCentre-M70t.54540: Flags [P.], seq 692:727, ack 159527, win 2207, options [nop,nop,TS val 1478617989 ecr 2606767049], length 35
19:42:28.280041 IP vyrazu-35-ThinkCentre-M70t.54540 > 52.184.206.197.https: Flags [.], ack 727, win 474, options [nop,nop,TS val 2606767275 ecr 1478617989], length 0
19:42:28.280906 IP 52.184.206.197.https > vyrazu-35-ThinkCentre-M70t.54540: Flags [.], ack 162423, win 2207, options [nop,nop,TS val 1478617991 ecr 2606767051], length 0
19:42:28.284093 ARP, Request who-has 192.168.1.57 tell _gateway, length 28
19:42:28.285149 IP 52.184.206.197.https > vyrazu-35-ThinkCentre-M70t.54540: Flags [.], ack 165319, win 2207, options [nop,nop,TS val 1478617994 ecr 2606767054], length 0
19:42:28.286824 IP 52.184.206.197.https > vyrazu-35-ThinkCentre-M70t.54540: Flags [.], ack 168215, win 2207, options [nop,nop,TS val 1478617996 ecr 2606767054], length 0
19:42:28.290856 IP 249.195.120.34.bc.googleusercontent.com.https > vyrazu-35-ThinkCentre-M70t.46459: UDP, length 43
19:42:28.292018 IP 249.195.120.34.bc.googleusercontent.com.https > vyrazu-35-ThinkCentre-M70t.46459: UDP, length 1252
19:42:28.292466 IP 52.184.206.197.https > vyrazu-35-ThinkCentre-M70t.54540: Flags [.], ack 171111, win 2207, options [nop,nop,TS val 1478618001 ecr 2606767057], length 0
19:42:28.292914 IP 52.184.206.197.https > vyrazu-35-ThinkCentre-M70t.54540: Flags [.], ack 174007, win 2207, options [nop,nop,TS val 1478618002 ecr 2606767057], length 0
19:42:28.293427 IP 249.195.120.34.bc.googleusercontent.com.https > vyrazu-35-ThinkCentre-M70t.46459: UDP, length 1252
19:42:28.294077 IP vyrazu-35-ThinkCentre-M70t.46459 > 249.195.120.34.bc.googleusercontent.com.https: UDP, length 42
19:42:28.296191 IP 249.195.120.34.bc.googleusercontent.com.https > vyrazu-35-ThinkCentre-M70t.46459: UDP, length 1252
19:42:28.296190 IP 52.184.206.197.https > vyrazu-35-ThinkCentre-M70t.54540: Flags [.], ack 176903, win 2207, options [nop,nop,TS val 1478618003 ecr 2606767058], length 0
19:42:28.296191 IP 52.184.206.197.https > vyrazu-35-ThinkCentre-M70t.54540: Flags [P.], seq 727:762, ack 176903, win 2207, options [nop,nop,TS val 1478618003 ecr 2606767058], length 35
19:42:28.296192 IP 52.184.206.197.https > vyrazu-35-ThinkCentre-M70t.54540: Flags [P.], seq 762:797, ack 176903, win 2207, options [nop,nop,TS val 1478618003 ecr 2606767058], length 35
19:42:28.296192 IP 52.184.206.197.https > vyrazu-35-ThinkCentre-M70t.54540: Flags [.], ack 187039, win 2207, options [nop,nop,TS val 1478618003 ecr 2606767060], length 0
19:42:28.296458 IP vyrazu-35-ThinkCentre-M70t.54540 > 52.184.206.197.https: Flags [.], ack 797, win 474, options [nop,nop,TS val 2606767292 ecr 1478618003], length 0
19:42:28.296570 IP vyrazu-35-ThinkCentre-M70t.46459 > 249.195.120.34.bc.googleusercontent.com.https: UDP, length 42
19:42:28.297516 IP 52.184.206.197.https > vyrazu-35-ThinkCentre-M70t.54540: Flags [P.], seq 797:832, ack 187039, win 2207, options [nop,nop,TS val 1478618003 ecr 2606767060], length 35
19:42:28.297517 IP 52.184.206.197.https > vyrazu-35-ThinkCentre-M70t.54540: Flags [P.], seq 832:893, ack 187039, win 2207, options [nop,nop,TS val 1478618004 ecr 2606767060], length 61
19:42:28.297520 IP 52.184.206.197.https > vyrazu-35-ThinkCentre-M70t.54540: Flags [.], ack 189935, win 2207, options [nop,nop,TS val 1478618004 ecr 2606767064], length 0
19:42:28.297520 IP 52.184.206.197.https > vyrazu-35-ThinkCentre-M70t.54540: Flags [P.], seq 893:928, ack 191214, win 2207, options [nop,nop,TS val 1478618004 ecr 2606767065], length 35
19:42:28.297520 IP 52.184.206.197.https > vyrazu-35-ThinkCentre-M70t.54540: Flags [P.], seq 928:963, ack 191214, win 2207, options [nop,nop,TS val 1478618004 ecr 2606767065], length 35
19:42:28.297523 IP 249.195.120.34.bc.googleusercontent.com.https > vyrazu-35-ThinkCentre-M70t.46459: UDP, length 1252
19:42:28.297524 IP 249.195.120.34.bc.googleusercontent.com.https > vyrazu-35-ThinkCentre-M70t.46459: UDP, length 140
19:42:28.297781 IP vyrazu-35-ThinkCentre-M70t.54540 > 52.184.206.197.https: Flags [.], ack 963, win 473, options [nop,nop,TS val 2606767293 ecr 1478618003], length 0
19:42:28.297919 IP _gateway.domain > vyrazu-35-ThinkCentre-M70t.46617: 39390 ServFail 0/1/0 (130)
19:42:28.299000 IP vyrazu-35-ThinkCentre-M70t.56292 > _gateway.domain: 30885+ [1au] PTR? 100.209.207.4.in-addr.arpa. (55)
19:42:28.299232 IP vyrazu-35-ThinkCentre-M70t.46459 > 249.195.120.34.bc.googleusercontent.com.https: UDP, length 42
19:42:28.300781 IP vyrazu-35-ThinkCentre-M70t.46459 > 249.195.120.34.bc.googleusercontent.com.https: UDP, length 131
19:42:28.300805 IP vyrazu-35-ThinkCentre-M70t.46459 > 249.195.120.34.bc.googleusercontent.com.https: UDP, length 66
19:42:28.302415 IP vyrazu-35-ThinkCentre-M70t.46459 > 249.195.120.34.bc.googleusercontent.com.https: UDP, length 861
19:42:28.338081 IP 249.195.120.34.bc.googleusercontent.com.https > vyrazu-35-ThinkCentre-M70t.46459: UDP, length 571
19:42:28.338414 IP 249.195.120.34.bc.googleusercontent.com.https > vyrazu-35-ThinkCentre-M70t.46459: UDP, length 124
19:42:28.338415 IP 249.195.120.34.bc.googleusercontent.com.https > vyrazu-35-ThinkCentre-M70t.46459: UDP, length 26
19:42:28.339064 IP vyrazu-35-ThinkCentre-M70t.46459 > 249.195.120.34.bc.googleusercontent.com.https: UDP, length 31
19:42:28.344663 IP _gateway.domain > vyrazu-35-ThinkCentre-M70t.56292: 30885 ServFail 0/1/1 (141)
19:42:28.344761 IP vyrazu-35-ThinkCentre-M70t.56292 > _gateway.domain: 30885+ [1au] PTR? 100.209.207.4.in-addr.arpa. (55)
19:42:28.362234 IP vyrazu-35-ThinkCentre-M70t.34916 > ec2-3-6-30-85.ap-south-1.compute.amazonaws.com.http: Flags [.], ack 1, win 501, options [nop,nop,TS val 3268742741 ecr 1456136304], length 0
19:42:28.364620 IP 249.195.120.34.bc.googleusercontent.com.https > vyrazu-35-ThinkCentre-M70t.46459: UDP, length 31
19:42:28.374197 IP vyrazu-35-ThinkCentre-M70t.57330 > ec2-3-6-98-232.ap-south-1.compute.amazonaws.com.http: Flags [.], ack 1, win 501, options [nop,nop,TS val 4263184623 ecr 3143439846], length 0
19:42:28.375199 IP vyrazu-35-ThinkCentre-M70t.53798 > ec2-3-6-115-64.ap-south-1.compute.amazonaws.com.http: Flags [.], ack 1, win 501, options [nop,nop,TS val 3327832602 ecr 2970396844], length 0
19:42:28.375221 IP vyrazu-35-ThinkCentre-M70t.38390 > ec2-3-6-115-64.ap-south-1.compute.amazonaws.com.http: Flags [.], ack 1, win 501, options [nop,nop,TS val 3327832602 ecr 2970396844], length 0
19:42:28.384338 IP vyrazu-35-ThinkCentre-M70t.46459 > 249.195.120.34.bc.googleusercontent.com.https: UDP, length 32
19:42:28.385623 IP _gateway.domain > vyrazu-35-ThinkCentre-M70t.56292: 30885 ServFail 0/1/1 (141)
19:42:28.385937 IP vyrazu-35-ThinkCentre-M70t.56292 > _gateway.domain: 30885+ PTR? 100.209.207.4.in-addr.arpa. (44)
19:42:28.394177 IP ec2-3-6-30-85.ap-south-1.compute.amazonaws.com.http > vyrazu-35-ThinkCentre-M70t.34916: Flags [.], ack 1, win 442, options [nop,nop,TS val 1456137364 ecr 3268730896], length 0
19:42:28.397238 IP vyrazu-35-ThinkCentre-M70t.59792 > ec2-3-6-122-107.ap-south-1.compute.amazonaws.com.http: Flags [.], ack 1, win 501, options [nop,nop,TS val 215701593 ecr 1118651188], length 0
19:42:28.402282 IP 249.195.120.34.bc.googleusercontent.com.https > vyrazu-35-ThinkCentre-M70t.46459: UDP, length 289
19:42:28.402735 IP vyrazu-35-ThinkCentre-M70t.46459 > 249.195.120.34.bc.googleusercontent.com.https: UDP, length 31
19:42:28.406226 IP ec2-3-6-98-232.ap-south-1.compute.amazonaws.com.http > vyrazu-35-ThinkCentre-M70t.57330: Flags [.], ack 1, win 442, options [nop,nop,TS val 3143440879 ecr 4263177914], length 0
19:42:28.408738 IP ec2-3-6-115-64.ap-south-1.compute.amazonaws.com.http > vyrazu-35-ThinkCentre-M70t.38390: Flags [.], ack 1, win 2383, options [nop,nop,TS val 2970397879 ecr 3327819257], length 0
19:42:28.408763 IP ec2-3-6-115-64.ap-south-1.compute.amazonaws.com.http > vyrazu-35-ThinkCentre-M70t.53798: Flags [.], ack 1, win 1704, options [nop,nop,TS val 2970397879 ecr 3327825648], length 0
19:42:28.422858 IP vyrazu-35-ThinkCentre-M70t.46459 > 249.195.120.34.bc.googleusercontent.com.https: UDP, length 32
19:42:28.426310 IP vyrazu-35-ThinkCentre-M70t.58080 > 52.123.164.85.https: Flags [.], ack 1518800875, win 451, options [nop,nop,TS val 3625021048 ecr 1005631526], length 0
19:42:28.428533 IP _gateway.domain > vyrazu-35-ThinkCentre-M70t.56292: 30885 ServFail 0/1/0 (130)
19:42:28.429158 IP vyrazu-35-ThinkCentre-M70t.51018 > _gateway.domain: 10103+ [1au] PTR? 144.76.57.23.in-addr.arpa. (54)
19:42:28.431722 IP ec2-3-6-122-107.ap-south-1.compute.amazonaws.com.http > vyrazu-35-ThinkCentre-M70t.59792: Flags [.], ack 1, win 448, options [nop,nop,TS val 1118652223 ecr 215697343], length 0
19:42:28.464674 IP 249.195.120.34.bc.googleusercontent.com.https > vyrazu-35-ThinkCentre-M70t.46459: UDP, length 27
19:42:28.464953 IP 52.123.164.85.https > vyrazu-35-ThinkCentre-M70t.58080: Flags [.], ack 1, win 16387, options [nop,nop,TS val 1005676925 ecr 3624975686], length 0
19:42:28.472275 IP _gateway.domain > vyrazu-35-ThinkCentre-M70t.51018: 10103 1/0/1 PTR a23-57-76-144.deploy.static.akamaitechnologies.com. (118)
19:42:28.473422 IP vyrazu-35-ThinkCentre-M70t.38995 > _gateway.domain: 5566+ [1au] PTR? 101.185.15.16.in-addr.arpa. (55)
19:42:28.550268 IP _gateway.domain > vyrazu-35-ThinkCentre-M70t.38995: 5566 ServFail 0/1/1 (155)
19:42:28.550384 IP vyrazu-35-ThinkCentre-M70t.38995 > _gateway.domain: 5566+ [1au] PTR? 101.185.15.16.in-addr.arpa. (55)
19:42:28.599782 IP 104.21.74.54.https > vyrazu-35-ThinkCentre-M70t.45056: UDP, length 1200
19:42:28.599974 IP 104.21.74.54.https > vyrazu-35-ThinkCentre-M70t.45056: UDP, length 256
19:42:28.600485 IP vyrazu-35-ThinkCentre-M70t.45056 > 104.21.74.54.https: UDP, length 43
19:42:28.606651 IP 104.21.74.54.https > vyrazu-35-ThinkCentre-M70t.45056: UDP, length 1200
19:42:28.608255 IP 104.21.74.54.https > vyrazu-35-ThinkCentre-M70t.45056: UDP, length 1200
19:42:28.608257 IP 104.21.74.54.https > vyrazu-35-ThinkCentre-M70t.45056: UDP, length 1200
19:42:28.608257 IP 104.21.74.54.https > vyrazu-35-ThinkCentre-M70t.45056: UDP, length 607
19:42:28.608501 IP vyrazu-35-ThinkCentre-M70t.45056 > 104.21.74.54.https: UDP, length 43
19:42:28.613313 IP vyrazu-35-ThinkCentre-M70t.52870 > ec2-34-233-113-213.compute-1.amazonaws.com.https: Flags [P.], seq 5647:5725, ack 5563, win 461, options [nop,nop,TS val 2568015455 ecr 3581518581], length 78
19:42:28.613358 IP vyrazu-35-ThinkCentre-M70t.52870 > ec2-34-233-113-213.compute-1.amazonaws.com.https: Flags [P.], seq 5725:6022, ack 5563, win 461, options [nop,nop,TS val 2568015455 ecr 3581518581], length 297
19:42:28.614968 IP vyrazu-35-ThinkCentre-M70t.52870 > ec2-34-233-113-213.compute-1.amazonaws.com.https: Flags [P.], seq 6022:6104, ack 5563, win 461, options [nop,nop,TS val 2568015456 ecr 3581518581], length 82
19:42:28.614990 IP vyrazu-35-ThinkCentre-M70t.52870 > ec2-34-233-113-213.compute-1.amazonaws.com.https: Flags [P.], seq 6104:6403, ack 5563, win 461, options [nop,nop,TS val 2568015456 ecr 3581518581], length 299
19:42:28.627749 IP _gateway.domain > vyrazu-35-ThinkCentre-M70t.38995: 5566 ServFail 0/1/1 (155)
19:42:28.627971 IP vyrazu-35-ThinkCentre-M70t.38995 > _gateway.domain: 5566+ PTR? 101.185.15.16.in-addr.arpa. (44)
19:42:28.644608 IP vyrazu-35-ThinkCentre-M70t.52870 > ec2-34-233-113-213.compute-1.amazonaws.com.https: Flags [P.], seq 6403:6445, ack 5563, win 461, options [nop,nop,TS val 2568015486 ecr 3581518581], length 42
19:42:28.644979 IP vyrazu-35-ThinkCentre-M70t.52870 > ec2-34-233-113-213.compute-1.amazonaws.com.https: Flags [P.], seq 6445:6487, ack 5563, win 461, options [nop,nop,TS val 2568015486 ecr 3581518581], length 42
19:42:28.650925 IP 104.21.74.54.https > vyrazu-35-ThinkCentre-M70t.45056: UDP, length 1200
19:42:28.652778 IP 104.21.74.54.https > vyrazu-35-ThinkCentre-M70t.45056: UDP, length 1200
19:42:28.652784 IP 104.21.74.54.https > vyrazu-35-ThinkCentre-M70t.45056: UDP, length 1200
19:42:28.652787 IP 104.21.74.54.https > vyrazu-35-ThinkCentre-M70t.45056: UDP, length 1200
19:42:28.652791 IP 104.21.74.54.https > vyrazu-35-ThinkCentre-M70t.45056: UDP, length 1200
19:42:28.652795 IP 104.21.74.54.https > vyrazu-35-ThinkCentre-M70t.45056: UDP, length 337
19:42:28.653603 IP vyrazu-35-ThinkCentre-M70t.45056 > 104.21.74.54.https: UDP, length 43
19:42:28.653954 IP vyrazu-35-ThinkCentre-M70t.54812 > 104.18.16.5.https: Flags [P.], seq 3062:3409, ack 5413, win 463, options [nop,nop,TS val 4177543183 ecr 3460001419], length 347
19:42:28.653975 IP vyrazu-35-ThinkCentre-M70t.54812 > 104.18.16.5.https: Flags [P.], seq 3409:3938, ack 5413, win 463, options [nop,nop,TS val 4177543183 ecr 3460001419], length 529
19:42:28.657188 IP vyrazu-35-ThinkCentre-M70t.49294 > ec2-3-6-115-64.ap-south-1.compute.amazonaws.com.http: Flags [.], ack 1, win 501, options [nop,nop,TS val 3327832884 ecr 2970397122], length 0
19:42:28.658764 IP vyrazu-35-ThinkCentre-M70t.40904 > _gateway.domain: 43211+ [1au] HTTPS? fonts.googleapis.com. (49)
19:42:28.658852 IP vyrazu-35-ThinkCentre-M70t.44509 > _gateway.domain: 40091+ [1au] A? fonts.googleapis.com. (49)
19:42:28.658935 IP vyrazu-35-ThinkCentre-M70t.57259 > _gateway.domain: 18379+ [1au] AAAA? fonts.googleapis.com. (49)
19:42:28.666393 IP vyrazu-35-ThinkCentre-M70t.59568 > _gateway.domain: 13859+ [1au] HTTPS? www.googletagmanager.com. (53)
19:42:28.673590 IP _gateway.domain > vyrazu-35-ThinkCentre-M70t.40904: 43211 0/1/1 (109)
19:42:28.673953 IP vyrazu-35-ThinkCentre-M70t.48922 > bom12s20-in-f8.1e100.net.https: UDP, length 1252
19:42:28.673989 IP vyrazu-35-ThinkCentre-M70t.48922 > bom12s20-in-f8.1e100.net.https: UDP, length 1252
19:42:28.674025 IP vyrazu-35-ThinkCentre-M70t.48922 > bom12s20-in-f8.1e100.net.https: UDP, length 1252
19:42:28.675683 IP _gateway.domain > vyrazu-35-ThinkCentre-M70t.44509: 40091 1/0/1 A 142.251.220.10 (65)
19:42:28.676894 IP vyrazu-35-ThinkCentre-M70t.58436 > pnbomb-ay-in-f10.1e100.net.https: Flags [S], seq 1187803865, win 64240, options [mss 1460,sackOK,TS val 475629004 ecr 0,nop,wscale 7], length 0
19:42:28.678263 IP _gateway.domain > vyrazu-35-ThinkCentre-M70t.59568: 13859 0/1/1 (113)
19:42:28.678653 IP vyrazu-35-ThinkCentre-M70t.54954 > _gateway.domain: 43776+ [1au] HTTPS? img.youtube.com. (44)
19:42:28.678729 IP vyrazu-35-ThinkCentre-M70t.38582 > _gateway.domain: 36985+ [1au] A? img.youtube.com. (44)
19:42:28.678799 IP vyrazu-35-ThinkCentre-M70t.59424 > _gateway.domain: 22572+ [1au] AAAA? img.youtube.com. (44)
19:42:28.686135 IP vyrazu-35-ThinkCentre-M70t.45056 > 104.21.74.54.https: UDP, length 1187
19:42:28.686410 IP vyrazu-35-ThinkCentre-M70t.45056 > 104.21.74.54.https: UDP, length 1191
19:42:28.686751 IP vyrazu-35-ThinkCentre-M70t.45056 > 104.21.74.54.https: UDP, length 1252
19:42:28.689660 IP 104.18.16.5.https > vyrazu-35-ThinkCentre-M70t.54812: Flags [.], ack 3409, win 16, options [nop,nop,TS val 3460002493 ecr 4177543183], length 0
19:42:28.689661 IP 104.18.16.5.https > vyrazu-35-ThinkCentre-M70t.54812: Flags [.], ack 3938, win 16, options [nop,nop,TS val 3460002493 ecr 4177543183], length 0
19:42:28.691718 IP _gateway.domain > vyrazu-35-ThinkCentre-M70t.38582: 36985 17/0/1 CNAME ytimg.l.google.com., A 74.125.68.138, A 74.125.68.101, A 74.125.130.100, A 142.250.4.138, A 74.125.68.100, A 74.125.68.139, A 74.125.68.102, A 74.125.130.101, A 74.125.200.101, A 74.125.200.102, A 74.125.130.138, A 74.125.130.139, A 74.125.130.102, A 74.125.130.113, A 74.125.200.139, A 74.125.68.113 (332)
19:42:28.693593 IP vyrazu-35-ThinkCentre-M70t.47083 > _gateway.domain: 47603+ [1au] HTTPS? js.driftt.com. (42)
19:42:28.693684 IP vyrazu-35-ThinkCentre-M70t.58578 > _gateway.domain: 1189+ [1au] A? js.driftt.com. (42)
19:42:28.693760 IP vyrazu-35-ThinkCentre-M70t.44632 > _gateway.domain: 15604+ [1au] AAAA? js.driftt.com. (42)
19:42:28.693893 IP vyrazu-35-ThinkCentre-M70t.49870 > _gateway.domain: 55319+ [1au] HTTPS? www.clarity.ms. (43)
19:42:28.693961 IP vyrazu-35-ThinkCentre-M70t.42792 > _gateway.domain: 45463+ [1au] A? www.clarity.ms. (43)
19:42:28.694012 IP vyrazu-35-ThinkCentre-M70t.53416 > _gateway.domain: 40284+ [1au] AAAA? www.clarity.ms. (43)
19:42:28.694444 IP vyrazu-35-ThinkCentre-M70t.45056 > 104.21.74.54.https: UDP, length 1252
19:42:28.695886 IP 104.18.16.5.https > vyrazu-35-ThinkCentre-M70t.54812: Flags [P.], seq 5413:5572, ack 3938, win 16, options [nop,nop,TS val 3460002498 ecr 4177543183], length 159
19:42:28.695910 IP vyrazu-35-ThinkCentre-M70t.54812 > 104.18.16.5.https: Flags [.], ack 5572, win 462, options [nop,nop,TS val 4177543225 ecr 3460002498], length 0
19:42:28.697118 IP ec2-3-6-115-64.ap-south-1.compute.amazonaws.com.http > vyrazu-35-ThinkCentre-M70t.49294: Flags [.], ack 1, win 442, options [nop,nop,TS val 2970398167 ecr 3327817970], length 0
19:42:28.703231 IP vyrazu-35-ThinkCentre-M70t.45056 > 104.21.74.54.https: UDP, length 1252
19:42:28.708586 IP _gateway.domain > vyrazu-35-ThinkCentre-M70t.38995: 5566 ServFail 0/1/0 (144)
19:42:28.709014 IP vyrazu-35-ThinkCentre-M70t.39139 > _gateway.domain: 29799+ [1au] PTR? 101.185.15.16.in-addr.arpa. (55)
19:42:28.712004 IP vyrazu-35-ThinkCentre-M70t.45056 > 104.21.74.54.https: UDP, length 1252
19:42:28.712040 IP bom12s20-in-f8.1e100.net.https > vyrazu-35-ThinkCentre-M70t.48922: UDP, length 43
19:42:28.712666 IP bom12s20-in-f8.1e100.net.https > vyrazu-35-ThinkCentre-M70t.48922: UDP, length 43
19:42:28.713383 IP bom12s20-in-f8.1e100.net.https > vyrazu-35-ThinkCentre-M70t.48922: UDP, length 1252
19:42:28.714231 IP bom12s20-in-f8.1e100.net.https > vyrazu-35-ThinkCentre-M70t.48922: UDP, length 1252
19:42:28.714960 IP pnbomb-ay-in-f10.1e100.net.https > vyrazu-35-ThinkCentre-M70t.58436: Flags [S.], seq 2852249805, ack 1187803866, win 65535, options [mss 1412,sackOK,TS val 3552350768 ecr 475629004,nop,wscale 8], length 0
19:42:28.714976 IP vyrazu-35-ThinkCentre-M70t.58436 > pnbomb-ay-in-f10.1e100.net.https: Flags [.], ack 1, win 502, options [nop,nop,TS val 475629042 ecr 3552350768], length 0
19:42:28.715391 IP vyrazu-35-ThinkCentre-M70t.58436 > pnbomb-ay-in-f10.1e100.net.https: Flags [P.], seq 1:1906, ack 1, win 502, options [nop,nop,TS val 475629043 ecr 3552350768], length 1905
19:42:28.715616 IP _gateway.domain > vyrazu-35-ThinkCentre-M70t.57259: 18379 1/0/1 AAAA 2404:6800:4009:806::200a (77)
19:42:28.720741 IP vyrazu-35-ThinkCentre-M70t.45056 > 104.21.74.54.https: UDP, length 1252
19:42:28.727203 IP _gateway.domain > vyrazu-35-ThinkCentre-M70t.54954: 43776 1/1/1 CNAME ytimg.l.google.com. (136)
19:42:28.727361 IP vyrazu-35-ThinkCentre-M70t.35218 > _gateway.domain: 16251+ [1au] HTTPS? ytimg.l.google.com. (47)
19:42:28.729182 IP _gateway.domain > vyrazu-35-ThinkCentre-M70t.59424: 22572 5/0/1 CNAME ytimg.l.google.com., AAAA 2404:6800:4003:c05::64, AAAA 2404:6800:4003:c05::66, AAAA 2404:6800:4003:c05::65, AAAA 2404:6800:4003:c05::8a (188)
19:42:28.729515 IP vyrazu-35-ThinkCentre-M70t.45056 > 104.21.74.54.https: UDP, length 1252
19:42:28.735172 IP _gateway.domain > vyrazu-35-ThinkCentre-M70t.35218: 16251 0/1/1 (107)
19:42:28.736415 IP vyrazu-35-ThinkCentre-M70t.49150 > sc-in-f138.1e100.net.https: UDP, length 1252
19:42:28.736439 IP vyrazu-35-ThinkCentre-M70t.49150 > sc-in-f138.1e100.net.https: UDP, length 1252
19:42:28.738287 IP vyrazu-35-ThinkCentre-M70t.45056 > 104.21.74.54.https: UDP, length 1252
19:42:28.742626 IP vyrazu-35-ThinkCentre-M70t.59344 > bom12s03-in-f3.1e100.net.https: UDP, length 1252
19:42:28.742661 IP vyrazu-35-ThinkCentre-M70t.59344 > bom12s03-in-f3.1e100.net.https: UDP, length 1252
19:42:28.747068 IP vyrazu-35-ThinkCentre-M70t.45056 > 104.21.74.54.https: UDP, length 1252
19:42:28.748097 IP _gateway.domain > vyrazu-35-ThinkCentre-M70t.44632: 15604 1/1/1 CNAME dl7g9llrghqi1.cloudfront.net. (166)
19:42:28.748273 IP vyrazu-35-ThinkCentre-M70t.49518 > _gateway.domain: 12861+ [1au] AAAA? dl7g9llrghqi1.cloudfront.net. (57)
19:42:28.748453 IP _gateway.domain > vyrazu-35-ThinkCentre-M70t.47083: 47603 1/1/1 CNAME dl7g9llrghqi1.cloudfront.net. (166)
19:42:28.748535 IP vyrazu-35-ThinkCentre-M70t.42040 > _gateway.domain: 64736+ [1au] HTTPS? dl7g9llrghqi1.cloudfront.net. (57)
19:42:28.751525 IP pnbomb-ay-in-f10.1e100.net.https > vyrazu-35-ThinkCentre-M70t.58436: Flags [.], ack 1906, win 1043, options [nop,nop,TS val 3552350806 ecr 475629043], length 0
19:42:28.753251 IP pnbomb-ay-in-f10.1e100.net.https > vyrazu-35-ThinkCentre-M70t.58436: Flags [.], seq 1:1401, ack 1906, win 1043, options [nop,nop,TS val 3552350807 ecr 475629043], length 1400
19:42:28.753307 IP vyrazu-35-ThinkCentre-M70t.58436 > pnbomb-ay-in-f10.1e100.net.https: Flags [.], ack 1401, win 492, options [nop,nop,TS val 475629081 ecr 3552350807], length 0
19:42:28.753757 IP pnbomb-ay-in-f10.1e100.net.https > vyrazu-35-ThinkCentre-M70t.58436: Flags [P.], seq 1401:2801, ack 1906, win 1043, options [nop,nop,TS val 3552350807 ecr 475629043], length 1400
19:42:28.753758 IP pnbomb-ay-in-f10.1e100.net.https > vyrazu-35-ThinkCentre-M70t.58436: Flags [P.], seq 2801:5582, ack 1906, win 1043, options [nop,nop,TS val 3552350807 ecr 475629043], length 2781
19:42:28.753771 IP vyrazu-35-ThinkCentre-M70t.58436 > pnbomb-ay-in-f10.1e100.net.https: Flags [.], ack 2801, win 482, options [nop,nop,TS val 475629081 ecr 3552350807], length 0
19:42:28.753780 IP vyrazu-35-ThinkCentre-M70t.58436 > pnbomb-ay-in-f10.1e100.net.https: Flags [.], ack 5582, win 461, options [nop,nop,TS val 475629081 ecr 3552350807], length 0
19:42:28.754596 IP vyrazu-35-ThinkCentre-M70t.58436 > pnbomb-ay-in-f10.1e100.net.https: Flags [P.], seq 1906:1970, ack 5582, win 461, options [nop,nop,TS val 475629082 ecr 3552350807], length 64
19:42:28.754851 IP vyrazu-35-ThinkCentre-M70t.58436 > pnbomb-ay-in-f10.1e100.net.https: Flags [P.], seq 1970:2062, ack 5582, win 461, options [nop,nop,TS val 475629082 ecr 3552350807], length 92
19:42:28.756962 IP vyrazu-35-ThinkCentre-M70t.48922 > bom12s20-in-f8.1e100.net.https: UDP, length 1252
19:42:28.758605 IP _gateway.domain > vyrazu-35-ThinkCentre-M70t.49870: 55319 4/1/1 CNAME clarity.azurefd.net., CNAME azurefd-t-prod.trafficmanager.net., CNAME shed.dual-low.s-part-0020.t-0009.t-msedge.net., CNAME s-part-0020.t-0009.t-msedge.net. (250)
19:42:28.758826 IP vyrazu-35-ThinkCentre-M70t.59109 > _gateway.domain: 21385+ [1au] HTTPS? s-part-0020.t-0009.t-msedge.net. (60)
19:42:28.758995 IP _gateway.domain > vyrazu-35-ThinkCentre-M70t.42792: 45463 5/0/1 CNAME clarity.azurefd.net., CNAME azurefd-t-prod.trafficmanager.net., CNAME shed.dual-low.s-part-0020.t-0009.t-msedge.net., CNAME s-part-0020.t-0009.t-msedge.net., A 13.107.246.48 (206)
19:42:28.760177 IP _gateway.domain > vyrazu-35-ThinkCentre-M70t.53416: 40284 5/0/1 CNAME clarity.azurefd.net., CNAME azurefd-t-prod.trafficmanager.net., CNAME shed.dual-low.s-part-0040.t-0009.t-msedge.net., CNAME s-part-0040.t-0009.t-msedge.net., AAAA 2620:1ec:bdf::68 (218)
19:42:28.760549 IP _gateway.domain > vyrazu-35-ThinkCentre-M70t.39139: 29799 ServFail 0/1/1 (155)
19:42:28.760577 IP vyrazu-35-ThinkCentre-M70t.39139 > _gateway.domain: 29799+ [1au] PTR? 101.185.15.16.in-addr.arpa. (55)
19:42:28.772488 IP bom12s20-in-f8.1e100.net.https > vyrazu-35-ThinkCentre-M70t.48922: UDP, length 1252
19:42:28.773053 IP vyrazu-35-ThinkCentre-M70t.48922 > bom12s20-in-f8.1e100.net.https: UDP, length 40
19:42:28.773684 IP bom12s20-in-f8.1e100.net.https > vyrazu-35-ThinkCentre-M70t.48922: UDP, length 302
19:42:28.773686 IP bom12s20-in-f8.1e100.net.https > vyrazu-35-ThinkCentre-M70t.48922: UDP, length 617
19:42:28.773686 IP bom12s20-in-f8.1e100.net.https > vyrazu-35-ThinkCentre-M70t.48922: UDP, length 28
19:42:28.774378 IP vyrazu-35-ThinkCentre-M70t.48922 > bom12s20-in-f8.1e100.net.https: UDP, length 113
19:42:28.774672 IP 104.21.74.54.https > vyrazu-35-ThinkCentre-M70t.45056: UDP, length 1200
19:42:28.774673 IP 104.21.74.54.https > vyrazu-35-ThinkCentre-M70t.45056: UDP, length 1200
19:42:28.774673 IP 104.21.74.54.https > vyrazu-35-ThinkCentre-M70t.45056: UDP, length 256
19:42:28.774752 IP vyrazu-35-ThinkCentre-M70t.45056 > 104.21.74.54.https: UDP, length 43
19:42:28.777717 IP bom12s03-in-f3.1e100.net.https > vyrazu-35-ThinkCentre-M70t.59344: UDP, length 43
19:42:28.778198 IP bom12s03-in-f3.1e100.net.https > vyrazu-35-ThinkCentre-M70t.59344: UDP, length 1252
19:42:28.778199 IP bom12s03-in-f3.1e100.net.https > vyrazu-35-ThinkCentre-M70t.59344: UDP, length 1252
19:42:28.778199 IP bom12s03-in-f3.1e100.net.https > vyrazu-35-ThinkCentre-M70t.59344: UDP, length 1252
19:42:28.778845 IP vyrazu-35-ThinkCentre-M70t.59344 > bom12s03-in-f3.1e100.net.https: UDP, length 40
19:42:28.780213 IP _gateway.domain > vyrazu-35-ThinkCentre-M70t.58578: 1189 5/0/1 CNAME dl7g9llrghqi1.cloudfront.net., A 54.192.151.10, A 54.192.151.32, A 54.192.151.29, A 54.192.151.78 (148)
19:42:28.781507 IP bom12s03-in-f3.1e100.net.https > vyrazu-35-ThinkCentre-M70t.59344: UDP, length 1252
19:42:28.781508 IP bom12s03-in-f3.1e100.net.https > vyrazu-35-ThinkCentre-M70t.59344: UDP, length 1252
19:42:28.781508 IP bom12s03-in-f3.1e100.net.https > vyrazu-35-ThinkCentre-M70t.59344: UDP, length 1252
19:42:28.781664 IP vyrazu-35-ThinkCentre-M70t.59344 > bom12s03-in-f3.1e100.net.https: UDP, length 42
19:42:28.784156 IP 104.21.74.54.https > vyrazu-35-ThinkCentre-M70t.45056: UDP, length 1200
19:42:28.784157 IP 104.21.74.54.https > vyrazu-35-ThinkCentre-M70t.45056: UDP, length 1200
19:42:28.784157 IP 104.21.74.54.https > vyrazu-35-ThinkCentre-M70t.45056: UDP, length 121
19:42:28.784384 IP vyrazu-35-ThinkCentre-M70t.45056 > 104.21.74.54.https: UDP, length 43
19:42:28.785459 IP _gateway.domain > vyrazu-35-ThinkCentre-M70t.42040: 64736 0/1/1 (142)
19:42:28.790574 IP pnbomb-ay-in-f10.1e100.net.https > vyrazu-35-ThinkCentre-M70t.58436: Flags [P.], seq 5582:6198, ack 2062, win 1043, options [nop,nop,TS val 3552350845 ecr 475629082], length 616
19:42:28.790889 IP vyrazu-35-ThinkCentre-M70t.58436 > pnbomb-ay-in-f10.1e100.net.https: Flags [P.], seq 2062:2093, ack 6198, win 457, options [nop,nop,TS val 475629118 ecr 3552350845], length 31
19:42:28.791766 IP pnbomb-ay-in-f10.1e100.net.https > vyrazu-35-ThinkCentre-M70t.58436: Flags [P.], seq 6198:6229, ack 2062, win 1043, options [nop,nop,TS val 3552350845 ecr 475629082], length 31
19:42:28.796270 IP bom12s20-in-f8.1e100.net.https > vyrazu-35-ThinkCentre-M70t.48922: UDP, length 1252
19:42:28.797228 IP bom12s20-in-f8.1e100.net.https > vyrazu-35-ThinkCentre-M70t.48922: UDP, length 27
19:42:28.803196 IP _gateway.domain > vyrazu-35-ThinkCentre-M70t.59109: 21385 0/1/1 (120)
19:42:28.804931 IP _gateway.domain > vyrazu-35-ThinkCentre-M70t.49518: 12861 0/1/1 (142)
19:42:28.809814 IP bom12s20-in-f8.1e100.net.https > vyrazu-35-ThinkCentre-M70t.48922: UDP, length 308
19:42:28.809941 IP vyrazu-35-ThinkCentre-M70t.48922 > bom12s20-in-f8.1e100.net.https: UDP, length 118
19:42:28.810569 IP bom12s20-in-f8.1e100.net.https > vyrazu-35-ThinkCentre-M70t.48922: UDP, length 123
19:42:28.813422 IP bom12s03-in-f3.1e100.net.https > vyrazu-35-ThinkCentre-M70t.59344: UDP, length 603
19:42:28.814109 IP vyrazu-35-ThinkCentre-M70t.59344 > bom12s03-in-f3.1e100.net.https: UDP, length 43
19:42:28.815306 IP vyrazu-35-ThinkCentre-M70t.59344 > bom12s03-in-f3.1e100.net.https: UDP, length 131
19:42:28.815328 IP vyrazu-35-ThinkCentre-M70t.59344 > bom12s03-in-f3.1e100.net.https: UDP, length 72
19:42:28.820760 IP vyrazu-35-ThinkCentre-M70t.47724 > _gateway.domain: 31280+ [1au] HTTPS? manage.vyrazu.com. (46)
19:42:28.821034 IP vyrazu-35-ThinkCentre-M70t.40900 > _gateway.domain: 36544+ [1au] AAAA? manage.vyrazu.com. (46)
19:42:28.822628 IP vyrazu-35-ThinkCentre-M70t.44826 > bom12s11-in-f4.1e100.net.https: Flags [S], seq 1507783183, win 64240, options [mss 1460,sackOK,TS val 4258696984 ecr 0,nop,wscale 7], length 0
19:42:28.830692 IP vyrazu-35-ThinkCentre-M70t.48922 > bom12s20-in-f8.1e100.net.https: UDP, length 36
19:42:28.831314 IP _gateway.domain > vyrazu-35-ThinkCentre-M70t.47724: 31280 0/1/1 (127)
19:42:28.831898 IP _gateway.domain > vyrazu-35-ThinkCentre-M70t.40900: 36544 0/1/1 (127)
19:42:28.831898 IP pnbomb-ay-in-f10.1e100.net.https > vyrazu-35-ThinkCentre-M70t.58436: Flags [.], ack 2093, win 1043, options [nop,nop,TS val 3552350886 ecr 475629118], length 0
19:42:28.832279 IP vyrazu-35-ThinkCentre-M70t.40962 > md-22.webhostbox.net.https: Flags [S], seq 6708486, win 64240, options [mss 1460,sackOK,TS val 1724198082 ecr 0,nop,wscale 7], length 0
19:42:28.832321 IP vyrazu-35-ThinkCentre-M70t.40966 > md-22.webhostbox.net.https: Flags [S], seq 2952191036, win 64240, options [mss 1460,sackOK,TS val 1724198082 ecr 0,nop,wscale 7], length 0
19:42:28.832393 IP vyrazu-35-ThinkCentre-M70t.40970 > md-22.webhostbox.net.https: Flags [S], seq 2552682502, win 64240, options [mss 1460,sackOK,TS val 1724198082 ecr 0,nop,wscale 7], length 0
19:42:28.832551 IP sc-in-f138.1e100.net.https > vyrazu-35-ThinkCentre-M70t.49150: UDP, length 43
19:42:28.833178 IP vyrazu-35-ThinkCentre-M70t.58436 > pnbomb-ay-in-f10.1e100.net.https: Flags [.], ack 6229, win 457, options [nop,nop,TS val 475629161 ecr 3552350845], length 0
19:42:28.834037 IP sc-in-f138.1e100.net.https > vyrazu-35-ThinkCentre-M70t.49150: UDP, length 1252
19:42:28.834213 IP sc-in-f138.1e100.net.https > vyrazu-35-ThinkCentre-M70t.49150: UDP, length 1252
19:42:28.834266 IP vyrazu-35-ThinkCentre-M70t.49150 > sc-in-f138.1e100.net.https: UDP, length 1252
19:42:28.834524 IP sc-in-f138.1e100.net.https > vyrazu-35-ThinkCentre-M70t.49150: UDP, length 1252
19:42:28.834524 IP sc-in-f138.1e100.net.https > vyrazu-35-ThinkCentre-M70t.49150: UDP, length 1252
19:42:28.834525 IP sc-in-f138.1e100.net.https > vyrazu-35-ThinkCentre-M70t.49150: UDP, length 1252
19:42:28.834525 IP sc-in-f138.1e100.net.https > vyrazu-35-ThinkCentre-M70t.49150: UDP, length 1252
19:42:28.834996 IP vyrazu-35-ThinkCentre-M70t.49150 > sc-in-f138.1e100.net.https: UDP, length 42
19:42:28.845446 IP ec2-34-233-113-213.compute-1.amazonaws.com.https > vyrazu-35-ThinkCentre-M70t.52870: Flags [.], ack 6022, win 237, options [nop,nop,TS val 3581519932 ecr 2568015455], length 0
19:42:28.846402 IP ec2-34-233-113-213.compute-1.amazonaws.com.https > vyrazu-35-ThinkCentre-M70t.52870: Flags [.], ack 6403, win 248, options [nop,nop,TS val 3581519933 ecr 2568015456], length 0
19:42:28.850322 IP bom12s03-in-f3.1e100.net.https > vyrazu-35-ThinkCentre-M70t.59344: UDP, length 618
19:42:28.850651 IP bom12s03-in-f3.1e100.net.https > vyrazu-35-ThinkCentre-M70t.59344: UDP, length 124
19:42:28.850660 IP bom12s03-in-f3.1e100.net.https > vyrazu-35-ThinkCentre-M70t.59344: UDP, length 26
19:42:28.851354 IP vyrazu-35-ThinkCentre-M70t.59344 > bom12s03-in-f3.1e100.net.https: UDP, length 31
19:42:28.852970 IP ec2-34-233-113-213.compute-1.amazonaws.com.https > vyrazu-35-ThinkCentre-M70t.52870: Flags [P.], seq 5563:6010, ack 6403, win 248, options [nop,nop,TS val 3581519939 ecr 2568015456], length 447
19:42:28.852971 IP ec2-34-233-113-213.compute-1.amazonaws.com.https > vyrazu-35-ThinkCentre-M70t.52870: Flags [P.], seq 6010:6048, ack 6403, win 248, options [nop,nop,TS val 3581519939 ecr 2568015456], length 38
19:42:28.853372 IP vyrazu-35-ThinkCentre-M70t.52870 > ec2-34-233-113-213.compute-1.amazonaws.com.https: Flags [.], ack 6048, win 458, options [nop,nop,TS val 2568015695 ecr 3581519939], length 0
19:42:28.858294 IP bom12s11-in-f4.1e100.net.https > vyrazu-35-ThinkCentre-M70t.44826: Flags [S.], seq 884657427, ack 1507783184, win 65535, options [mss 1412,sackOK,TS val 1821761575 ecr 4258696984,nop,wscale 8], length 0
19:42:28.858321 IP vyrazu-35-ThinkCentre-M70t.44826 > bom12s11-in-f4.1e100.net.https: Flags [.], ack 1, win 502, options [nop,nop,TS val 4258697020 ecr 1821761575], length 0
19:42:28.858819 IP vyrazu-35-ThinkCentre-M70t.44826 > bom12s11-in-f4.1e100.net.https: Flags [P.], seq 1:1900, ack 1, win 502, options [nop,nop,TS val 4258697020 ecr 1821761575], length 1899
19:42:28.859559 IP 104.21.74.54.https > vyrazu-35-ThinkCentre-M70t.45056: UDP, length 26
19:42:28.859649 IP vyrazu-35-ThinkCentre-M70t.45056 > 104.21.74.54.https: UDP, length 1252
19:42:28.859665 IP vyrazu-35-ThinkCentre-M70t.45056 > 104.21.74.54.https: UDP, length 1252
19:42:28.859675 IP vyrazu-35-ThinkCentre-M70t.45056 > 104.21.74.54.https: UDP, length 1252
19:42:28.866062 IP 104.21.74.54.https > vyrazu-35-ThinkCentre-M70t.45056: UDP, length 101
19:42:28.866141 IP vyrazu-35-ThinkCentre-M70t.45056 > 104.21.74.54.https: UDP, length 1252
19:42:28.872288 IP vyrazu-35-ThinkCentre-M70t.45056 > 104.21.74.54.https: UDP, length 1252
19:42:28.874832 IP 104.21.74.54.https > vyrazu-35-ThinkCentre-M70t.45056: UDP, length 32
19:42:28.874932 IP vyrazu-35-ThinkCentre-M70t.45056 > 104.21.74.54.https: UDP, length 43
19:42:28.876453 IP ec2-34-233-113-213.compute-1.amazonaws.com.https > vyrazu-35-ThinkCentre-M70t.52870: Flags [.], ack 6487, win 248, options [nop,nop,TS val 3581519963 ecr 2568015486], length 0
19:42:28.878523 IP vyrazu-35-ThinkCentre-M70t.45056 > 104.21.74.54.https: UDP, length 1252
19:42:28.884150 IP vyrazu-35-ThinkCentre-M70t.45056 > 104.21.74.54.https: UDP, length 1252
19:42:28.886413 IP 104.21.74.54.https > vyrazu-35-ThinkCentre-M70t.45056: UDP, length 26
19:42:28.889880 IP vyrazu-35-ThinkCentre-M70t.45056 > 104.21.74.54.https: UDP, length 478
19:42:28.891214 IP vyrazu-35-ThinkCentre-M70t.54482 > ec2-3-6-115-182.ap-south-1.compute.amazonaws.com.http: Flags [.], ack 1, win 501, options [nop,nop,TS val 4239964955 ecr 35769892], length 0
19:42:28.892127 IP 104.21.74.54.https > vyrazu-35-ThinkCentre-M70t.45056: UDP, length 26
19:42:28.894238 IP bom12s11-in-f4.1e100.net.https > vyrazu-35-ThinkCentre-M70t.44826: Flags [.], ack 1900, win 1043, options [nop,nop,TS val 1821761611 ecr 4258697020], length 0
19:42:28.895949 IP bom12s11-in-f4.1e100.net.https > vyrazu-35-ThinkCentre-M70t.44826: Flags [.], seq 1:1401, ack 1900, win 1043, options [nop,nop,TS val 1821761612 ecr 4258697020], length 1400
19:42:28.895968 IP vyrazu-35-ThinkCentre-M70t.44826 > bom12s11-in-f4.1e100.net.https: Flags [.], ack 1401, win 492, options [nop,nop,TS val 4258697057 ecr 1821761612], length 0
19:42:28.896905 IP bom12s11-in-f4.1e100.net.https > vyrazu-35-ThinkCentre-M70t.44826: Flags [P.], seq 1401:2801, ack 1900, win 1043, options [nop,nop,TS val 1821761612 ecr 4258697020], length 1400
19:42:28.896906 IP bom12s11-in-f4.1e100.net.https > vyrazu-35-ThinkCentre-M70t.44826: Flags [P.], seq 2801:5190, ack 1900, win 1043, options [nop,nop,TS val 1821761612 ecr 4258697020], length 2389
19:42:28.896925 IP vyrazu-35-ThinkCentre-M70t.44826 > bom12s11-in-f4.1e100.net.https: Flags [.], ack 2801, win 482, options [nop,nop,TS val 4258697058 ecr 1821761612], length 0
19:42:28.896941 IP vyrazu-35-ThinkCentre-M70t.44826 > bom12s11-in-f4.1e100.net.https: Flags [.], ack 5190, win 464, options [nop,nop,TS val 4258697058 ecr 1821761612], length 0
19:42:28.897758 IP vyrazu-35-ThinkCentre-M70t.44826 > bom12s11-in-f4.1e100.net.https: Flags [P.], seq 1900:1964, ack 5190, win 464, options [nop,nop,TS val 4258697059 ecr 1821761612], length 64
19:42:28.898152 IP vyrazu-35-ThinkCentre-M70t.44826 > bom12s11-in-f4.1e100.net.https: Flags [P.], seq 1964:2056, ack 5190, win 464, options [nop,nop,TS val 4258697059 ecr 1821761612], length 92
19:42:28.898186 IP vyrazu-35-ThinkCentre-M70t.44826 > bom12s11-in-f4.1e100.net.https: Flags [P.], seq 2056:2319, ack 5190, win 464, options [nop,nop,TS val 4258697060 ecr 1821761612], length 263
19:42:28.901069 IP 104.21.74.54.https > vyrazu-35-ThinkCentre-M70t.45056: UDP, length 26
19:42:28.909683 IP 104.21.74.54.https > vyrazu-35-ThinkCentre-M70t.45056: UDP, length 26
19:42:28.912755 IP vyrazu-35-ThinkCentre-M70t.37422 > _gateway.domain: 18379+ [1au] HTTPS? www.google-analytics.com. (53)
19:42:28.918302 IP 104.21.74.54.https > vyrazu-35-ThinkCentre-M70t.45056: UDP, length 26
19:42:28.931102 IP sc-in-f138.1e100.net.https > vyrazu-35-ThinkCentre-M70t.49150: UDP, length 1252
19:42:28.931315 IP vyrazu-35-ThinkCentre-M70t.49150 > sc-in-f138.1e100.net.https: UDP, length 42
19:42:28.931475 IP sc-in-f138.1e100.net.https > vyrazu-35-ThinkCentre-M70t.49150: UDP, length 1252
19:42:28.931476 IP sc-in-f138.1e100.net.https > vyrazu-35-ThinkCentre-M70t.49150: UDP, length 670
19:42:28.931747 IP ec2-3-6-115-182.ap-south-1.compute.amazonaws.com.http > vyrazu-35-ThinkCentre-M70t.54482: Flags [.], ack 1, win 1769, options [nop,nop,TS val 35770933 ecr 4239957559], length 0
19:42:28.931991 IP vyrazu-35-ThinkCentre-M70t.49150 > sc-in-f138.1e100.net.https: UDP, length 42
19:42:28.933617 IP vyrazu-35-ThinkCentre-M70t.49150 > sc-in-f138.1e100.net.https: UDP, length 131
19:42:28.933636 IP vyrazu-35-ThinkCentre-M70t.49150 > sc-in-f138.1e100.net.https: UDP, length 68
19:42:28.934978 IP bom12s11-in-f4.1e100.net.https > vyrazu-35-ThinkCentre-M70t.44826: Flags [.], ack 2056, win 1043, options [nop,nop,TS val 1821761651 ecr 4258697059], length 0
19:42:28.935331 IP bom12s11-in-f4.1e100.net.https > vyrazu-35-ThinkCentre-M70t.44826: Flags [P.], seq 5190:5806, ack 2319, win 1042, options [nop,nop,TS val 1821761651 ecr 4258697060], length 616
19:42:28.935616 IP vyrazu-35-ThinkCentre-M70t.44826 > bom12s11-in-f4.1e100.net.https: Flags [P.], seq 2319:2350, ack 5806, win 460, options [nop,nop,TS val 4258697097 ecr 1821761651], length 31
19:42:28.935635 IP bom12s11-in-f4.1e100.net.https > vyrazu-35-ThinkCentre-M70t.44826: Flags [P.], seq 5806:5837, ack 2319, win 1042, options [nop,nop,TS val 1821761652 ecr 4258697060], length 31
19:42:28.958151 IP _gateway.domain > vyrazu-35-ThinkCentre-M70t.37422: 18379 0/1/1 (113)
19:42:28.975544 IP bom12s11-in-f4.1e100.net.https > vyrazu-35-ThinkCentre-M70t.44826: Flags [.], ack 2350, win 1042, options [nop,nop,TS val 1821761692 ecr 4258697097], length 0
19:42:28.976177 IP vyrazu-35-ThinkCentre-M70t.44826 > bom12s11-in-f4.1e100.net.https: Flags [.], ack 5837, win 460, options [nop,nop,TS val 4258697138 ecr 1821761652], length 0
19:42:28.994746 IP vyrazu-35-ThinkCentre-M70t.47012 > a23-196-14-48.deploy.static.akamaitechnologies.com.https: Flags [P.], seq 1973:1997, ack 4726, win 467, options [nop,nop,TS val 465356257 ecr 3037743755], length 24
19:42:28.994768 IP vyrazu-35-ThinkCentre-M70t.47012 > a23-196-14-48.deploy.static.akamaitechnologies.com.https: Flags [F.], seq 1997, ack 4726, win 467, options [nop,nop,TS val 465356257 ecr 3037743755], length 0
19:42:28.994880 IP vyrazu-35-ThinkCentre-M70t.36718 > a23-36-30-84.deploy.static.akamaitechnologies.com.https: Flags [P.], seq 1986:2010, ack 4587, win 468, options [nop,nop,TS val 1488541212 ecr 529267690], length 24
19:42:28.994887 IP vyrazu-35-ThinkCentre-M70t.36718 > a23-36-30-84.deploy.static.akamaitechnologies.com.https: Flags [F.], seq 2010, ack 4587, win 468, options [nop,nop,TS val 1488541212 ecr 529267690], length 0
19:42:28.999317 IP a23-36-30-84.deploy.static.akamaitechnologies.com.https > vyrazu-35-ThinkCentre-M70t.36718: Flags [P.], seq 4587:4611, ack 2011, win 531, options [nop,nop,TS val 529272866 ecr 1488541212], length 24
19:42:28.999335 IP vyrazu-35-ThinkCentre-M70t.36718 > a23-36-30-84.deploy.static.akamaitechnologies.com.https: Flags [R], seq 474343171, win 0, length 0
19:42:29.000308 IP a23-36-30-84.deploy.static.akamaitechnologies.com.https > vyrazu-35-ThinkCentre-M70t.36718: Flags [F.], seq 4611, ack 2011, win 531, options [nop,nop,TS val 529272866 ecr 1488541212], length 0
19:42:29.000316 IP vyrazu-35-ThinkCentre-M70t.36718 > a23-36-30-84.deploy.static.akamaitechnologies.com.https: Flags [R], seq 474343171, win 0, length 0
19:42:29.001896 IP bom12s11-in-f4.1e100.net.https > vyrazu-35-ThinkCentre-M70t.44826: Flags [P.], seq 5837:6328, ack 2350, win 1042, options [nop,nop,TS val 1821761718 ecr 4258697097], length 491
19:42:29.001898 IP bom12s11-in-f4.1e100.net.https > vyrazu-35-ThinkCentre-M70t.44826: Flags [P.], seq 6328:7188, ack 2350, win 1042, options [nop,nop,TS val 1821761718 ecr 4258697097], length 860
19:42:29.001898 IP bom12s11-in-f4.1e100.net.https > vyrazu-35-ThinkCentre-M70t.44826: Flags [P.], seq 7188:7374, ack 2350, win 1042, options [nop,nop,TS val 1821761718 ecr 4258697097], length 186
19:42:29.001933 IP vyrazu-35-ThinkCentre-M70t.44826 > bom12s11-in-f4.1e100.net.https: Flags [.], ack 6328, win 457, options [nop,nop,TS val 4258697163 ecr 1821761718], length 0
19:42:29.001940 IP vyrazu-35-ThinkCentre-M70t.44826 > bom12s11-in-f4.1e100.net.https: Flags [.], ack 7188, win 451, options [nop,nop,TS val 4258697163 ecr 1821761718], length 0
19:42:29.001943 IP vyrazu-35-ThinkCentre-M70t.44826 > bom12s11-in-f4.1e100.net.https: Flags [.], ack 7374, win 450, options [nop,nop,TS val 4258697163 ecr 1821761718], length 0
19:42:29.001961 IP bom12s11-in-f4.1e100.net.https > vyrazu-35-ThinkCentre-M70t.44826: Flags [P.], seq 7374:7405, ack 2350, win 1042, options [nop,nop,TS val 1821761718 ecr 4258697097], length 31
19:42:29.001961 IP bom12s11-in-f4.1e100.net.https > vyrazu-35-ThinkCentre-M70t.44826: Flags [P.], seq 7405:7444, ack 2350, win 1042, options [nop,nop,TS val 1821761718 ecr 4258697097], length 39
19:42:29.001963 IP vyrazu-35-ThinkCentre-M70t.44826 > bom12s11-in-f4.1e100.net.https: Flags [.], ack 7405, win 450, options [nop,nop,TS val 4258697163 ecr 1821761718], length 0
19:42:29.001967 IP vyrazu-35-ThinkCentre-M70t.44826 > bom12s11-in-f4.1e100.net.https: Flags [.], ack 7444, win 450, options [nop,nop,TS val 4258697163 ecr 1821761718], length 0
19:42:29.002144 IP vyrazu-35-ThinkCentre-M70t.44826 > bom12s11-in-f4.1e100.net.https: Flags [P.], seq 2350:2389, ack 7444, win 450, options [nop,nop,TS val 4258697163 ecr 1821761718], length 39
19:42:29.003380 IP vyrazu-35-ThinkCentre-M70t.53025 > _gateway.domain: 29116+ [1au] A? s-part-0040.t-0009.t-msedge.net. (60)
19:42:29.003428 IP vyrazu-35-ThinkCentre-M70t.47838 > server-54-192-151-10.ccu50.r.cloudfront.net.https: Flags [S], seq 3506308193, win 64240, options [mss 1460,sackOK,TS val 2107607515 ecr 0,nop,wscale 7], length 0
19:42:29.003513 IP vyrazu-35-ThinkCentre-M70t.36685 > _gateway.domain: 8259+ [1au] AAAA? dl7g9llrghqi1.cloudfront.net. (57)
19:42:29.003547 IP vyrazu-35-ThinkCentre-M70t.60980 > 13.107.246.48.https: Flags [S], seq 205443386, win 64240, options [mss 1460,sackOK,TS val 4265454449 ecr 0,nop,wscale 7], length 0
19:42:29.003590 IP vyrazu-35-ThinkCentre-M70t.60982 > 13.107.246.48.https: Flags [S], seq 3656680328, win 64240, options [mss 1460,sackOK,TS val 4265454449 ecr 0,nop,wscale 7], length 0
19:42:29.003662 IP vyrazu-35-ThinkCentre-M70t.38478 > bom12s13-in-f14.1e100.net.https: Flags [S], seq 1905239867, win 64240, options [mss 1460,sackOK,TS val 3732915883 ecr 0,nop,wscale 7], length 0
19:42:29.004159 IP vyrazu-35-ThinkCentre-M70t.58265 > _gateway.domain: 18188+ [1au] HTTPS? www.gstatic.com. (44)
19:42:29.007082 IP server-54-192-151-10.ccu50.r.cloudfront.net.https > vyrazu-35-ThinkCentre-M70t.47838: Flags [S.], seq 49815125, ack 3506308194, win 65535, options [mss 1440,sackOK,TS val 1450277251 ecr 2107607515,nop,wscale 9], length 0
19:42:29.007100 IP vyrazu-35-ThinkCentre-M70t.47838 > server-54-192-151-10.ccu50.r.cloudfront.net.https: Flags [.], ack 1, win 502, options [nop,nop,TS val 2107607518 ecr 1450277251], length 0
19:42:29.007837 IP vyrazu-35-ThinkCentre-M70t.47838 > server-54-192-151-10.ccu50.r.cloudfront.net.https: Flags [P.], seq 1:1899, ack 1, win 502, options [nop,nop,TS val 2107607519 ecr 1450277251], length 1898
19:42:29.011937 IP server-54-192-151-10.ccu50.r.cloudfront.net.https > vyrazu-35-ThinkCentre-M70t.47838: Flags [.], ack 1899, win 136, options [nop,nop,TS val 1450277256 ecr 2107607519], length 0
19:42:29.017314 IP server-54-192-151-10.ccu50.r.cloudfront.net.https > vyrazu-35-ThinkCentre-M70t.47838: Flags [.], seq 1:1429, ack 1899, win 136, options [nop,nop,TS val 1450277261 ecr 2107607519], length 1428
19:42:29.017345 IP vyrazu-35-ThinkCentre-M70t.47838 > server-54-192-151-10.ccu50.r.cloudfront.net.https: Flags [.], ack 1429, win 491, options [nop,nop,TS val 2107607529 ecr 1450277261], length 0
19:42:29.018466 IP server-54-192-151-10.ccu50.r.cloudfront.net.https > vyrazu-35-ThinkCentre-M70t.47838: Flags [P.], seq 1429:4285, ack 1899, win 136, options [nop,nop,TS val 1450277261 ecr 2107607519], length 2856
19:42:29.018477 IP vyrazu-35-ThinkCentre-M70t.47838 > server-54-192-151-10.ccu50.r.cloudfront.net.https: Flags [.], ack 4285, win 469, options [nop,nop,TS val 2107607530 ecr 1450277261], length 0
19:42:29.018857 IP _gateway.domain > vyrazu-35-ThinkCentre-M70t.53025: 29116 1/0/1 A 13.107.246.68 (76)
19:42:29.018864 IP _gateway.domain > vyrazu-35-ThinkCentre-M70t.36685: 8259 0/1/1 (142)
19:42:29.018865 IP _gateway.domain > vyrazu-35-ThinkCentre-M70t.58265: 18188 0/1/1 (104)
19:42:29.020356 IP vyrazu-35-ThinkCentre-M70t.48531 > bom07s25-in-f3.1e100.net.https: UDP, length 1252
19:42:29.020390 IP vyrazu-35-ThinkCentre-M70t.48531 > bom07s25-in-f3.1e100.net.https: UDP, length 1252
19:42:29.021661 IP server-54-192-151-10.ccu50.r.cloudfront.net.https > vyrazu-35-ThinkCentre-M70t.47838: Flags [.], seq 4285:5713, ack 1899, win 136, options [nop,nop,TS val 1450277264 ecr 2107607519], length 1428
19:42:29.021697 IP vyrazu-35-ThinkCentre-M70t.47838 > server-54-192-151-10.ccu50.r.cloudfront.net.https: Flags [.], ack 5713, win 458, options [nop,nop,TS val 2107607533 ecr 1450277264], length 0
19:42:29.022858 IP vyrazu-35-ThinkCentre-M70t.38492 > bom12s13-in-f14.1e100.net.https: Flags [S], seq 887693041, win 64240, options [mss 1460,sackOK,TS val 3732915902 ecr 0,nop,wscale 7], length 0
19:42:29.022984 IP server-54-192-151-10.ccu50.r.cloudfront.net.https > vyrazu-35-ThinkCentre-M70t.47838: Flags [P.], seq 5713:6034, ack 1899, win 136, options [nop,nop,TS val 1450277264 ecr 2107607519], length 321
19:42:29.022993 IP vyrazu-35-ThinkCentre-M70t.47838 > server-54-192-151-10.ccu50.r.cloudfront.net.https: Flags [.], ack 6034, win 456, options [nop,nop,TS val 2107607534 ecr 1450277264], length 0
19:42:29.023261 IP vyrazu-35-ThinkCentre-M70t.47838 > server-54-192-151-10.ccu50.r.cloudfront.net.https: Flags [P.], seq 1899:1963, ack 6034, win 456, options [nop,nop,TS val 2107607535 ecr 1450277264], length 64
19:42:29.023625 IP vyrazu-35-ThinkCentre-M70t.47838 > server-54-192-151-10.ccu50.r.cloudfront.net.https: Flags [P.], seq 1963:2055, ack 6034, win 456, options [nop,nop,TS val 2107607535 ecr 1450277264], length 92
19:42:29.024072 IP vyrazu-35-ThinkCentre-M70t.47838 > server-54-192-151-10.ccu50.r.cloudfront.net.https: Flags [P.], seq 2055:2333, ack 6034, win 456, options [nop,nop,TS val 2107607535 ecr 1450277264], length 278
19:42:29.026478 IP server-54-192-151-10.ccu50.r.cloudfront.net.https > vyrazu-35-ThinkCentre-M70t.47838: Flags [.], ack 2333, win 141, options [nop,nop,TS val 1450277270 ecr 2107607535], length 0
19:42:29.026802 IP server-54-192-151-10.ccu50.r.cloudfront.net.https > vyrazu-35-ThinkCentre-M70t.47838: Flags [P.], seq 6034:6213, ack 2333, win 141, options [nop,nop,TS val 1450277271 ecr 2107607535], length 179
19:42:29.026802 IP server-54-192-151-10.ccu50.r.cloudfront.net.https > vyrazu-35-ThinkCentre-M70t.47838: Flags [P.], seq 6213:6284, ack 2333, win 141, options [nop,nop,TS val 1450277271 ecr 2107607535], length 71
19:42:29.027525 IP vyrazu-35-ThinkCentre-M70t.47838 > server-54-192-151-10.ccu50.r.cloudfront.net.https: Flags [.], ack 6284, win 455, options [nop,nop,TS val 2107607539 ecr 1450277271], length 0
19:42:29.027573 IP vyrazu-35-ThinkCentre-M70t.47838 > server-54-192-151-10.ccu50.r.cloudfront.net.https: Flags [P.], seq 2333:2364, ack 6284, win 455, options [nop,nop,TS val 2107607539 ecr 1450277271], length 31
19:42:29.027735 IP vyrazu-35-ThinkCentre-M70t.48418 > ec2-3-71-145-122.eu-central-1.compute.amazonaws.com.https: Flags [P.], seq 246:453, ack 273, win 346, options [nop,nop,TS val 3128095156 ecr 1047291556], length 207
19:42:29.028243 IP vyrazu-35-ThinkCentre-M70t.48418 > ec2-3-71-145-122.eu-central-1.compute.amazonaws.com.https: Flags [P.], seq 453:492, ack 273, win 346, options [nop,nop,TS val 3128095157 ecr 1047291556], length 39
19:42:29.029721 IP sc-in-f138.1e100.net.https > vyrazu-35-ThinkCentre-M70t.49150: UDP, length 618
19:42:29.030008 IP sc-in-f138.1e100.net.https > vyrazu-35-ThinkCentre-M70t.49150: UDP, length 124
19:42:29.030008 IP sc-in-f138.1e100.net.https > vyrazu-35-ThinkCentre-M70t.49150: UDP, length 26
19:42:29.031002 IP vyrazu-35-ThinkCentre-M70t.49150 > sc-in-f138.1e100.net.https: UDP, length 31
19:42:29.031102 IP 104.21.74.54.https > vyrazu-35-ThinkCentre-M70t.45056: UDP, length 38
19:42:29.033659 IP vyrazu-35-ThinkCentre-M70t.44826 > bom12s11-in-f4.1e100.net.https: Flags [P.], seq 2389:2684, ack 7444, win 450, options [nop,nop,TS val 4258697195 ecr 1821761718], length 295
19:42:29.037858 IP 104.21.74.54.https > vyrazu-35-ThinkCentre-M70t.45056: UDP, length 26
19:42:29.041673 IP bom12s13-in-f14.1e100.net.https > vyrazu-35-ThinkCentre-M70t.38478: Flags [S.], seq 2468723197, ack 1905239868, win 65535, options [mss 1412,sackOK,TS val 2633060044 ecr 3732915883,nop,wscale 8], length 0
19:42:29.041705 IP vyrazu-35-ThinkCentre-M70t.38478 > bom12s13-in-f14.1e100.net.https: Flags [.], ack 1, win 502, options [nop,nop,TS val 3732915921 ecr 2633060044], length 0
19:42:29.042356 IP 13.107.246.48.https > vyrazu-35-ThinkCentre-M70t.60980: Flags [S.], seq 4165863782, ack 205443387, win 43338, options [mss 1410,sackOK,TS val 781031511 ecr 4265454449,nop,wscale 9], length 0
19:42:29.042366 IP vyrazu-35-ThinkCentre-M70t.60980 > 13.107.246.48.https: Flags [.], ack 1, win 502, options [nop,nop,TS val 4265454488 ecr 781031511], length 0
19:42:29.042450 IP vyrazu-35-ThinkCentre-M70t.38478 > bom12s13-in-f14.1e100.net.https: Flags [P.], seq 1:1910, ack 1, win 502, options [nop,nop,TS val 3732915922 ecr 2633060044], length 1909
19:42:29.043025 IP 13.107.246.48.https > vyrazu-35-ThinkCentre-M70t.60982: Flags [S.], seq 535391552, ack 3656680329, win 43338, options [mss 1410,sackOK,TS val 3611609730 ecr 4265454449,nop,wscale 9], length 0
19:42:29.043035 IP vyrazu-35-ThinkCentre-M70t.60982 > 13.107.246.48.https: Flags [.], ack 1, win 502, options [nop,nop,TS val 4265454488 ecr 3611609730], length 0
19:42:29.043066 IP vyrazu-35-ThinkCentre-M70t.60980 > 13.107.246.48.https: Flags [P.], seq 1:1900, ack 1, win 502, options [nop,nop,TS val 4265454488 ecr 781031511], length 1899
19:42:29.043467 IP vyrazu-35-ThinkCentre-M70t.60982 > 13.107.246.48.https: Flags [P.], seq 1:1900, ack 1, win 502, options [nop,nop,TS val 4265454489 ecr 3611609730], length 1899
19:42:29.044316 IP 104.21.74.54.https > vyrazu-35-ThinkCentre-M70t.45056: UDP, length 26
19:42:29.044706 IP a23-196-14-48.deploy.static.akamaitechnologies.com.https > vyrazu-35-ThinkCentre-M70t.47012: Flags [P.], seq 4726:4750, ack 1998, win 545, options [nop,nop,TS val 3037748815 ecr 465356257], length 24
19:42:29.044707 IP a23-196-14-48.deploy.static.akamaitechnologies.com.https > vyrazu-35-ThinkCentre-M70t.47012: Flags [F.], seq 4750, ack 1998, win 545, options [nop,nop,TS val 3037748815 ecr 465356257], length 0
19:42:29.044721 IP vyrazu-35-ThinkCentre-M70t.47012 > a23-196-14-48.deploy.static.akamaitechnologies.com.https: Flags [R], seq 1774848966, win 0, length 0
19:42:29.044730 IP vyrazu-35-ThinkCentre-M70t.47012 > a23-196-14-48.deploy.static.akamaitechnologies.com.https: Flags [R], seq 1774848966, win 0, length 0
19:42:29.046012 IP bom12s11-in-f4.1e100.net.https > vyrazu-35-ThinkCentre-M70t.44826: Flags [.], ack 2389, win 1042, options [nop,nop,TS val 1821761762 ecr 4258697163], length 0
19:42:29.050447 IP 104.21.74.54.https > vyrazu-35-ThinkCentre-M70t.45056: UDP, length 26
19:42:29.050510 IP vyrazu-35-ThinkCentre-M70t.45056 > 104.21.74.54.https: UDP, length 43
19:42:29.055279 IP 104.21.74.54.https > vyrazu-35-ThinkCentre-M70t.45056: UDP, length 26
19:42:29.056393 IP bom07s25-in-f3.1e100.net.https > vyrazu-35-ThinkCentre-M70t.48531: UDP, length 43
19:42:29.057750 IP bom07s25-in-f3.1e100.net.https > vyrazu-35-ThinkCentre-M70t.48531: UDP, length 1252
19:42:29.058219 IP bom07s25-in-f3.1e100.net.https > vyrazu-35-ThinkCentre-M70t.48531: UDP, length 1252
19:42:29.058220 IP bom07s25-in-f3.1e100.net.https > vyrazu-35-ThinkCentre-M70t.48531: UDP, length 1252
19:42:29.058720 IP vyrazu-35-ThinkCentre-M70t.48531 > bom07s25-in-f3.1e100.net.https: UDP, length 40
19:42:29.059382 IP bom07s25-in-f3.1e100.net.https > vyrazu-35-ThinkCentre-M70t.48531: UDP, length 1252
19:42:29.059466 IP vyrazu-35-ThinkCentre-M70t.48531 > bom07s25-in-f3.1e100.net.https: UDP, length 42
19:42:29.059716 IP bom12s13-in-f14.1e100.net.https > vyrazu-35-ThinkCentre-M70t.38492: Flags [S.], seq 4127893472, ack 887693042, win 65535, options [mss 1412,sackOK,TS val 3683817221 ecr 3732915902,nop,wscale 8], length 0
19:42:29.059732 IP vyrazu-35-ThinkCentre-M70t.38492 > bom12s13-in-f14.1e100.net.https: Flags [.], ack 1, win 502, options [nop,nop,TS val 3732915939 ecr 3683817221], length 0
19:42:29.059979 IP bom07s25-in-f3.1e100.net.https > vyrazu-35-ThinkCentre-M70t.48531: UDP, length 1252
19:42:29.060464 IP vyrazu-35-ThinkCentre-M70t.38492 > bom12s13-in-f14.1e100.net.https: Flags [P.], seq 1:1910, ack 1, win 502, options [nop,nop,TS val 3732915940 ecr 3683817221], length 1909
19:42:29.060602 IP vyrazu-35-ThinkCentre-M70t.48531 > bom07s25-in-f3.1e100.net.https: UDP, length 42
19:42:29.060733 IP bom07s25-in-f3.1e100.net.https > vyrazu-35-ThinkCentre-M70t.48531: UDP, length 1252
19:42:29.060786 IP vyrazu-35-ThinkCentre-M70t.48531 > bom07s25-in-f3.1e100.net.https: UDP, length 42
19:42:29.061627 IP 104.21.74.54.https > vyrazu-35-ThinkCentre-M70t.45056: UDP, length 26
19:42:29.069939 IP bom12s11-in-f4.1e100.net.https > vyrazu-35-ThinkCentre-M70t.44826: Flags [.], ack 2684, win 1041, options [nop,nop,TS val 1821761786 ecr 4258697195], length 0
19:42:29.078227 IP 13.107.246.48.https > vyrazu-35-ThinkCentre-M70t.60982: Flags [.], ack 1399, win 83, options [nop,nop,TS val 3611609766 ecr 4265454489], length 0
19:42:29.078464 IP bom12s13-in-f14.1e100.net.https > vyrazu-35-ThinkCentre-M70t.38478: Flags [.], ack 1910, win 1072, options [nop,nop,TS val 2633060081 ecr 3732915922], length 0
19:42:29.078981 IP 13.107.246.48.https > vyrazu-35-ThinkCentre-M70t.60982: Flags [.], ack 1900, win 83, options [nop,nop,TS val 3611609767 ecr 4265454489], length 0
19:42:29.079483 IP 13.107.246.48.https > vyrazu-35-ThinkCentre-M70t.60980: Flags [.], ack 1900, win 83, options [nop,nop,TS val 781031549 ecr 4265454488], length 0
19:42:29.080090 IP bom12s13-in-f14.1e100.net.https > vyrazu-35-ThinkCentre-M70t.38478: Flags [P.], seq 1:2801, ack 1910, win 1072, options [nop,nop,TS val 2633060082 ecr 3732915922], length 2800
19:42:29.080092 IP bom12s13-in-f14.1e100.net.https > vyrazu-35-ThinkCentre-M70t.38478: Flags [.], seq 2801:4201, ack 1910, win 1072, options [nop,nop,TS val 2633060082 ecr 3732915922], length 1400
19:42:29.080123 IP vyrazu-35-ThinkCentre-M70t.38478 > bom12s13-in-f14.1e100.net.https: Flags [.], ack 2801, win 481, options [nop,nop,TS val 3732915959 ecr 2633060082], length 0
19:42:29.080134 IP vyrazu-35-ThinkCentre-M70t.38478 > bom12s13-in-f14.1e100.net.https: Flags [.], ack 4201, win 471, options [nop,nop,TS val 3732915959 ecr 2633060082], length 0
19:42:29.080539 IP bom12s13-in-f14.1e100.net.https > vyrazu-35-ThinkCentre-M70t.38478: Flags [P.], seq 4201:5601, ack 1910, win 1072, options [nop,nop,TS val 2633060082 ecr 3732915922], length 1400
19:42:29.080539 IP bom12s13-in-f14.1e100.net.https > vyrazu-35-ThinkCentre-M70t.38478: Flags [P.], seq 5601:5804, ack 1910, win 1072, options [nop,nop,TS val 2633060082 ecr 3732915922], length 203
19:42:29.080546 IP vyrazu-35-ThinkCentre-M70t.38478 > bom12s13-in-f14.1e100.net.https: Flags [.], ack 5601, win 461, options [nop,nop,TS val 3732915960 ecr 2633060082], length 0
19:42:29.080557 IP vyrazu-35-ThinkCentre-M70t.38478 > bom12s13-in-f14.1e100.net.https: Flags [.], ack 5804, win 460, options [nop,nop,TS val 3732915960 ecr 2633060082], length 0
19:42:29.081271 IP vyrazu-35-ThinkCentre-M70t.38478 > bom12s13-in-f14.1e100.net.https: Flags [P.], seq 1910:1974, ack 5804, win 460, options [nop,nop,TS val 3732915961 ecr 2633060082], length 64
19:42:29.081380 IP 13.107.246.48.https > vyrazu-35-ThinkCentre-M70t.60980: Flags [P.], seq 1:2797, ack 1900, win 83, options [nop,nop,TS val 781031550 ecr 4265454488], length 2796
19:42:29.081381 IP 13.107.246.48.https > vyrazu-35-ThinkCentre-M70t.60980: Flags [P.], seq 2797:4097, ack 1900, win 83, options [nop,nop,TS val 781031550 ecr 4265454488], length 1300
19:42:29.081389 IP vyrazu-35-ThinkCentre-M70t.60980 > 13.107.246.48.https: Flags [.], ack 2797, win 481, options [nop,nop,TS val 4265454527 ecr 781031550], length 0
19:42:29.081396 IP vyrazu-35-ThinkCentre-M70t.60980 > 13.107.246.48.https: Flags [.], ack 4097, win 471, options [nop,nop,TS val 4265454527 ecr 781031550], length 0
19:42:29.081851 IP vyrazu-35-ThinkCentre-M70t.38478 > bom12s13-in-f14.1e100.net.https: Flags [P.], seq 1974:2066, ack 5804, win 460, options [nop,nop,TS val 3732915961 ecr 2633060082], length 92
19:42:29.081872 IP vyrazu-35-ThinkCentre-M70t.38478 > bom12s13-in-f14.1e100.net.https: Flags [P.], seq 2066:2779, ack 5804, win 460, options [nop,nop,TS val 3732915961 ecr 2633060082], length 713
19:42:29.082982 IP 13.107.246.48.https > vyrazu-35-ThinkCentre-M70t.60980: Flags [P.], seq 4097:4982, ack 1900, win 83, options [nop,nop,TS val 781031552 ecr 4265454488], length 885
19:42:29.082988 IP vyrazu-35-ThinkCentre-M70t.60980 > 13.107.246.48.https: Flags [.], ack 4982, win 465, options [nop,nop,TS val 4265454528 ecr 781031552], length 0
19:42:29.083560 IP vyrazu-35-ThinkCentre-M70t.38478 > bom12s13-in-f14.1e100.net.https: Flags [P.], seq 2779:2810, ack 5804, win 460, options [nop,nop,TS val 3732915963 ecr 2633060082], length 31
19:42:29.083845 IP vyrazu-35-ThinkCentre-M70t.60980 > 13.107.246.48.https: Flags [P.], seq 1900:1980, ack 4982, win 465, options [nop,nop,TS val 4265454529 ecr 781031552], length 80
19:42:29.084115 IP vyrazu-35-ThinkCentre-M70t.60980 > 13.107.246.48.https: Flags [P.], seq 1980:2072, ack 4982, win 465, options [nop,nop,TS val 4265454529 ecr 781031552], length 92
19:42:29.084622 IP vyrazu-35-ThinkCentre-M70t.60980 > 13.107.246.48.https: Flags [P.], seq 2072:2334, ack 4982, win 465, options [nop,nop,TS val 4265454530 ecr 781031552], length 262
19:42:29.089647 IP server-54-192-151-10.ccu50.r.cloudfront.net.https > vyrazu-35-ThinkCentre-M70t.47838: Flags [.], ack 2364, win 141, options [nop,nop,TS val 1450277334 ecr 2107607539], length 0
19:42:29.094661 IP vyrazu-35-ThinkCentre-M70t.40978 > md-22.webhostbox.net.https: Flags [S], seq 4210374123, win 64240, options [mss 1460,sackOK,TS val 1724198344 ecr 0,nop,wscale 7], length 0
19:42:29.096071 IP bom07s25-in-f3.1e100.net.https > vyrazu-35-ThinkCentre-M70t.48531: UDP, length 607
19:42:29.096792 IP bom12s13-in-f14.1e100.net.https > vyrazu-35-ThinkCentre-M70t.38492: Flags [.], ack 1401, win 1045, options [nop,nop,TS val 3683817259 ecr 3732915940], length 0
19:42:29.096834 IP vyrazu-35-ThinkCentre-M70t.48531 > bom07s25-in-f3.1e100.net.https: UDP, length 43
19:42:29.097091 IP bom12s13-in-f14.1e100.net.https > vyrazu-35-ThinkCentre-M70t.38492: Flags [.], ack 1910, win 1044, options [nop,nop,TS val 3683817259 ecr 3732915940], length 0
19:42:29.097706 IP vyrazu-35-ThinkCentre-M70t.48531 > bom07s25-in-f3.1e100.net.https: UDP, length 131
19:42:29.097726 IP vyrazu-35-ThinkCentre-M70t.48531 > bom07s25-in-f3.1e100.net.https: UDP, length 67
19:42:29.098038 IP bom12s13-in-f14.1e100.net.https > vyrazu-35-ThinkCentre-M70t.38492: Flags [.], seq 1:1401, ack 1910, win 1044, options [nop,nop,TS val 3683817260 ecr 3732915940], length 1400
19:42:29.098047 IP vyrazu-35-ThinkCentre-M70t.38492 > bom12s13-in-f14.1e100.net.https: Flags [.], ack 1401, win 492, options [nop,nop,TS val 3732915977 ecr 3683817260], length 0
19:42:29.098867 IP bom12s13-in-f14.1e100.net.https > vyrazu-35-ThinkCentre-M70t.38492: Flags [P.], seq 1401:2801, ack 1910, win 1044, options [nop,nop,TS val 3683817260 ecr 3732915940], length 1400
19:42:29.098868 IP bom12s13-in-f14.1e100.net.https > vyrazu-35-ThinkCentre-M70t.38492: Flags [P.], seq 2801:5601, ack 1910, win 1044, options [nop,nop,TS val 3683817260 ecr 3732915940], length 2800
19:42:29.098877 IP vyrazu-35-ThinkCentre-M70t.38492 > bom12s13-in-f14.1e100.net.https: Flags [.], ack 2801, win 482, options [nop,nop,TS val 3732915978 ecr 3683817260], length 0
19:42:29.098884 IP vyrazu-35-ThinkCentre-M70t.38492 > bom12s13-in-f14.1e100.net.https: Flags [.], ack 5601, win 461, options [nop,nop,TS val 3732915978 ecr 3683817260], length 0
19:42:29.099569 IP bom12s13-in-f14.1e100.net.https > vyrazu-35-ThinkCentre-M70t.38492: Flags [P.], seq 5601:5806, ack 1910, win 1044, options [nop,nop,TS val 3683817260 ecr 3732915940], length 205
19:42:29.099575 IP vyrazu-35-ThinkCentre-M70t.38492 > bom12s13-in-f14.1e100.net.https: Flags [.], ack 5806, win 460, options [nop,nop,TS val 3732915979 ecr 3683817260], length 0
19:42:29.100329 IP vyrazu-35-ThinkCentre-M70t.38492 > bom12s13-in-f14.1e100.net.https: Flags [P.], seq 1910:1974, ack 5806, win 460, options [nop,nop,TS val 3732915980 ecr 3683817260], length 64
19:42:29.100597 IP vyrazu-35-ThinkCentre-M70t.38492 > bom12s13-in-f14.1e100.net.https: Flags [P.], seq 1974:2083, ack 5806, win 460, options [nop,nop,TS val 3732915980 ecr 3683817260], length 109
19:42:29.100616 IP 13.107.246.48.https > vyrazu-35-ThinkCentre-M70t.60982: Flags [.], seq 1:1399, ack 1900, win 83, options [nop,nop,TS val 3611609788 ecr 4265454489], length 1398
19:42:29.100625 IP vyrazu-35-ThinkCentre-M70t.60982 > 13.107.246.48.https: Flags [.], ack 1399, win 492, options [nop,nop,TS val 4265454546 ecr 3611609788], length 0
19:42:29.101540 IP 13.107.246.48.https > vyrazu-35-ThinkCentre-M70t.60982: Flags [P.], seq 1399:2797, ack 1900, win 83, options [nop,nop,TS val 3611609788 ecr 4265454489], length 1398
19:42:29.101540 IP ec2-3-6-115-64.ap-south-1.compute.amazonaws.com.http > vyrazu-35-ThinkCentre-M70t.49294: Flags [.], ack 1, win 442, options [nop,nop,TS val 2970398571 ecr 3327817970], length 0
19:42:29.101547 IP vyrazu-35-ThinkCentre-M70t.49294 > ec2-3-6-115-64.ap-south-1.compute.amazonaws.com.http: Flags [.], ack 1, win 501, options [nop,nop,TS val 3327833328 ecr 2970398167], length 0
19:42:29.101552 IP vyrazu-35-ThinkCentre-M70t.60982 > 13.107.246.48.https: Flags [.], ack 2797, win 482, options [nop,nop,TS val 4265454547 ecr 3611609788], length 0
19:42:29.102268 IP 13.107.246.48.https > vyrazu-35-ThinkCentre-M70t.60982: Flags [P.], seq 2797:4097, ack 1900, win 83, options [nop,nop,TS val 3611609788 ecr 4265454489], length 1300
19:42:29.102276 IP vyrazu-35-ThinkCentre-M70t.60982 > 13.107.246.48.https: Flags [.], ack 4097, win 472, options [nop,nop,TS val 4265454548 ecr 3611609788], length 0
19:42:29.105428 IP _gateway.domain > vyrazu-35-ThinkCentre-M70t.39139: 29799 ServFail 0/1/1 (155)
19:42:29.105486 IP vyrazu-35-ThinkCentre-M70t.39139 > _gateway.domain: 29799+ PTR? 101.185.15.16.in-addr.arpa. (44)
19:42:29.112745 IP md-22.webhostbox.net.https > vyrazu-35-ThinkCentre-M70t.40970: Flags [S.], seq 2906667038, ack 2552682503, win 64704, options [mss 1360,sackOK,TS val 4188425127 ecr 1724198082,nop,wscale 7], length 0
19:42:29.112771 IP vyrazu-35-ThinkCentre-M70t.40970 > md-22.webhostbox.net.https: Flags [.], ack 1, win 502, options [nop,nop,TS val 1724198362 ecr 4188425127], length 0
19:42:29.113360 IP vyrazu-35-ThinkCentre-M70t.40970 > md-22.webhostbox.net.https: Flags [P.], seq 1:1903, ack 1, win 502, options [nop,nop,TS val 1724198363 ecr 4188425127], length 1902
19:42:29.114596 IP md-22.webhostbox.net.https > vyrazu-35-ThinkCentre-M70t.40962: Flags [S.], seq 3219824807, ack 6708487, win 64704, options [mss 1360,sackOK,TS val 4188425129 ecr 1724198082,nop,wscale 7], length 0
19:42:29.114607 IP vyrazu-35-ThinkCentre-M70t.40962 > md-22.webhostbox.net.https: Flags [.], ack 1, win 502, options [nop,nop,TS val 1724198364 ecr 4188425129], length 0
19:42:29.115001 IP vyrazu-35-ThinkCentre-M70t.40962 > md-22.webhostbox.net.https: Flags [P.], seq 1:1903, ack 1, win 502, options [nop,nop,TS val 1724198364 ecr 4188425129], length 1902
19:42:29.115956 IP md-22.webhostbox.net.https > vyrazu-35-ThinkCentre-M70t.40966: Flags [S.], seq 2455958013, ack 2952191037, win 64704, options [mss 1360,sackOK,TS val 4188425127 ecr 1724198082,nop,wscale 7], length 0
19:42:29.115966 IP vyrazu-35-ThinkCentre-M70t.40966 > md-22.webhostbox.net.https: Flags [.], ack 1, win 502, options [nop,nop,TS val 1724198365 ecr 4188425127], length 0
19:42:29.116491 IP vyrazu-35-ThinkCentre-M70t.40966 > md-22.webhostbox.net.https: Flags [P.], seq 1:1903, ack 1, win 502, options [nop,nop,TS val 1724198366 ecr 4188425127], length 1902
19:42:29.117427 IP bom12s13-in-f14.1e100.net.https > vyrazu-35-ThinkCentre-M70t.38478: Flags [P.], seq 5804:6420, ack 1974, win 1072, options [nop,nop,TS val 2633060120 ecr 3732915961], length 616
19:42:29.117750 IP vyrazu-35-ThinkCentre-M70t.38478 > bom12s13-in-f14.1e100.net.https: Flags [P.], seq 2810:2841, ack 6420, win 456, options [nop,nop,TS val 3732915997 ecr 2633060120], length 31
19:42:29.118215 IP bom12s13-in-f14.1e100.net.https > vyrazu-35-ThinkCentre-M70t.38478: Flags [.], ack 2779, win 1083, options [nop,nop,TS val 2633060120 ecr 3732915961], length 0
19:42:29.118581 IP bom12s13-in-f14.1e100.net.https > vyrazu-35-ThinkCentre-M70t.38478: Flags [P.], seq 6420:6451, ack 2779, win 1083, options [nop,nop,TS val 2633060121 ecr 3732915961], length 31
19:42:29.120896 IP 13.107.246.48.https > vyrazu-35-ThinkCentre-M70t.60982: Flags [P.], seq 4097:4982, ack 1900, win 83, options [nop,nop,TS val 3611609809 ecr 4265454489], length 885
19:42:29.120909 IP vyrazu-35-ThinkCentre-M70t.60982 > 13.107.246.48.https: Flags [.], ack 4982, win 466, options [nop,nop,TS val 4265454566 ecr 3611609809], length 0
19:42:29.121864 IP vyrazu-35-ThinkCentre-M70t.60982 > 13.107.246.48.https: Flags [P.], seq 1900:1980, ack 4982, win 466, options [nop,nop,TS val 4265454567 ecr 3611609809], length 80
19:42:29.122237 IP vyrazu-35-ThinkCentre-M70t.60982 > 13.107.246.48.https: Flags [P.], seq 1980:2089, ack 4982, win 466, options [nop,nop,TS val 4265454568 ecr 3611609809], length 109
19:42:29.122726 IP 13.107.246.48.https > vyrazu-35-ThinkCentre-M70t.60980: Flags [.], ack 2334, win 83, options [nop,nop,TS val 781031592 ecr 4265454529], length 0
19:42:29.123327 IP 13.107.246.48.https > vyrazu-35-ThinkCentre-M70t.60980: Flags [P.], seq 4982:5269, ack 2334, win 83, options [nop,nop,TS val 781031593 ecr 4265454529], length 287
19:42:29.123846 IP 13.107.246.48.https > vyrazu-35-ThinkCentre-M70t.60980: Flags [P.], seq 5269:5556, ack 2334, win 83, options [nop,nop,TS val 781031593 ecr 4265454529], length 287
19:42:29.124177 IP bom12s13-in-f14.1e100.net.https > vyrazu-35-ThinkCentre-M70t.38478: Flags [.], ack 2810, win 1083, options [nop,nop,TS val 2633060127 ecr 3732915963], length 0
19:42:29.124248 IP vyrazu-35-ThinkCentre-M70t.60980 > 13.107.246.48.https: Flags [.], ack 5556, win 461, options [nop,nop,TS val 4265454570 ecr 781031593], length 0
19:42:29.124803 IP 13.107.246.48.https > vyrazu-35-ThinkCentre-M70t.60980: Flags [P.], seq 5556:5627, ack 2334, win 83, options [nop,nop,TS val 781031593 ecr 4265454529], length 71
19:42:29.124894 IP vyrazu-35-ThinkCentre-M70t.60980 > 13.107.246.48.https: Flags [P.], seq 2334:2365, ack 5627, win 461, options [nop,nop,TS val 4265454570 ecr 781031593], length 31
19:42:29.130222 IP vyrazu-35-ThinkCentre-M70t.41786 > ec2-3-6-30-85.ap-south-1.compute.amazonaws.com.http: Flags [.], ack 1, win 501, options [nop,nop,TS val 3268743509 ecr 1456137071], length 0
19:42:29.134398 IP bom07s25-in-f3.1e100.net.https > vyrazu-35-ThinkCentre-M70t.48531: UDP, length 618
19:42:29.134773 IP bom07s25-in-f3.1e100.net.https > vyrazu-35-ThinkCentre-M70t.48531: UDP, length 124
19:42:29.134813 IP vyrazu-35-ThinkCentre-M70t.48531 > bom07s25-in-f3.1e100.net.https: UDP, length 31
19:42:29.135469 IP bom07s25-in-f3.1e100.net.https > vyrazu-35-ThinkCentre-M70t.48531: UDP, length 26
19:42:29.138650 IP bom12s13-in-f14.1e100.net.https > vyrazu-35-ThinkCentre-M70t.38492: Flags [P.], seq 5806:6422, ack 2083, win 1044, options [nop,nop,TS val 3683817300 ecr 3732915980], length 616
19:42:29.139023 IP vyrazu-35-ThinkCentre-M70t.38492 > bom12s13-in-f14.1e100.net.https: Flags [P.], seq 2083:2107, ack 6422, win 456, options [nop,nop,TS val 3732916018 ecr 3683817300], length 24
19:42:29.139028 IP bom12s13-in-f14.1e100.net.https > vyrazu-35-ThinkCentre-M70t.38492: Flags [P.], seq 6422:6453, ack 2083, win 1044, options [nop,nop,TS val 3683817300 ecr 3732915980], length 31
19:42:29.139042 IP vyrazu-35-ThinkCentre-M70t.38492 > bom12s13-in-f14.1e100.net.https: Flags [R.], seq 2107, ack 6453, win 456, options [nop,nop,TS val 3732916018 ecr 3683817300], length 0
19:42:29.147883 IP _gateway.domain > vyrazu-35-ThinkCentre-M70t.39139: 29799 ServFail 0/1/0 (144)
19:42:29.148734 IP vyrazu-35-ThinkCentre-M70t.52521 > _gateway.domain: 25783+ [1au] PTR? 197.206.184.52.in-addr.arpa. (56)
19:42:29.154562 IP bom12s13-in-f14.1e100.net.https > vyrazu-35-ThinkCentre-M70t.38478: Flags [.], ack 2841, win 1083, options [nop,nop,TS val 2633060156 ecr 3732915997], length 0
19:42:29.155031 IP vyrazu-35-ThinkCentre-M70t.48531 > bom07s25-in-f3.1e100.net.https: UDP, length 32
19:42:29.156618 IP bom12s11-in-f4.1e100.net.https > vyrazu-35-ThinkCentre-M70t.44826: Flags [P.], seq 7444:7894, ack 2684, win 1041, options [nop,nop,TS val 1821761872 ecr 4258697195], length 450
19:42:29.156619 IP bom12s11-in-f4.1e100.net.https > vyrazu-35-ThinkCentre-M70t.44826: Flags [P.], seq 7894:9294, ack 2684, win 1041, options [nop,nop,TS val 1821761873 ecr 4258697195], length 1400
19:42:29.156718 IP vyrazu-35-ThinkCentre-M70t.44826 > bom12s11-in-f4.1e100.net.https: Flags [.], ack 9294, win 436, options [nop,nop,TS val 4258697318 ecr 1821761872], length 0
19:42:29.157626 IP bom12s11-in-f4.1e100.net.https > vyrazu-35-ThinkCentre-M70t.44826: Flags [P.], seq 9294:10694, ack 2684, win 1041, options [nop,nop,TS val 1821761873 ecr 4258697195], length 1400
19:42:29.158833 IP bom12s11-in-f4.1e100.net.https > vyrazu-35-ThinkCentre-M70t.44826: Flags [P.], seq 10694:13494, ack 2684, win 1041, options [nop,nop,TS val 1821761874 ecr 4258697195], length 2800
19:42:29.158872 IP vyrazu-35-ThinkCentre-M70t.44826 > bom12s11-in-f4.1e100.net.https: Flags [.], ack 13494, win 404, options [nop,nop,TS val 4258697320 ecr 1821761873], length 0
19:42:29.159178 IP vyrazu-35-ThinkCentre-M70t.38478 > bom12s13-in-f14.1e100.net.https: Flags [.], ack 6451, win 456, options [nop,nop,TS val 3732916039 ecr 2633060121], length 0
19:42:29.159186 IP vyrazu-35-ThinkCentre-M70t.60774 > ec2-3-6-30-85.ap-south-1.compute.amazonaws.com.http: Flags [.], ack 1, win 501, options [nop,nop,TS val 3268743538 ecr 1456137127], length 0
19:42:29.159204 IP 13.107.246.48.https > vyrazu-35-ThinkCentre-M70t.60980: Flags [P.], seq 5627:6640, ack 2334, win 83, options [nop,nop,TS val 781031627 ecr 4265454529], length 1013
19:42:29.159205 IP 13.107.246.48.https > vyrazu-35-ThinkCentre-M70t.60980: Flags [P.], seq 6640:6671, ack 2334, win 83, options [nop,nop,TS val 781031627 ecr 4265454529], length 31
19:42:29.159337 IP vyrazu-35-ThinkCentre-M70t.60980 > 13.107.246.48.https: Flags [.], ack 6671, win 453, options [nop,nop,TS val 4265454605 ecr 781031627], length 0
19:42:29.160996 IP 13.107.246.48.https > vyrazu-35-ThinkCentre-M70t.60982: Flags [.], ack 2089, win 83, options [nop,nop,TS val 3611609848 ecr 4265454567], length 0
19:42:29.161569 IP bom12s11-in-f4.1e100.net.https > vyrazu-35-ThinkCentre-M70t.44826: Flags [P.], seq 13494:16294, ack 2684, win 1041, options [nop,nop,TS val 1821761876 ecr 4258697195], length 2800
19:42:29.161717 IP vyrazu-35-ThinkCentre-M70t.44826 > bom12s11-in-f4.1e100.net.https: Flags [.], ack 16294, win 383, options [nop,nop,TS val 4258697323 ecr 1821761876], length 0
19:42:29.162203 IP 13.107.246.48.https > vyrazu-35-ThinkCentre-M70t.60982: Flags [P.], seq 4982:5269, ack 2089, win 83, options [nop,nop,TS val 3611609848 ecr 4265454567], length 287
19:42:29.162738 IP vyrazu-35-ThinkCentre-M70t.60982 > 13.107.246.48.https: Flags [P.], seq 2089:2113, ack 5269, win 464, options [nop,nop,TS val 4265454608 ecr 3611609848], length 24
19:42:29.162777 IP vyrazu-35-ThinkCentre-M70t.60982 > 13.107.246.48.https: Flags [F.], seq 2113, ack 5269, win 464, options [nop,nop,TS val 4265454608 ecr 3611609848], length 0
19:42:29.162861 IP 13.107.246.48.https > vyrazu-35-ThinkCentre-M70t.60982: Flags [P.], seq 5269:5627, ack 2089, win 83, options [nop,nop,TS val 3611609849 ecr 4265454567], length 358
19:42:29.162897 IP vyrazu-35-ThinkCentre-M70t.60982 > 13.107.246.48.https: Flags [R], seq 3656682417, win 0, length 0
19:42:29.163719 IP bom12s11-in-f4.1e100.net.https > vyrazu-35-ThinkCentre-M70t.44826: Flags [P.], seq 16294:19094, ack 2684, win 1041, options [nop,nop,TS val 1821761878 ecr 4258697195], length 2800
19:42:29.164001 IP vyrazu-35-ThinkCentre-M70t.44826 > bom12s11-in-f4.1e100.net.https: Flags [.], ack 19094, win 362, options [nop,nop,TS val 4258697325 ecr 1821761878], length 0
19:42:29.164248 IP ec2-3-6-30-85.ap-south-1.compute.amazonaws.com.http > vyrazu-35-ThinkCentre-M70t.41786: Flags [.], ack 1, win 2098, options [nop,nop,TS val 1456138132 ecr 3268739226], length 0
19:42:29.164615 IP bom12s11-in-f4.1e100.net.https > vyrazu-35-ThinkCentre-M70t.44826: Flags [.], seq 19094:20494, ack 2684, win 1041, options [nop,nop,TS val 1821761880 ecr 4258697195], length 1400
19:42:29.164808 IP bom12s11-in-f4.1e100.net.https > vyrazu-35-ThinkCentre-M70t.44826: Flags [P.], seq 20494:21894, ack 2684, win 1041, options [nop,nop,TS val 1821761880 ecr 4258697195], length 1400
19:42:29.164991 IP vyrazu-35-ThinkCentre-M70t.44826 > bom12s11-in-f4.1e100.net.https: Flags [.], ack 21894, win 341, options [nop,nop,TS val 4258697326 ecr 1821761880], length 0
19:42:29.165927 IP bom12s11-in-f4.1e100.net.https > vyrazu-35-ThinkCentre-M70t.44826: Flags [P.], seq 21894:22131, ack 2684, win 1041, options [nop,nop,TS val 1821761882 ecr 4258697195], length 237
19:42:29.169099 IP vyrazu-35-ThinkCentre-M70t.44300 > bom07s25-in-f3.1e100.net.https: UDP, length 1252
19:42:29.169126 IP vyrazu-35-ThinkCentre-M70t.44300 > bom07s25-in-f3.1e100.net.https: UDP, length 1252
19:42:29.169144 IP vyrazu-35-ThinkCentre-M70t.44300 > bom07s25-in-f3.1e100.net.https: UDP, length 1252
19:42:29.180811 IP bom12s13-in-f14.1e100.net.https > vyrazu-35-ThinkCentre-M70t.38478: Flags [P.], seq 6451:7069, ack 2841, win 1083, options [nop,nop,TS val 2633060183 ecr 3732915997], length 618
19:42:29.180812 IP bom12s13-in-f14.1e100.net.https > vyrazu-35-ThinkCentre-M70t.38478: Flags [P.], seq 7069:7101, ack 2841, win 1083, options [nop,nop,TS val 2633060183 ecr 3732915997], length 32
19:42:29.180836 IP vyrazu-35-ThinkCentre-M70t.38478 > bom12s13-in-f14.1e100.net.https: Flags [.], ack 7069, win 452, options [nop,nop,TS val 3732916060 ecr 2633060183], length 0
19:42:29.180851 IP vyrazu-35-ThinkCentre-M70t.38478 > bom12s13-in-f14.1e100.net.https: Flags [.], ack 7101, win 452, options [nop,nop,TS val 3732916060 ecr 2633060183], length 0
19:42:29.182840 IP bom12s13-in-f14.1e100.net.https > vyrazu-35-ThinkCentre-M70t.38478: Flags [P.], seq 7101:7132, ack 2841, win 1083, options [nop,nop,TS val 2633060185 ecr 3732915997], length 31
19:42:29.182840 IP bom12s13-in-f14.1e100.net.https > vyrazu-35-ThinkCentre-M70t.38478: Flags [P.], seq 7132:7171, ack 2841, win 1083, options [nop,nop,TS val 2633060185 ecr 3732915997], length 39
19:42:29.182849 IP vyrazu-35-ThinkCentre-M70t.38478 > bom12s13-in-f14.1e100.net.https: Flags [.], ack 7132, win 452, options [nop,nop,TS val 3732916062 ecr 2633060185], length 0
19:42:29.182856 IP vyrazu-35-ThinkCentre-M70t.38478 > bom12s13-in-f14.1e100.net.https: Flags [.], ack 7171, win 452, options [nop,nop,TS val 3732916062 ecr 2633060185], length 0
19:42:29.183041 IP vyrazu-35-ThinkCentre-M70t.38478 > bom12s13-in-f14.1e100.net.https: Flags [P.], seq 2841:2880, ack 7171, win 452, options [nop,nop,TS val 3732916062 ecr 2633060185], length 39
19:42:29.191089 IP ec2-3-6-30-85.ap-south-1.compute.amazonaws.com.http > vyrazu-35-ThinkCentre-M70t.60774: Flags [.], ack 1, win 2168, options [nop,nop,TS val 1456138161 ecr 3268732815], length 0
19:42:29.195801 IP 13.107.246.48.https > vyrazu-35-ThinkCentre-M70t.60980: Flags [.], ack 2365, win 83, options [nop,nop,TS val 781031665 ecr 4265454570], length 0
19:42:29.198378 IP 13.107.246.48.https > vyrazu-35-ThinkCentre-M70t.60982: Flags [.], ack 2114, win 83, options [nop,nop,TS val 3611609886 ecr 4265454608], length 0
19:42:29.198392 IP vyrazu-35-ThinkCentre-M70t.60982 > 13.107.246.48.https: Flags [R], seq 3656682442, win 0, length 0
19:42:29.202574 IP 13.107.246.48.https > vyrazu-35-ThinkCentre-M70t.60982: Flags [F.], seq 5627, ack 2114, win 83, options [nop,nop,TS val 3611609889 ecr 4265454608], length 0
19:42:29.202603 IP vyrazu-35-ThinkCentre-M70t.60982 > 13.107.246.48.https: Flags [R], seq 3656682442, win 0, length 0
19:42:29.204175 IP _gateway.domain > vyrazu-35-ThinkCentre-M70t.52521: 25783 ServFail 0/1/1 (130)
19:42:29.204269 IP vyrazu-35-ThinkCentre-M70t.52521 > _gateway.domain: 25783+ [1au] PTR? 197.206.184.52.in-addr.arpa. (56)
19:42:29.205567 IP bom07s25-in-f3.1e100.net.https > vyrazu-35-ThinkCentre-M70t.44300: UDP, length 43
19:42:29.206121 IP bom07s25-in-f3.1e100.net.https > vyrazu-35-ThinkCentre-M70t.44300: UDP, length 43
19:42:29.206176 IP vyrazu-35-ThinkCentre-M70t.44826 > bom12s11-in-f4.1e100.net.https: Flags [.], ack 22131, win 340, options [nop,nop,TS val 4258697368 ecr 1821761882], length 0
19:42:29.206523 IP bom07s25-in-f3.1e100.net.https > vyrazu-35-ThinkCentre-M70t.44300: UDP, length 1252
19:42:29.206523 IP bom07s25-in-f3.1e100.net.https > vyrazu-35-ThinkCentre-M70t.44300: UDP, length 1252
19:42:29.211803 IP bom12s11-in-f4.1e100.net.https > vyrazu-35-ThinkCentre-M70t.44826: Flags [P.], seq 22131:23531, ack 2684, win 1041, options [nop,nop,TS val 1821761928 ecr 4258697326], length 1400
19:42:29.211804 IP bom12s11-in-f4.1e100.net.https > vyrazu-35-ThinkCentre-M70t.44826: Flags [P.], seq 23531:24931, ack 2684, win 1041, options [nop,nop,TS val 1821761928 ecr 4258697326], length 1400
19:42:29.211870 IP vyrazu-35-ThinkCentre-M70t.44826 > bom12s11-in-f4.1e100.net.https: Flags [.], ack 24931, win 319, options [nop,nop,TS val 4258697373 ecr 1821761928], length 0
19:42:29.213059 IP bom12s11-in-f4.1e100.net.https > vyrazu-35-ThinkCentre-M70t.44826: Flags [P.], seq 24931:27731, ack 2684, win 1041, options [nop,nop,TS val 1821761929 ecr 4258697326], length 2800
19:42:29.213085 IP vyrazu-35-ThinkCentre-M70t.44826 > bom12s11-in-f4.1e100.net.https: Flags [.], ack 27731, win 324, options [nop,nop,TS val 4258697374 ecr 1821761929], length 0
19:42:29.214370 IP 172.65.251.78.https > vyrazu-35-ThinkCentre-M70t.46058: Flags [P.], seq 8344:8404, ack 5622, win 17, options [nop,nop,TS val 4259914894 ecr 3509808803], length 60
19:42:29.214381 IP vyrazu-35-ThinkCentre-M70t.46058 > 172.65.251.78.https: Flags [.], ack 8404, win 440, options [nop,nop,TS val 3509811156 ecr 4259914894], length 0
19:42:29.215141 IP bom12s11-in-f4.1e100.net.https > vyrazu-35-ThinkCentre-M70t.44826: Flags [P.], seq 27731:30531, ack 2684, win 1041, options [nop,nop,TS val 1821761931 ecr 4258697326], length 2800
19:42:29.215150 IP vyrazu-35-ThinkCentre-M70t.44826 > bom12s11-in-f4.1e100.net.https: Flags [.], ack 30531, win 368, options [nop,nop,TS val 4258697376 ecr 1821761931], length 0
19:42:29.216756 IP bom12s11-in-f4.1e100.net.https > vyrazu-35-ThinkCentre-M70t.44826: Flags [P.], seq 30531:33331, ack 2684, win 1041, options [nop,nop,TS val 1821761933 ecr 4258697326], length 2800
19:42:29.216763 IP vyrazu-35-ThinkCentre-M70t.44826 > bom12s11-in-f4.1e100.net.https: Flags [.], ack 33331, win 412, options [nop,nop,TS val 4258697378 ecr 1821761933], length 0
19:42:29.218524 IP bom12s11-in-f4.1e100.net.https > vyrazu-35-ThinkCentre-M70t.44826: Flags [P.], seq 33331:36131, ack 2684, win 1041, options [nop,nop,TS val 1821761934 ecr 4258697326], length 2800
19:42:29.218531 IP vyrazu-35-ThinkCentre-M70t.44826 > bom12s11-in-f4.1e100.net.https: Flags [.], ack 36131, win 455, options [nop,nop,TS val 4258697380 ecr 1821761934], length 0
19:42:29.220340 IP bom12s11-in-f4.1e100.net.https > vyrazu-35-ThinkCentre-M70t.44826: Flags [P.], seq 36131:38931, ack 2684, win 1041, options [nop,nop,TS val 1821761936 ecr 4258697326], length 2800
19:42:29.220347 IP vyrazu-35-ThinkCentre-M70t.44826 > bom12s11-in-f4.1e100.net.https: Flags [.], ack 38931, win 499, options [nop,nop,TS val 4258697382 ecr 1821761936], length 0
19:42:29.222157 IP bom12s11-in-f4.1e100.net.https > vyrazu-35-ThinkCentre-M70t.44826: Flags [P.], seq 38931:41731, ack 2684, win 1041, options [nop,nop,TS val 1821761938 ecr 4258697326], length 2800
19:42:29.222164 IP vyrazu-35-ThinkCentre-M70t.44826 > bom12s11-in-f4.1e100.net.https: Flags [.], ack 41731, win 543, options [nop,nop,TS val 4258697383 ecr 1821761938], length 0
19:42:29.224019 IP bom12s11-in-f4.1e100.net.https > vyrazu-35-ThinkCentre-M70t.44826: Flags [P.], seq 41731:44531, ack 2684, win 1041, options [nop,nop,TS val 1821761940 ecr 4258697326], length 2800
19:42:29.224029 IP vyrazu-35-ThinkCentre-M70t.44826 > bom12s11-in-f4.1e100.net.https: Flags [.], ack 44531, win 587, options [nop,nop,TS val 4258697385 ecr 1821761940], length 0
19:42:29.224712 IP bom12s13-in-f14.1e100.net.https > vyrazu-35-ThinkCentre-M70t.38478: Flags [.], ack 2880, win 1083, options [nop,nop,TS val 2633060227 ecr 3732916062], length 0
19:42:29.225764 IP bom12s11-in-f4.1e100.net.https > vyrazu-35-ThinkCentre-M70t.44826: Flags [P.], seq 44531:47331, ack 2684, win 1041, options [nop,nop,TS val 1821761942 ecr 4258697326], length 2800
19:42:29.225772 IP vyrazu-35-ThinkCentre-M70t.44826 > bom12s11-in-f4.1e100.net.https: Flags [.], ack 47331, win 630, options [nop,nop,TS val 4258697387 ecr 1821761942], length 0
19:42:29.227588 IP bom12s11-in-f4.1e100.net.https > vyrazu-35-ThinkCentre-M70t.44826: Flags [P.], seq 47331:50131, ack 2684, win 1041, options [nop,nop,TS val 1821761943 ecr 4258697326], length 2800
19:42:29.227596 IP vyrazu-35-ThinkCentre-M70t.44826 > bom12s11-in-f4.1e100.net.https: Flags [.], ack 50131, win 674, options [nop,nop,TS val 4258697389 ecr 1821761943], length 0
19:42:29.229359 IP bom12s11-in-f4.1e100.net.https > vyrazu-35-ThinkCentre-M70t.44826: Flags [P.], seq 50131:51989, ack 2684, win 1041, options [nop,nop,TS val 1821761945 ecr 4258697326], length 1858
19:42:29.229366 IP vyrazu-35-ThinkCentre-M70t.44826 > bom12s11-in-f4.1e100.net.https: Flags [.], ack 51989, win 703, options [nop,nop,TS val 4258697391 ecr 1821761945], length 0
19:42:29.229466 IP vyrazu-35-ThinkCentre-M70t.44826 > bom12s11-in-f4.1e100.net.https: Flags [P.], seq 2684:2723, ack 51989, win 703, options [nop,nop,TS val 4258697391 ecr 1821761945], length 39
19:42:29.246326 IP vyrazu-35-ThinkCentre-M70t.54556 > 52.184.206.197.https: Flags [P.], seq 2381061814:2381061993, ack 1820917450, win 475, options [nop,nop,TS val 2606768242 ecr 1511609117], length 179
19:42:29.246387 IP vyrazu-35-ThinkCentre-M70t.54556 > 52.184.206.197.https: Flags [P.], seq 179:1638, ack 1, win 475, options [nop,nop,TS val 2606768242 ecr 1511609117], length 1459
19:42:29.246606 IP vyrazu-35-ThinkCentre-M70t.43746 > 4.207.209.100.https: Flags [P.], seq 298:484, ack 65, win 474, options [nop,nop,TS val 4146959708 ecr 2514571691], length 186
19:42:29.246626 IP vyrazu-35-ThinkCentre-M70t.43746 > 4.207.209.100.https: Flags [P.], seq 484:684, ack 65, win 474, options [nop,nop,TS val 4146959708 ecr 2514571691], length 200
19:42:29.247034 IP vyrazu-35-ThinkCentre-M70t.54556 > 52.184.206.197.https: Flags [P.], seq 1638:4534, ack 1, win 475, options [nop,nop,TS val 2606768242 ecr 1511609117], length 2896
19:42:29.247045 IP vyrazu-35-ThinkCentre-M70t.54556 > 52.184.206.197.https: Flags [P.], seq 4534:7430, ack 1, win 475, options [nop,nop,TS val 2606768242 ecr 1511609117], length 2896
19:42:29.247830 IP vyrazu-35-ThinkCentre-M70t.54556 > 52.184.206.197.https: Flags [P.], seq 7430:10326, ack 1, win 475, options [nop,nop,TS val 2606768243 ecr 1511609117], length 2896
19:42:29.248220 IP vyrazu-35-ThinkCentre-M70t.44300 > bom07s25-in-f3.1e100.net.https: UDP, length 1252
19:42:29.248287 IP vyrazu-35-ThinkCentre-M70t.54556 > 52.184.206.197.https: Flags [.], seq 10326:11774, ack 1, win 475, options [nop,nop,TS val 2606768244 ecr 1511609117], length 1448
19:42:29.250591 IP vyrazu-35-ThinkCentre-M70t.44826 > bom12s11-in-f4.1e100.net.https: Flags [P.], seq 2723:3012, ack 51989, win 703, options [nop,nop,TS val 4258697412 ecr 1821761945], length 289
19:42:29.258183 IP vyrazu-35-ThinkCentre-M70t.53220 > ec2-3-6-115-182.ap-south-1.compute.amazonaws.com.http: Flags [.], ack 1, win 501, options [nop,nop,TS val 4239965322 ecr 35770233], length 0
19:42:29.259559 IP _gateway.domain > vyrazu-35-ThinkCentre-M70t.52521: 25783 ServFail 0/1/1 (130)
19:42:29.259644 IP vyrazu-35-ThinkCentre-M70t.52521 > _gateway.domain: 25783+ PTR? 197.206.184.52.in-addr.arpa. (45)
19:42:29.265831 IP bom12s11-in-f4.1e100.net.https > vyrazu-35-ThinkCentre-M70t.44826: Flags [.], ack 2723, win 1041, options [nop,nop,TS val 1821761982 ecr 4258697391], length 0
19:42:29.266612 IP bom07s25-in-f3.1e100.net.https > vyrazu-35-ThinkCentre-M70t.44300: UDP, length 1252
19:42:29.267035 IP bom07s25-in-f3.1e100.net.https > vyrazu-35-ThinkCentre-M70t.44300: UDP, length 304
19:42:29.267466 IP bom07s25-in-f3.1e100.net.https > vyrazu-35-ThinkCentre-M70t.44300: UDP, length 617
19:42:29.267467 IP bom07s25-in-f3.1e100.net.https > vyrazu-35-ThinkCentre-M70t.44300: UDP, length 28
19:42:29.267479 IP vyrazu-35-ThinkCentre-M70t.44300 > bom07s25-in-f3.1e100.net.https: UDP, length 112
19:42:29.269180 IP vyrazu-35-ThinkCentre-M70t.57250 > ec2-3-6-115-182.ap-south-1.compute.amazonaws.com.http: Flags [.], ack 1, win 501, options [nop,nop,TS val 4239965333 ecr 35770270], length 0
19:42:29.286036 IP bom12s11-in-f4.1e100.net.https > vyrazu-35-ThinkCentre-M70t.44826: Flags [.], ack 3012, win 1040, options [nop,nop,TS val 1821762002 ecr 4258697412], length 0
19:42:29.286990 IP bom07s25-in-f3.1e100.net.https > vyrazu-35-ThinkCentre-M70t.44300: UDP, length 1252
19:42:29.287400 IP bom07s25-in-f3.1e100.net.https > vyrazu-35-ThinkCentre-M70t.44300: UDP, length 27
19:42:29.287682 IP vyrazu-35-ThinkCentre-M70t.44300 > bom07s25-in-f3.1e100.net.https: UDP, length 33
19:42:29.290503 IP ec2-3-6-115-182.ap-south-1.compute.amazonaws.com.http > vyrazu-35-ThinkCentre-M70t.53220: Flags [.], ack 1, win 2239, options [nop,nop,TS val 35771292 ecr 4239960759], length 0
19:42:29.304018 IP bom07s25-in-f3.1e100.net.https > vyrazu-35-ThinkCentre-M70t.44300: UDP, length 123
19:42:29.304616 IP ec2-3-6-115-182.ap-south-1.compute.amazonaws.com.http > vyrazu-35-ThinkCentre-M70t.57250: Flags [.], ack 1, win 3646, options [nop,nop,TS val 35771306 ecr 4239955009], length 0
19:42:29.312353 IP _gateway.domain > vyrazu-35-ThinkCentre-M70t.52521: 25783 ServFail 0/1/0 (119)
19:42:29.313454 IP vyrazu-35-ThinkCentre-M70t.36348 > _gateway.domain: 63957+ [1au] PTR? 197.206.184.52.in-addr.arpa. (56)
19:42:29.324901 IP vyrazu-35-ThinkCentre-M70t.44300 > bom07s25-in-f3.1e100.net.https: UDP, length 34
19:42:29.329933 IP vyrazu-35-ThinkCentre-M70t.43445 > _gateway.domain: 7387+ [1au] HTTPS? l.clarity.ms. (41)
19:42:29.330380 IP vyrazu-35-ThinkCentre-M70t.59765 > _gateway.domain: 12715+ [1au] A? l.clarity.ms. (41)
19:42:29.330636 IP vyrazu-35-ThinkCentre-M70t.47604 > _gateway.domain: 39126+ [1au] AAAA? l.clarity.ms. (41)
19:42:29.335744 IP _gateway.domain > vyrazu-35-ThinkCentre-M70t.43445: 7387 1/1/1 CNAME vmss-clarity-ingest-eus-e.eastus.cloudapp.azure.com. (183)
19:42:29.336342 IP vyrazu-35-ThinkCentre-M70t.38436 > _gateway.domain: 57436+ [1au] HTTPS? vmss-clarity-ingest-eus-e.eastus.cloudapp.azure.com. (80)
19:42:29.342451 IP _gateway.domain > vyrazu-35-ThinkCentre-M70t.38436: 57436 0/1/1 (157)
19:42:29.351736 IP bom12s11-in-f4.1e100.net.https > vyrazu-35-ThinkCentre-M70t.44826: Flags [P.], seq 51989:52091, ack 3012, win 1040, options [nop,nop,TS val 1821762068 ecr 4258697412], length 102
19:42:29.351736 IP bom12s11-in-f4.1e100.net.https > vyrazu-35-ThinkCentre-M70t.44826: Flags [P.], seq 52091:52267, ack 3012, win 1040, options [nop,nop,TS val 1821762068 ecr 4258697412], length 176
19:42:29.352140 IP vyrazu-35-ThinkCentre-M70t.44826 > bom12s11-in-f4.1e100.net.https: Flags [.], ack 52267, win 725, options [nop,nop,TS val 4258697513 ecr 1821762068], length 0
19:42:29.353611 IP bom12s11-in-f4.1e100.net.https > vyrazu-35-ThinkCentre-M70t.44826: Flags [P.], seq 52267:52491, ack 3012, win 1040, options [nop,nop,TS val 1821762070 ecr 4258697412], length 224
19:42:29.353611 IP bom12s11-in-f4.1e100.net.https > vyrazu-35-ThinkCentre-M70t.44826: Flags [P.], seq 52491:52522, ack 3012, win 1040, options [nop,nop,TS val 1821762070 ecr 4258697412], length 31
19:42:29.353612 IP bom12s11-in-f4.1e100.net.https > vyrazu-35-ThinkCentre-M70t.44826: Flags [P.], seq 52522:52561, ack 3012, win 1040, options [nop,nop,TS val 1821762070 ecr 4258697412], length 39
19:42:29.353747 IP vyrazu-35-ThinkCentre-M70t.44826 > bom12s11-in-f4.1e100.net.https: Flags [.], ack 52561, win 747, options [nop,nop,TS val 4258697515 ecr 1821762070], length 0
19:42:29.353769 IP vyrazu-35-ThinkCentre-M70t.44826 > bom12s11-in-f4.1e100.net.https: Flags [P.], seq 3012:3051, ack 52561, win 747, options [nop,nop,TS val 4258697515 ecr 1821762070], length 39
19:42:29.354444 IP _gateway.domain > vyrazu-35-ThinkCentre-M70t.36348: 63957 ServFail 0/1/1 (130)
19:42:29.354497 IP vyrazu-35-ThinkCentre-M70t.36348 > _gateway.domain: 63957+ [1au] PTR? 197.206.184.52.in-addr.arpa. (56)
19:42:29.366827 IP md-22.webhostbox.net.https > vyrazu-35-ThinkCentre-M70t.40978: Flags [S.], seq 1606484636, ack 4210374124, win 64704, options [mss 1360,sackOK,TS val 4188425384 ecr 1724198344,nop,wscale 7], length 0
19:42:29.366882 IP vyrazu-35-ThinkCentre-M70t.40978 > md-22.webhostbox.net.https: Flags [.], ack 1, win 502, options [nop,nop,TS val 1724198616 ecr 4188425384], length 0
19:42:29.367445 IP vyrazu-35-ThinkCentre-M70t.40978 > md-22.webhostbox.net.https: Flags [P.], seq 1:1903, ack 1, win 502, options [nop,nop,TS val 1724198617 ecr 4188425384], length 1902
19:42:29.372896 IP _gateway.domain > vyrazu-35-ThinkCentre-M70t.47604: 39126 1/1/1 CNAME vmss-clarity-ingest-eus-e.eastus.cloudapp.azure.com. (177)
19:42:29.373106 IP vyrazu-35-ThinkCentre-M70t.34141 > _gateway.domain: 10803+ [1au] AAAA? vmss-clarity-ingest-eus-e.eastus.cloudapp.azure.com. (80)
19:42:29.373978 IP _gateway.domain > vyrazu-35-ThinkCentre-M70t.59765: 12715 2/0/1 CNAME vmss-clarity-ingest-eus-e.eastus.cloudapp.azure.com., A 51.8.207.171 (122)
19:42:29.385204 IP _gateway.domain > vyrazu-35-ThinkCentre-M70t.34141: 10803 0/1/1 (157)
19:42:29.385864 IP vyrazu-35-ThinkCentre-M70t.40516 > 51.8.207.171.https: Flags [S], seq 3558395240, win 64240, options [mss 1460,sackOK,TS val 2868756518 ecr 0,nop,wscale 7], length 0
19:42:29.385927 IP vyrazu-35-ThinkCentre-M70t.40532 > 51.8.207.171.https: Flags [S], seq 2518977186, win 64240, options [mss 1460,sackOK,TS val 2868756518 ecr 0,nop,wscale 7], length 0
19:42:29.390065 IP bom12s11-in-f4.1e100.net.https > vyrazu-35-ThinkCentre-M70t.44826: Flags [.], ack 3051, win 1040, options [nop,nop,TS val 1821762106 ecr 4258697515], length 0
19:42:29.392687 IP _gateway.domain > vyrazu-35-ThinkCentre-M70t.36348: 63957 ServFail 0/1/1 (130)
19:42:29.392758 IP vyrazu-35-ThinkCentre-M70t.36348 > _gateway.domain: 63957+ PTR? 197.206.184.52.in-addr.arpa. (45)
19:42:29.394232 IP md-22.webhostbox.net.https > vyrazu-35-ThinkCentre-M70t.40970: Flags [.], ack 1349, win 502, options [nop,nop,TS val 4188425408 ecr 1724198363], length 0
19:42:29.394733 IP md-22.webhostbox.net.https > vyrazu-35-ThinkCentre-M70t.40970: Flags [.], ack 1903, win 502, options [nop,nop,TS val 4188425409 ecr 1724198363], length 0
19:42:29.395181 IP vyrazu-35-ThinkCentre-M70t.34916 > ec2-3-6-30-85.ap-south-1.compute.amazonaws.com.http: Flags [.], ack 1, win 501, options [nop,nop,TS val 3268743774 ecr 1456137364], length 0
19:42:29.397285 IP md-22.webhostbox.net.https > vyrazu-35-ThinkCentre-M70t.40970: Flags [.], seq 1:1349, ack 1903, win 502, options [nop,nop,TS val 4188425410 ecr 1724198363], length 1348
19:42:29.397296 IP vyrazu-35-ThinkCentre-M70t.40970 > md-22.webhostbox.net.https: Flags [.], ack 1349, win 492, options [nop,nop,TS val 1724198647 ecr 4188425410], length 0
19:42:29.398107 IP md-22.webhostbox.net.https > vyrazu-35-ThinkCentre-M70t.40962: Flags [.], ack 1903, win 497, options [nop,nop,TS val 4188425412 ecr 1724198364], length 0
19:42:29.398135 IP md-22.webhostbox.net.https > vyrazu-35-ThinkCentre-M70t.40970: Flags [P.], seq 1349:3168, ack 1903, win 502, options [nop,nop,TS val 4188425410 ecr 1724198363], length 1819
19:42:29.398142 IP vyrazu-35-ThinkCentre-M70t.40970 > md-22.webhostbox.net.https: Flags [.], ack 3168, win 478, options [nop,nop,TS val 1724198647 ecr 4188425410], length 0
19:42:29.398872 IP vyrazu-35-ThinkCentre-M70t.40970 > md-22.webhostbox.net.https: Flags [P.], seq 1903:1983, ack 3168, win 478, options [nop,nop,TS val 1724198648 ecr 4188425410], length 80
19:42:29.399098 IP vyrazu-35-ThinkCentre-M70t.40970 > md-22.webhostbox.net.https: Flags [P.], seq 1983:2075, ack 3168, win 478, options [nop,nop,TS val 1724198648 ecr 4188425410], length 92
19:42:29.400778 IP md-22.webhostbox.net.https > vyrazu-35-ThinkCentre-M70t.40962: Flags [P.], seq 1:3168, ack 1903, win 502, options [nop,nop,TS val 4188425413 ecr 1724198364], length 3167
19:42:29.400786 IP vyrazu-35-ThinkCentre-M70t.40962 > md-22.webhostbox.net.https: Flags [.], ack 3168, win 478, options [nop,nop,TS val 1724198650 ecr 4188425413], length 0
19:42:29.401513 IP vyrazu-35-ThinkCentre-M70t.40962 > md-22.webhostbox.net.https: Flags [P.], seq 1903:1983, ack 3168, win 478, options [nop,nop,TS val 1724198651 ecr 4188425413], length 80
19:42:29.401582 IP md-22.webhostbox.net.https > vyrazu-35-ThinkCentre-M70t.40966: Flags [.], ack 1349, win 502, options [nop,nop,TS val 4188425412 ecr 1724198366], length 0
19:42:29.401583 IP md-22.webhostbox.net.https > vyrazu-35-ThinkCentre-M70t.40966: Flags [.], ack 1903, win 502, options [nop,nop,TS val 4188425412 ecr 1724198366], length 0
19:42:29.401776 IP vyrazu-35-ThinkCentre-M70t.40962 > md-22.webhostbox.net.https: Flags [P.], seq 1983:2075, ack 3168, win 478, options [nop,nop,TS val 1724198651 ecr 4188425413], length 92
19:42:29.403132 IP md-22.webhostbox.net.https > vyrazu-35-ThinkCentre-M70t.40966: Flags [P.], seq 1:3168, ack 1903, win 502, options [nop,nop,TS val 4188425413 ecr 1724198366], length 3167
19:42:29.403143 IP vyrazu-35-ThinkCentre-M70t.40966 > md-22.webhostbox.net.https: Flags [.], ack 3168, win 478, options [nop,nop,TS val 1724198652 ecr 4188425413], length 0
19:42:29.404006 IP vyrazu-35-ThinkCentre-M70t.40962 > md-22.webhostbox.net.https: Flags [P.], seq 2075:2514, ack 3168, win 478, options [nop,nop,TS val 1724198653 ecr 4188425413], length 439
19:42:29.404841 IP vyrazu-35-ThinkCentre-M70t.40966 > md-22.webhostbox.net.https: Flags [P.], seq 1903:1983, ack 3168, win 478, options [nop,nop,TS val 1724198654 ecr 4188425413], length 80
19:42:29.405140 IP vyrazu-35-ThinkCentre-M70t.40966 > md-22.webhostbox.net.https: Flags [P.], seq 1983:2092, ack 3168, win 478, options [nop,nop,TS val 1724198654 ecr 4188425413], length 109
19:42:29.408183 IP vyrazu-35-ThinkCentre-M70t.57330 > ec2-3-6-98-232.ap-south-1.compute.amazonaws.com.http: Flags [.], ack 1, win 501, options [nop,nop,TS val 4263185657 ecr 3143440879], length 0
19:42:29.409175 IP vyrazu-35-ThinkCentre-M70t.53798 > ec2-3-6-115-64.ap-south-1.compute.amazonaws.com.http: Flags [.], ack 1, win 501, options [nop,nop,TS val 3327833636 ecr 2970397879], length 0
19:42:29.409206 IP vyrazu-35-ThinkCentre-M70t.38390 > ec2-3-6-115-64.ap-south-1.compute.amazonaws.com.http: Flags [.], ack 1, win 501, options [nop,nop,TS val 3327833636 ecr 2970397879], length 0
19:42:29.409332 IP 4.207.209.100.https > vyrazu-35-ThinkCentre-M70t.43746: Flags [.], ack 684, win 501, options [nop,nop,TS val 2514573933 ecr 4146959708], length 0
19:42:29.410631 IP 4.207.209.100.https > vyrazu-35-ThinkCentre-M70t.43746: Flags [P.], seq 65:129, ack 684, win 501, options [nop,nop,TS val 2514573933 ecr 4146959708], length 64
19:42:29.410640 IP vyrazu-35-ThinkCentre-M70t.43746 > 4.207.209.100.https: Flags [.], ack 129, win 474, options [nop,nop,TS val 4146959872 ecr 2514573933], length 0
19:42:29.427948 IP ec2-3-6-30-85.ap-south-1.compute.amazonaws.com.http > vyrazu-35-ThinkCentre-M70t.34916: Flags [.], ack 1, win 442, options [nop,nop,TS val 1456138398 ecr 3268730896], length 0
19:42:29.432993 IP vyrazu-35-ThinkCentre-M70t.40544 > 51.8.207.171.https: Flags [S], seq 30495505, win 64240, options [mss 1460,sackOK,TS val 2868756565 ecr 0,nop,wscale 7], length 0
19:42:29.434481 IP _gateway.domain > vyrazu-35-ThinkCentre-M70t.36348: 63957 ServFail 0/1/0 (119)
19:42:29.435408 IP vyrazu-35-ThinkCentre-M70t.34529 > _gateway.domain: 16711+ [1au] PTR? 73.80.16.104.in-addr.arpa. (54)
19:42:29.440873 IP ec2-3-6-98-232.ap-south-1.compute.amazonaws.com.http > vyrazu-35-ThinkCentre-M70t.57330: Flags [.], ack 1, win 442, options [nop,nop,TS val 3143441914 ecr 4263177914], length 0
19:42:29.444479 IP ec2-3-6-115-64.ap-south-1.compute.amazonaws.com.http > vyrazu-35-ThinkCentre-M70t.53798: Flags [.], ack 1, win 1704, options [nop,nop,TS val 2970398915 ecr 3327825648], length 0
19:42:29.444479 IP ec2-3-6-115-64.ap-south-1.compute.amazonaws.com.http > vyrazu-35-ThinkCentre-M70t.38390: Flags [.], ack 1, win 2383, options [nop,nop,TS val 2970398915 ecr 3327819257], length 0
19:42:29.451185 IP vyrazu-35-ThinkCentre-M70t.59792 > ec2-3-6-122-107.ap-south-1.compute.amazonaws.com.http: Flags [.], ack 1, win 501, options [nop,nop,TS val 215702647 ecr 1118652223], length 0
19:42:29.469154 IP 52.184.206.197.https > vyrazu-35-ThinkCentre-M70t.54556: Flags [.], ack 1638, win 501, options [nop,nop,TS val 1511648174 ecr 2606768242], length 0
19:42:29.469190 IP vyrazu-35-ThinkCentre-M70t.54556 > 52.184.206.197.https: Flags [P.], seq 11774:14670, ack 1, win 475, options [nop,nop,TS val 2606768465 ecr 1511648174], length 2896
19:42:29.469216 IP vyrazu-35-ThinkCentre-M70t.54556 > 52.184.206.197.https: Flags [P.], seq 14670:17566, ack 1, win 475, options [nop,nop,TS val 2606768465 ecr 1511648174], length 2896
19:42:29.469780 IP vyrazu-35-ThinkCentre-M70t.54556 > 52.184.206.197.https: Flags [P.], seq 17566:20462, ack 1, win 475, options [nop,nop,TS val 2606768465 ecr 1511648174], length 2896
19:42:29.471000 IP 52.184.206.197.https > vyrazu-35-ThinkCentre-M70t.54556: Flags [.], ack 4534, win 501, options [nop,nop,TS val 1511648176 ecr 2606768242], length 0
19:42:29.471000 IP 52.184.206.197.https > vyrazu-35-ThinkCentre-M70t.54556: Flags [.], ack 8878, win 501, options [nop,nop,TS val 1511648176 ecr 2606768242], length 0
19:42:29.471014 IP vyrazu-35-ThinkCentre-M70t.54556 > 52.184.206.197.https: Flags [P.], seq 20462:23358, ack 1, win 475, options [nop,nop,TS val 2606768466 ecr 1511648176], length 2896
19:42:29.471023 IP vyrazu-35-ThinkCentre-M70t.54556 > 52.184.206.197.https: Flags [P.], seq 23358:25781, ack 1, win 475, options [nop,nop,TS val 2606768466 ecr 1511648176], length 2423
19:42:29.472034 IP 52.184.206.197.https > vyrazu-35-ThinkCentre-M70t.54556: Flags [.], ack 11774, win 501, options [nop,nop,TS val 1511648177 ecr 2606768243], length 0
19:42:29.481296 IP _gateway.domain > vyrazu-35-ThinkCentre-M70t.34529: 16711 ServFail 0/1/1 (149)
19:42:29.481372 IP vyrazu-35-ThinkCentre-M70t.34529 > _gateway.domain: 16711+ [1au] PTR? 73.80.16.104.in-addr.arpa. (54)
19:42:29.485526 IP ec2-3-6-122-107.ap-south-1.compute.amazonaws.com.http > vyrazu-35-ThinkCentre-M70t.59792: Flags [.], ack 1, win 448, options [nop,nop,TS val 1118653277 ecr 215697343], length 0
19:42:29.521005 ARP, Request who-has 192.168.1.57 tell _gateway, length 28
19:42:29.522487 IP _gateway.domain > vyrazu-35-ThinkCentre-M70t.34529: 16711 ServFail 0/1/1 (116)
19:42:29.522573 IP vyrazu-35-ThinkCentre-M70t.34529 > _gateway.domain: 16711+ PTR? 73.80.16.104.in-addr.arpa. (43)
19:42:29.545807 IP vyrazu-35-ThinkCentre-M70t.44826 > bom12s11-in-f4.1e100.net.https: Flags [P.], seq 3051:3192, ack 52561, win 747, options [nop,nop,TS val 4258697707 ecr 1821762106], length 141
19:42:29.561534 IP _gateway.domain > vyrazu-35-ThinkCentre-M70t.34529: 16711 ServFail 0/1/0 (105)
19:42:29.561838 IP vyrazu-35-ThinkCentre-M70t.58709 > _gateway.domain: 1244+ [1au] PTR? 73.80.16.104.in-addr.arpa. (54)
19:42:29.581925 IP bom12s11-in-f4.1e100.net.https > vyrazu-35-ThinkCentre-M70t.44826: Flags [.], ack 3192, win 1040, options [nop,nop,TS val 1821762298 ecr 4258697707], length 0
19:42:29.602008 IP 51.8.207.171.https > vyrazu-35-ThinkCentre-M70t.40516: Flags [S.], seq 1365158674, ack 3558395241, win 65160, options [mss 1440,sackOK,TS val 3112249505 ecr 2868756518,nop,wscale 7], length 0
19:42:29.602057 IP vyrazu-35-ThinkCentre-M70t.40516 > 51.8.207.171.https: Flags [.], ack 1, win 502, options [nop,nop,TS val 2868756734 ecr 3112249505], length 0
19:42:29.602664 IP vyrazu-35-ThinkCentre-M70t.40516 > 51.8.207.171.https: Flags [P.], seq 1:1898, ack 1, win 502, options [nop,nop,TS val 2868756735 ecr 3112249505], length 1897
19:42:29.606174 IP _gateway.domain > vyrazu-35-ThinkCentre-M70t.58709: 1244 ServFail 0/1/1 (116)
19:42:29.606257 IP vyrazu-35-ThinkCentre-M70t.58709 > _gateway.domain: 1244+ [1au] PTR? 73.80.16.104.in-addr.arpa. (54)
19:42:29.608879 IP 51.8.207.171.https > vyrazu-35-ThinkCentre-M70t.40532: Flags [S.], seq 653391350, ack 2518977187, win 65160, options [mss 1440,sackOK,TS val 2254888167 ecr 2868756518,nop,wscale 7], length 0
19:42:29.608894 IP vyrazu-35-ThinkCentre-M70t.40532 > 51.8.207.171.https: Flags [.], ack 1, win 502, options [nop,nop,TS val 2868756741 ecr 2254888167], length 0
19:42:29.624527 IP vyrazu-35-ThinkCentre-M70t.40532 > 51.8.207.171.https: Flags [P.], seq 1:1898, ack 1, win 502, options [nop,nop,TS val 2868756757 ecr 2254888167], length 1897
19:42:29.639522 IP md-22.webhostbox.net.https > vyrazu-35-ThinkCentre-M70t.40978: Flags [.], ack 1903, win 497, options [nop,nop,TS val 4188425657 ecr 1724198617], length 0
19:42:29.641098 IP md-22.webhostbox.net.https > vyrazu-35-ThinkCentre-M70t.40978: Flags [.], seq 1:1349, ack 1903, win 502, options [nop,nop,TS val 4188425658 ecr 1724198617], length 1348
19:42:29.641113 IP vyrazu-35-ThinkCentre-M70t.40978 > md-22.webhostbox.net.https: Flags [.], ack 1349, win 492, options [nop,nop,TS val 1724198890 ecr 4188425658], length 0
19:42:29.641490 IP md-22.webhostbox.net.https > vyrazu-35-ThinkCentre-M70t.40978: Flags [P.], seq 1349:3168, ack 1903, win 502, options [nop,nop,TS val 4188425658 ecr 1724198617], length 1819
19:42:29.641497 IP vyrazu-35-ThinkCentre-M70t.40978 > md-22.webhostbox.net.https: Flags [.], ack 3168, win 478, options [nop,nop,TS val 1724198891 ecr 4188425658], length 0
19:42:29.642749 IP vyrazu-35-ThinkCentre-M70t.40978 > md-22.webhostbox.net.https: Flags [P.], seq 1903:1983, ack 3168, win 478, options [nop,nop,TS val 1724198892 ecr 4188425658], length 80
19:42:29.643288 IP vyrazu-35-ThinkCentre-M70t.40978 > md-22.webhostbox.net.https: Flags [P.], seq 1983:2092, ack 3168, win 478, options [nop,nop,TS val 1724198893 ecr 4188425658], length 109
19:42:29.645780 IP _gateway.domain > vyrazu-35-ThinkCentre-M70t.58709: 1244 ServFail 0/1/1 (116)
19:42:29.645894 IP vyrazu-35-ThinkCentre-M70t.58709 > _gateway.domain: 1244+ PTR? 73.80.16.104.in-addr.arpa. (43)
19:42:29.653288 IP bom12s11-in-f4.1e100.net.https > vyrazu-35-ThinkCentre-M70t.44826: Flags [P.], seq 52561:52780, ack 3192, win 1040, options [nop,nop,TS val 1821762369 ecr 4258697707], length 219
19:42:29.653459 IP bom12s11-in-f4.1e100.net.https > vyrazu-35-ThinkCentre-M70t.44826: Flags [P.], seq 52780:54172, ack 3192, win 1040, options [nop,nop,TS val 1821762369 ecr 4258697707], length 1392
19:42:29.653471 IP vyrazu-35-ThinkCentre-M70t.44826 > bom12s11-in-f4.1e100.net.https: Flags [.], ack 54172, win 792, options [nop,nop,TS val 4258697815 ecr 1821762369], length 0
19:42:29.654955 IP bom12s11-in-f4.1e100.net.https > vyrazu-35-ThinkCentre-M70t.44826: Flags [P.], seq 54172:54344, ack 3192, win 1040, options [nop,nop,TS val 1821762371 ecr 4258697707], length 172
19:42:29.654955 IP bom12s11-in-f4.1e100.net.https > vyrazu-35-ThinkCentre-M70t.44826: Flags [P.], seq 54344:54375, ack 3192, win 1040, options [nop,nop,TS val 1821762371 ecr 4258697707], length 31
19:42:29.654956 IP bom12s11-in-f4.1e100.net.https > vyrazu-35-ThinkCentre-M70t.44826: Flags [P.], seq 54375:54414, ack 3192, win 1040, options [nop,nop,TS val 1821762371 ecr 4258697707], length 39
19:42:29.655161 IP vyrazu-35-ThinkCentre-M70t.44826 > bom12s11-in-f4.1e100.net.https: Flags [.], ack 54414, win 813, options [nop,nop,TS val 4258697816 ecr 1821762371], length 0
19:42:29.655215 IP vyrazu-35-ThinkCentre-M70t.44826 > bom12s11-in-f4.1e100.net.https: Flags [P.], seq 3192:3231, ack 54414, win 813, options [nop,nop,TS val 4258697817 ecr 1821762371], length 39
19:42:29.656919 IP 51.8.207.171.https > vyrazu-35-ThinkCentre-M70t.40544: Flags [S.], seq 24848137, ack 30495506, win 65160, options [mss 1440,sackOK,TS val 2316592871 ecr 2868756565,nop,wscale 7], length 0
19:42:29.656940 IP vyrazu-35-ThinkCentre-M70t.40544 > 51.8.207.171.https: Flags [.], ack 1, win 502, options [nop,nop,TS val 2868756789 ecr 2316592871], length 0
19:42:29.657623 IP vyrazu-35-ThinkCentre-M70t.40544 > 51.8.207.171.https: Flags [P.], seq 1:1898, ack 1, win 502, options [nop,nop,TS val 2868756790 ecr 2316592871], length 1897
19:42:29.679871 IP md-22.webhostbox.net.https > vyrazu-35-ThinkCentre-M70t.40970: Flags [.], ack 2075, win 502, options [nop,nop,TS val 4188425694 ecr 1724198648], length 0
19:42:29.680236 IP md-22.webhostbox.net.https > vyrazu-35-ThinkCentre-M70t.40970: Flags [P.], seq 3168:3471, ack 2075, win 502, options [nop,nop,TS val 4188425694 ecr 1724198648], length 303
19:42:29.680236 IP md-22.webhostbox.net.https > vyrazu-35-ThinkCentre-M70t.40970: Flags [P.], seq 3471:3774, ack 2075, win 502, options [nop,nop,TS val 4188425694 ecr 1724198648], length 303
19:42:29.680236 IP md-22.webhostbox.net.https > vyrazu-35-ThinkCentre-M70t.40970: Flags [P.], seq 3774:3824, ack 2075, win 502, options [nop,nop,TS val 4188425694 ecr 1724198648], length 50
19:42:29.680578 IP md-22.webhostbox.net.https > vyrazu-35-ThinkCentre-M70t.40970: Flags [P.], seq 3824:3855, ack 2075, win 502, options [nop,nop,TS val 4188425694 ecr 1724198648], length 31
19:42:29.680750 IP vyrazu-35-ThinkCentre-M70t.40970 > md-22.webhostbox.net.https: Flags [P.], seq 2075:2106, ack 3855, win 473, options [nop,nop,TS val 1724198930 ecr 4188425694], length 31
19:42:29.684896 IP md-22.webhostbox.net.https > vyrazu-35-ThinkCentre-M70t.40962: Flags [.], ack 2075, win 502, options [nop,nop,TS val 4188425700 ecr 1724198651], length 0
19:42:29.685662 IP md-22.webhostbox.net.https > vyrazu-35-ThinkCentre-M70t.40962: Flags [P.], seq 3168:3471, ack 2075, win 502, options [nop,nop,TS val 4188425701 ecr 1724198651], length 303
19:42:29.685662 IP md-22.webhostbox.net.https > vyrazu-35-ThinkCentre-M70t.40962: Flags [P.], seq 3471:3774, ack 2075, win 502, options [nop,nop,TS val 4188425701 ecr 1724198651], length 303
19:42:29.685662 IP md-22.webhostbox.net.https > vyrazu-35-ThinkCentre-M70t.40962: Flags [P.], seq 3774:3824, ack 2075, win 502, options [nop,nop,TS val 4188425701 ecr 1724198651], length 50
19:42:29.686098 IP md-22.webhostbox.net.https > vyrazu-35-ThinkCentre-M70t.40962: Flags [P.], seq 3824:3855, ack 2075, win 502, options [nop,nop,TS val 4188425701 ecr 1724198651], length 31
19:42:29.686365 IP vyrazu-35-ThinkCentre-M70t.40962 > md-22.webhostbox.net.https: Flags [P.], seq 2514:2545, ack 3855, win 473, options [nop,nop,TS val 1724198936 ecr 4188425701], length 31
19:42:29.687259 IP md-22.webhostbox.net.https > vyrazu-35-ThinkCentre-M70t.40966: Flags [P.], seq 3168:3471, ack 1983, win 502, options [nop,nop,TS val 4188425700 ecr 1724198654], length 303
19:42:29.687536 IP vyrazu-35-ThinkCentre-M70t.40966 > md-22.webhostbox.net.https: Flags [P.], seq 2092:2116, ack 3471, win 476, options [nop,nop,TS val 1724198937 ecr 4188425700], length 24
19:42:29.687552 IP vyrazu-35-ThinkCentre-M70t.40966 > md-22.webhostbox.net.https: Flags [F.], seq 2116, ack 3471, win 476, options [nop,nop,TS val 1724198937 ecr 4188425700], length 0
19:42:29.687776 IP _gateway.domain > vyrazu-35-ThinkCentre-M70t.58709: 1244 ServFail 0/1/0 (105)
19:42:29.688973 IP md-22.webhostbox.net.https > vyrazu-35-ThinkCentre-M70t.40966: Flags [P.], seq 3471:3774, ack 1983, win 502, options [nop,nop,TS val 4188425700 ecr 1724198654], length 303
19:42:29.688974 IP md-22.webhostbox.net.https > vyrazu-35-ThinkCentre-M70t.40966: Flags [P.], seq 3774:3824, ack 1983, win 502, options [nop,nop,TS val 4188425700 ecr 1724198654], length 50
19:42:29.688974 IP md-22.webhostbox.net.https > vyrazu-35-ThinkCentre-M70t.40966: Flags [P.], seq 3824:3872, ack 2092, win 502, options [nop,nop,TS val 4188425701 ecr 1724198654], length 48
19:42:29.688974 IP md-22.webhostbox.net.https > vyrazu-35-ThinkCentre-M70t.40966: Flags [P.], seq 3872:3896, ack 2092, win 502, options [nop,nop,TS val 4188425701 ecr 1724198654], length 24
19:42:29.688975 IP md-22.webhostbox.net.https > vyrazu-35-ThinkCentre-M70t.40966: Flags [F.], seq 3896, ack 2092, win 502, options [nop,nop,TS val 4188425701 ecr 1724198654], length 0
19:42:29.689004 IP vyrazu-35-ThinkCentre-M70t.40966 > md-22.webhostbox.net.https: Flags [R], seq 2952193019, win 0, length 0
19:42:29.689020 IP vyrazu-35-ThinkCentre-M70t.40966 > md-22.webhostbox.net.https: Flags [R], seq 2952193019, win 0, length 0
19:42:29.689026 IP vyrazu-35-ThinkCentre-M70t.40966 > md-22.webhostbox.net.https: Flags [R], seq 2952193128, win 0, length 0
19:42:29.689030 IP vyrazu-35-ThinkCentre-M70t.40966 > md-22.webhostbox.net.https: Flags [R], seq 2952193128, win 0, length 0
19:42:29.689035 IP vyrazu-35-ThinkCentre-M70t.40966 > md-22.webhostbox.net.https: Flags [R], seq 2952193128, win 0, length 0
19:42:29.689442 IP vyrazu-35-ThinkCentre-M70t.37452 > _gateway.domain: 8670+ [1au] PTR? 249.195.120.34.in-addr.arpa. (56)
19:42:29.691459 IP bom12s11-in-f4.1e100.net.https > vyrazu-35-ThinkCentre-M70t.44826: Flags [.], ack 3231, win 1040, options [nop,nop,TS val 1821762407 ecr 4258697817], length 0
19:42:29.692215 IP 52.184.206.197.https > vyrazu-35-ThinkCentre-M70t.54556: Flags [.], ack 14670, win 501, options [nop,nop,TS val 1511648398 ecr 2606768465], length 0
19:42:29.693550 IP 52.184.206.197.https > vyrazu-35-ThinkCentre-M70t.54556: Flags [.], ack 17566, win 501, options [nop,nop,TS val 1511648399 ecr 2606768465], length 0
19:42:29.694233 IP 52.184.206.197.https > vyrazu-35-ThinkCentre-M70t.54556: Flags [.], ack 20462, win 501, options [nop,nop,TS val 1511648399 ecr 2606768465], length 0
19:42:29.694233 IP 52.184.206.197.https > vyrazu-35-ThinkCentre-M70t.54556: Flags [.], ack 23358, win 546, options [nop,nop,TS val 1511648400 ecr 2606768466], length 0
19:42:29.694233 IP 52.184.206.197.https > vyrazu-35-ThinkCentre-M70t.54556: Flags [.], ack 25781, win 584, options [nop,nop,TS val 1511648400 ecr 2606768466], length 0
19:42:29.694233 IP 52.184.206.197.https > vyrazu-35-ThinkCentre-M70t.54556: Flags [P.], seq 1:36, ack 25781, win 584, options [nop,nop,TS val 1511648400 ecr 2606768466], length 35
19:42:29.694233 IP 52.184.206.197.https > vyrazu-35-ThinkCentre-M70t.54556: Flags [P.], seq 36:71, ack 25781, win 584, options [nop,nop,TS val 1511648400 ecr 2606768466], length 35
19:42:29.694234 IP 52.184.206.197.https > vyrazu-35-ThinkCentre-M70t.54556: Flags [P.], seq 71:106, ack 25781, win 584, options [nop,nop,TS val 1511648400 ecr 2606768466], length 35
19:42:29.694247 IP vyrazu-35-ThinkCentre-M70t.54556 > 52.184.206.197.https: Flags [.], ack 36, win 475, options [nop,nop,TS val 2606768690 ecr 1511648400], length 0
19:42:29.694256 IP vyrazu-35-ThinkCentre-M70t.54556 > 52.184.206.197.https: Flags [.], ack 71, win 475, options [nop,nop,TS val 2606768690 ecr 1511648400], length 0
19:42:29.694259 IP vyrazu-35-ThinkCentre-M70t.54556 > 52.184.206.197.https: Flags [.], ack 106, win 475, options [nop,nop,TS val 2606768690 ecr 1511648400], length 0
19:42:29.694945 IP 52.184.206.197.https > vyrazu-35-ThinkCentre-M70t.54556: Flags [P.], seq 106:167, ack 25781, win 584, options [nop,nop,TS val 1511648400 ecr 2606768466], length 61
19:42:29.694948 IP vyrazu-35-ThinkCentre-M70t.54556 > 52.184.206.197.https: Flags [.], ack 167, win 475, options [nop,nop,TS val 2606768690 ecr 1511648400], length 0
19:42:29.706184 IP vyrazu-35-ThinkCentre-M70t.49294 > ec2-3-6-115-64.ap-south-1.compute.amazonaws.com.http: Flags [.], ack 1, win 501, options [nop,nop,TS val 3327833933 ecr 2970398167], length 0
19:42:29.710729 IP md-22.webhostbox.net.https > vyrazu-35-ThinkCentre-M70t.40962: Flags [.], seq 3855:5203, ack 2514, win 502, options [nop,nop,TS val 4188425725 ecr 1724198653], length 1348
19:42:29.711166 IP md-22.webhostbox.net.https > vyrazu-35-ThinkCentre-M70t.40962: Flags [.], seq 5203:6551, ack 2514, win 502, options [nop,nop,TS val 4188425725 ecr 1724198653], length 1348
19:42:29.711235 IP vyrazu-35-ThinkCentre-M70t.40962 > md-22.webhostbox.net.https: Flags [.], ack 6551, win 452, options [nop,nop,TS val 1724198961 ecr 4188425725], length 0
19:42:29.711934 IP md-22.webhostbox.net.https > vyrazu-35-ThinkCentre-M70t.40962: Flags [P.], seq 6551:7921, ack 2514, win 502, options [nop,nop,TS val 4188425725 ecr 1724198653], length 1370
19:42:29.711963 IP vyrazu-35-ThinkCentre-M70t.40962 > md-22.webhostbox.net.https: Flags [.], ack 7921, win 442, options [nop,nop,TS val 1724198961 ecr 4188425725], length 0
19:42:29.717406 IP vyrazu-35-ThinkCentre-M70t.50508 > _gateway.domain: 42348+ [1au] HTTPS? manage.vyrazu.com. (46)
19:42:29.717531 IP vyrazu-35-ThinkCentre-M70t.59957 > _gateway.domain: 20120+ [1au] AAAA? manage.vyrazu.com. (46)
19:42:29.724737 IP vyrazu-35-ThinkCentre-M70t.40962 > md-22.webhostbox.net.https: Flags [P.], seq 2545:2768, ack 7921, win 442, options [nop,nop,TS val 1724198974 ecr 4188425725], length 223
19:42:29.728255 IP _gateway.domain > vyrazu-35-ThinkCentre-M70t.50508: 42348 0/1/1 (127)
19:42:29.728617 IP _gateway.domain > vyrazu-35-ThinkCentre-M70t.59957: 20120 0/1/1 (127)
19:42:29.729530 IP vyrazu-35-ThinkCentre-M70t.40962 > md-22.webhostbox.net.https: Flags [P.], seq 2768:2803, ack 7921, win 442, options [nop,nop,TS val 1724198979 ecr 4188425725], length 35
19:42:29.735147 IP _gateway.domain > vyrazu-35-ThinkCentre-M70t.37452: 8670 1/0/1 PTR 249.195.120.34.bc.googleusercontent.com. (109)
19:42:29.736028 IP vyrazu-35-ThinkCentre-M70t.56006 > _gateway.domain: 5315+ [1au] PTR? 85.164.123.52.in-addr.arpa. (55)
19:42:29.745540 IP ec2-3-6-115-64.ap-south-1.compute.amazonaws.com.http > vyrazu-35-ThinkCentre-M70t.49294: Flags [.], ack 1, win 442, options [nop,nop,TS val 2970399215 ecr 3327833328], length 0
19:42:29.781623 IP _gateway.domain > vyrazu-35-ThinkCentre-M70t.56006: 5315 ServFail 0/1/1 (141)
19:42:29.781720 IP vyrazu-35-ThinkCentre-M70t.56006 > _gateway.domain: 5315+ [1au] PTR? 85.164.123.52.in-addr.arpa. (55)
19:42:29.820656 IP 51.8.207.171.https > vyrazu-35-ThinkCentre-M70t.40516: Flags [.], ack 1429, win 501, options [nop,nop,TS val 3112249723 ecr 2868756735], length 0
19:42:29.821003 IP vyrazu-35-ThinkCentre-M70t.44826 > bom12s11-in-f4.1e100.net.https: Flags [P.], seq 3231:3453, ack 54414, win 813, options [nop,nop,TS val 4258697982 ecr 1821762407], length 222
19:42:29.821049 IP 51.8.207.171.https > vyrazu-35-ThinkCentre-M70t.40516: Flags [.], ack 1898, win 501, options [nop,nop,TS val 3112249724 ecr 2868756735], length 0
19:42:29.821050 IP 51.8.207.171.https > vyrazu-35-ThinkCentre-M70t.40516: Flags [P.], seq 1:2897, ack 1898, win 501, options [nop,nop,TS val 3112249724 ecr 2868756735], length 2896
19:42:29.821064 IP vyrazu-35-ThinkCentre-M70t.40516 > 51.8.207.171.https: Flags [.], ack 2897, win 480, options [nop,nop,TS val 2868756953 ecr 3112249724], length 0
19:42:29.821814 IP 51.8.207.171.https > vyrazu-35-ThinkCentre-M70t.40516: Flags [P.], seq 2897:4097, ack 1898, win 501, options [nop,nop,TS val 3112249724 ecr 2868756735], length 1200
19:42:29.821825 IP vyrazu-35-ThinkCentre-M70t.40516 > 51.8.207.171.https: Flags [.], ack 4097, win 471, options [nop,nop,TS val 2868756954 ecr 3112249724], length 0
19:42:29.822549 IP 51.8.207.171.https > vyrazu-35-ThinkCentre-M70t.40516: Flags [P.], seq 4097:5282, ack 1898, win 501, options [nop,nop,TS val 3112249725 ecr 2868756735], length 1185
19:42:29.822556 IP vyrazu-35-ThinkCentre-M70t.40516 > 51.8.207.171.https: Flags [.], ack 5282, win 462, options [nop,nop,TS val 2868756955 ecr 3112249725], length 0
19:42:29.823274 IP _gateway.domain > vyrazu-35-ThinkCentre-M70t.56006: 5315 ServFail 0/1/1 (141)
19:42:29.823357 IP vyrazu-35-ThinkCentre-M70t.56006 > _gateway.domain: 5315+ PTR? 85.164.123.52.in-addr.arpa. (44)
19:42:29.823442 IP vyrazu-35-ThinkCentre-M70t.40516 > 51.8.207.171.https: Flags [P.], seq 1898:1991, ack 5282, win 462, options [nop,nop,TS val 2868756956 ecr 3112249725], length 93
19:42:29.826919 IP vyrazu-35-ThinkCentre-M70t.40550 > 51.8.207.171.https: Flags [S], seq 3418602672, win 64240, options [mss 1460,sackOK,TS val 2868756959 ecr 0,nop,wscale 7], length 0
19:42:29.846946 IP 51.8.207.171.https > vyrazu-35-ThinkCentre-M70t.40532: Flags [.], ack 1898, win 500, options [nop,nop,TS val 2254888406 ecr 2868756757], length 0
19:42:29.847398 IP 51.8.207.171.https > vyrazu-35-ThinkCentre-M70t.40532: Flags [P.], seq 1:2897, ack 1898, win 501, options [nop,nop,TS val 2254888406 ecr 2868756757], length 2896
19:42:29.847399 IP 51.8.207.171.https > vyrazu-35-ThinkCentre-M70t.40532: Flags [P.], seq 2897:4097, ack 1898, win 501, options [nop,nop,TS val 2254888406 ecr 2868756757], length 1200
19:42:29.847437 IP vyrazu-35-ThinkCentre-M70t.40532 > 51.8.207.171.https: Flags [.], ack 2897, win 480, options [nop,nop,TS val 2868756980 ecr 2254888406], length 0
19:42:29.847468 IP vyrazu-35-ThinkCentre-M70t.40532 > 51.8.207.171.https: Flags [.], ack 4097, win 471, options [nop,nop,TS val 2868756980 ecr 2254888406], length 0
19:42:29.848182 IP 51.8.207.171.https > vyrazu-35-ThinkCentre-M70t.40532: Flags [P.], seq 4097:5282, ack 1898, win 501, options [nop,nop,TS val 2254888407 ecr 2868756757], length 1185
19:42:29.848212 IP vyrazu-35-ThinkCentre-M70t.40532 > 51.8.207.171.https: Flags [.], ack 5282, win 462, options [nop,nop,TS val 2868756981 ecr 2254888407], length 0
19:42:29.849821 IP vyrazu-35-ThinkCentre-M70t.40532 > 51.8.207.171.https: Flags [P.], seq 1898:1991, ack 5282, win 462, options [nop,nop,TS val 2868756982 ecr 2254888407], length 93
19:42:29.858489 IP bom12s11-in-f4.1e100.net.https > vyrazu-35-ThinkCentre-M70t.44826: Flags [.], ack 3453, win 1040, options [nop,nop,TS val 1821762574 ecr 4258697982], length 0
19:42:29.863965 IP _gateway.domain > vyrazu-35-ThinkCentre-M70t.56006: 5315 ServFail 0/1/0 (130)
19:42:29.864848 IP vyrazu-35-ThinkCentre-M70t.58361 > _gateway.domain: 4974+ [1au] PTR? 85.164.123.52.in-addr.arpa. (55)
19:42:29.880252 IP 51.8.207.171.https > vyrazu-35-ThinkCentre-M70t.40544: Flags [.], ack 1898, win 500, options [nop,nop,TS val 2316593095 ecr 2868756790], length 0
19:42:29.880612 IP 51.8.207.171.https > vyrazu-35-ThinkCentre-M70t.40544: Flags [.], seq 1:1449, ack 1898, win 501, options [nop,nop,TS val 2316593095 ecr 2868756790], length 1448
19:42:29.880713 IP vyrazu-35-ThinkCentre-M70t.40544 > 51.8.207.171.https: Flags [.], ack 1449, win 491, options [nop,nop,TS val 2868757013 ecr 2316593095], length 0
19:42:29.880999 IP 51.8.207.171.https > vyrazu-35-ThinkCentre-M70t.40544: Flags [P.], seq 1449:2897, ack 1898, win 501, options [nop,nop,TS val 2316593095 ecr 2868756790], length 1448
19:42:29.881001 IP 51.8.207.171.https > vyrazu-35-ThinkCentre-M70t.40544: Flags [P.], seq 2897:4097, ack 1898, win 501, options [nop,nop,TS val 2316593095 ecr 2868756790], length 1200
19:42:29.881038 IP vyrazu-35-ThinkCentre-M70t.40544 > 51.8.207.171.https: Flags [.], ack 2897, win 480, options [nop,nop,TS val 2868757013 ecr 2316593095], length 0
19:42:29.881064 IP vyrazu-35-ThinkCentre-M70t.40544 > 51.8.207.171.https: Flags [.], ack 4097, win 471, options [nop,nop,TS val 2868757013 ecr 2316593095], length 0
19:42:29.883180 IP 51.8.207.171.https > vyrazu-35-ThinkCentre-M70t.40544: Flags [P.], seq 4097:5282, ack 1898, win 501, options [nop,nop,TS val 2316593096 ecr 2868756790], length 1185
19:42:29.883209 IP vyrazu-35-ThinkCentre-M70t.40544 > 51.8.207.171.https: Flags [.], ack 5282, win 462, options [nop,nop,TS val 2868757016 ecr 2316593096], length 0
19:42:29.885131 IP vyrazu-35-ThinkCentre-M70t.40544 > 51.8.207.171.https: Flags [P.], seq 1898:1991, ack 5282, win 462, options [nop,nop,TS val 2868757017 ecr 2316593096], length 93
19:42:29.913291 IP _gateway.domain > vyrazu-35-ThinkCentre-M70t.58361: 4974 ServFail 0/1/1 (141)
19:42:29.913654 IP vyrazu-35-ThinkCentre-M70t.58361 > _gateway.domain: 4974+ [1au] PTR? 85.164.123.52.in-addr.arpa. (55)
19:42:29.914716 IP md-22.webhostbox.net.https > vyrazu-35-ThinkCentre-M70t.40978: Flags [.], ack 2092, win 502, options [nop,nop,TS val 4188425932 ecr 1724198892], length 0
19:42:29.915142 IP md-22.webhostbox.net.https > vyrazu-35-ThinkCentre-M70t.40978: Flags [P.], seq 3168:3471, ack 2092, win 502, options [nop,nop,TS val 4188425932 ecr 1724198892], length 303
19:42:29.915144 IP md-22.webhostbox.net.https > vyrazu-35-ThinkCentre-M70t.40978: Flags [P.], seq 3471:3774, ack 2092, win 502, options [nop,nop,TS val 4188425932 ecr 1724198892], length 303
19:42:29.915145 IP md-22.webhostbox.net.https > vyrazu-35-ThinkCentre-M70t.40978: Flags [P.], seq 3774:3824, ack 2092, win 502, options [nop,nop,TS val 4188425932 ecr 1724198892], length 50
19:42:29.915461 IP md-22.webhostbox.net.https > vyrazu-35-ThinkCentre-M70t.40978: Flags [P.], seq 3824:3872, ack 2092, win 502, options [nop,nop,TS val 4188425932 ecr 1724198892], length 48
19:42:29.915462 IP md-22.webhostbox.net.https > vyrazu-35-ThinkCentre-M70t.40978: Flags [P.], seq 3872:3896, ack 2092, win 502, options [nop,nop,TS val 4188425932 ecr 1724198892], length 24
19:42:29.915463 IP md-22.webhostbox.net.https > vyrazu-35-ThinkCentre-M70t.40978: Flags [F.], seq 3896, ack 2092, win 502, options [nop,nop,TS val 4188425932 ecr 1724198892], length 0
19:42:29.918398 IP vyrazu-35-ThinkCentre-M70t.40978 > md-22.webhostbox.net.https: Flags [.], ack 3897, win 473, options [nop,nop,TS val 1724199168 ecr 4188425932], length 0
19:42:29.918521 IP vyrazu-35-ThinkCentre-M70t.40978 > md-22.webhostbox.net.https: Flags [P.], seq 2092:2116, ack 3897, win 473, options [nop,nop,TS val 1724199168 ecr 4188425932], length 24
19:42:29.918544 IP vyrazu-35-ThinkCentre-M70t.40978 > md-22.webhostbox.net.https: Flags [F.], seq 2116, ack 3897, win 473, options [nop,nop,TS val 1724199168 ecr 4188425932], length 0
19:42:29.932199 IP vyrazu-35-ThinkCentre-M70t.54482 > ec2-3-6-115-182.ap-south-1.compute.amazonaws.com.http: Flags [.], ack 1, win 501, options [nop,nop,TS val 4239965996 ecr 35770933], length 0
19:42:29.946064 IP server-54-192-151-10.ccu50.r.cloudfront.net.https > vyrazu-35-ThinkCentre-M70t.47838: Flags [P.], seq 6284:14858, ack 2364, win 141, options [nop,nop,TS val 1450278189 ecr 2107607539], length 8574
19:42:29.946302 IP vyrazu-35-ThinkCentre-M70t.47838 > server-54-192-151-10.ccu50.r.cloudfront.net.https: Flags [.], ack 14858, win 389, options [nop,nop,TS val 2107608458 ecr 1450278189], length 0
19:42:29.958616 IP _gateway.domain > vyrazu-35-ThinkCentre-M70t.58361: 4974 ServFail 0/1/1 (141)
19:42:29.958996 IP vyrazu-35-ThinkCentre-M70t.58361 > _gateway.domain: 4974+ PTR? 85.164.123.52.in-addr.arpa. (44)
19:42:29.959165 IP bom12s11-in-f4.1e100.net.https > vyrazu-35-ThinkCentre-M70t.44826: Flags [P.], seq 54414:54632, ack 3453, win 1040, options [nop,nop,TS val 1821762675 ecr 4258697982], length 218
19:42:29.959185 IP bom12s11-in-f4.1e100.net.https > vyrazu-35-ThinkCentre-M70t.44826: Flags [P.], seq 54632:56032, ack 3453, win 1040, options [nop,nop,TS val 1821762675 ecr 4258697982], length 1400
19:42:29.959329 IP vyrazu-35-ThinkCentre-M70t.44826 > bom12s11-in-f4.1e100.net.https: Flags [.], ack 56032, win 858, options [nop,nop,TS val 4258698121 ecr 1821762675], length 0
19:42:29.960184 IP bom12s11-in-f4.1e100.net.https > vyrazu-35-ThinkCentre-M70t.44826: Flags [P.], seq 56032:57432, ack 3453, win 1040, options [nop,nop,TS val 1821762676 ecr 4258697982], length 1400
19:42:29.961093 IP bom12s11-in-f4.1e100.net.https > vyrazu-35-ThinkCentre-M70t.44826: Flags [P.], seq 57432:60232, ack 3453, win 1040, options [nop,nop,TS val 1821762677 ecr 4258697982], length 2800
19:42:29.961121 IP vyrazu-35-ThinkCentre-M70t.44826 > bom12s11-in-f4.1e100.net.https: Flags [.], ack 60232, win 924, options [nop,nop,TS val 4258698122 ecr 1821762676], length 0
19:42:29.962204 IP vyrazu-35-ThinkCentre-M70t.48418 > ec2-3-71-145-122.eu-central-1.compute.amazonaws.com.https: Flags [P.], seq 453:492, ack 273, win 346, options [nop,nop,TS val 3128096091 ecr 1047291556], length 39
19:42:29.963193 IP bom12s11-in-f4.1e100.net.https > vyrazu-35-ThinkCentre-M70t.44826: Flags [P.], seq 60232:63032, ack 3453, win 1040, options [nop,nop,TS val 1821762679 ecr 4258697982], length 2800
19:42:29.963218 IP vyrazu-35-ThinkCentre-M70t.44826 > bom12s11-in-f4.1e100.net.https: Flags [.], ack 63032, win 968, options [nop,nop,TS val 4258698125 ecr 1821762679], length 0
19:42:29.964837 IP bom12s11-in-f4.1e100.net.https > vyrazu-35-ThinkCentre-M70t.44826: Flags [P.], seq 63032:65832, ack 3453, win 1040, options [nop,nop,TS val 1821762681 ecr 4258697982], length 2800
19:42:29.964903 IP vyrazu-35-ThinkCentre-M70t.44826 > bom12s11-in-f4.1e100.net.https: Flags [.], ack 65832, win 1012, options [nop,nop,TS val 4258698126 ecr 1821762681], length 0
19:42:29.966640 IP bom12s11-in-f4.1e100.net.https > vyrazu-35-ThinkCentre-M70t.44826: Flags [P.], seq 65832:68632, ack 3453, win 1040, options [nop,nop,TS val 1821762682 ecr 4258697982], length 2800
19:42:29.966689 IP vyrazu-35-ThinkCentre-M70t.44826 > bom12s11-in-f4.1e100.net.https: Flags [.], ack 68632, win 1056, options [nop,nop,TS val 4258698128 ecr 1821762682], length 0
19:42:29.968337 IP bom12s11-in-f4.1e100.net.https > vyrazu-35-ThinkCentre-M70t.44826: Flags [P.], seq 68632:69072, ack 3453, win 1040, options [nop,nop,TS val 1821762684 ecr 4258697982], length 440
19:42:29.969065 IP md-22.webhostbox.net.https > vyrazu-35-ThinkCentre-M70t.40966: Flags [.], ack 2117, win 502, options [nop,nop,TS val 4188425982 ecr 1724198937], length 0
19:42:29.969117 IP vyrazu-35-ThinkCentre-M70t.40966 > md-22.webhostbox.net.https: Flags [R], seq 2952193153, win 0, length 0
19:42:29.972248 IP ec2-3-6-115-182.ap-south-1.compute.amazonaws.com.http > vyrazu-35-ThinkCentre-M70t.54482: Flags [.], ack 1, win 1769, options [nop,nop,TS val 35771974 ecr 4239957559], length 0
19:42:29.997981 IP _gateway.domain > vyrazu-35-ThinkCentre-M70t.58361: 4974 ServFail 0/1/0 (130)
19:42:29.999965 IP vyrazu-35-ThinkCentre-M70t.44166 > _gateway.domain: 25519+ [1au] PTR? 138.68.125.74.in-addr.arpa. (55)
19:42:30.001063 IP md-22.webhostbox.net.https > vyrazu-35-ThinkCentre-M70t.40970: Flags [.], ack 2106, win 502, options [nop,nop,TS val 4188426015 ecr 1724198930], length 0
19:42:30.001583 IP bom12s11-in-f4.1e100.net.https > vyrazu-35-ThinkCentre-M70t.44826: Flags [P.], seq 69072:70472, ack 3453, win 1040, options [nop,nop,TS val 1821762717 ecr 4258697982], length 1400

4689 packets captured
4937 packets received by filter
0 packets dropped by kernel
