tcpdump: listening on wlo1, link-type EN10MB (Ethernet), snapshot length 262144 bytes
19:52:36.068210 IP (tos 0x0, ttl 64, id 19643, offset 0, flags [DF], proto TCP (6), length 52)
    192.168.1.194.53798 > 3.6.115.64.80: Flags [.], cksum 0x38d7 (incorrect -> 0xfefb), seq 2331281951, ack 64484314, win 501, options [nop,nop,TS val 3328440295 ecr 2971004541], length 0
19:52:36.068248 IP (tos 0x0, ttl 64, id 52047, offset 0, flags [DF], proto TCP (6), length 52)
    192.168.1.194.54482 > 3.6.115.182.80: Flags [.], cksum 0x394d (incorrect -> 0xca65), seq 479507524, ack 2371563042, win 501, options [nop,nop,TS val 4240572132 ecr 36377073], length 0
19:52:36.082805 IP (tos 0x0, ttl 44, id 18847, offset 0, flags [DF], proto TCP (6), length 91)
    52.184.206.197.443 > 192.168.1.194.39758: Flags [P.], cksum 0xa999 (correct), seq 3479078489:3479078528, ack 1312555741, win 2288, options [nop,nop,TS val 817118006 ecr 2607374777], length 39
19:52:36.082808 IP (tos 0x0, ttl 44, id 18849, offset 0, flags [DF], proto TCP (6), length 52)
    52.184.206.197.443 > 192.168.1.194.39758: Flags [F.], cksum 0xfaa1 (correct), seq 63, ack 26, win 2288, options [nop,nop,TS val 817118007 ecr 2607374778], length 0
19:52:36.082809 IP (tos 0x0, ttl 44, id 18848, offset 0, flags [DF], proto TCP (6), length 76)
    52.184.206.197.443 > 192.168.1.194.39758: Flags [P.], cksum 0x9348 (correct), seq 39:63, ack 26, win 2288, options [nop,nop,TS val 817118007 ecr 2607374778], length 24
19:52:36.082818 IP (tos 0x0, ttl 120, id 61063, offset 0, flags [DF], proto TCP (6), length 52)
    3.6.98.232.80 > 192.168.1.194.57330: Flags [.], cksum 0xd10d (correct), seq 3359844931, ack 3177824161, win 442, options [nop,nop,TS val 3144048529 ecr 4263776939], length 0
19:52:36.082851 IP (tos 0x0, ttl 64, id 2156, offset 0, flags [DF], proto TCP (6), length 52)
    192.168.1.194.57330 > 3.6.98.232.80: Flags [.], cksum 0x287f (incorrect -> 0x9798), seq 1, ack 1, win 501, options [nop,nop,TS val 4263792331 ecr 3144047786], length 0
19:52:36.082892 IP (tos 0x0, ttl 64, id 0, offset 0, flags [DF], proto TCP (6), length 40)
    192.168.1.194.39758 > 52.184.206.197.443: Flags [R], cksum 0xfbd5 (correct), seq 1312555741, win 0, length 0
19:52:36.082940 IP (tos 0x0, ttl 64, id 0, offset 0, flags [DF], proto TCP (6), length 40)
    192.168.1.194.39758 > 52.184.206.197.443: Flags [R], cksum 0xfbbc (correct), seq 1312555766, win 0, length 0
19:52:36.082964 IP (tos 0x0, ttl 64, id 0, offset 0, flags [DF], proto TCP (6), length 40)
    192.168.1.194.39758 > 52.184.206.197.443: Flags [R], cksum 0xfbbc (correct), seq 1312555766, win 0, length 0
19:52:36.113900 IP (tos 0x0, ttl 120, id 60303, offset 0, flags [DF], proto TCP (6), length 52)
    3.6.115.64.80 > 192.168.1.194.53798: Flags [.], cksum 0xf718 (correct), seq 1, ack 1, win 1704, options [nop,nop,TS val 2971005589 ecr 3328440062], length 0
19:52:36.114681 IP (tos 0x0, ttl 120, id 59291, offset 0, flags [DF], proto TCP (6), length 52)
    3.6.115.182.80 > 192.168.1.194.54482: Flags [.], cksum 0xc209 (correct), seq 1, ack 1, win 1769, options [nop,nop,TS val 36378121 ecr 4240571955], length 0
19:52:36.308194 IP (tos 0x0, ttl 64, id 37352, offset 0, flags [DF], proto TCP (6), length 52)
    192.168.1.194.41786 > 3.6.30.85.80: Flags [.], cksum 0xe3eb (incorrect -> 0x5ee3), seq 1814688142, ack 861693780, win 501, options [nop,nop,TS val 3269350687 ecr 1456744282], length 0
19:52:36.308228 IP (tos 0x0, ttl 64, id 2157, offset 0, flags [DF], proto TCP (6), length 52)
    192.168.1.194.57330 > 3.6.98.232.80: Flags [.], cksum 0x287f (incorrect -> 0x96b7), seq 0, ack 1, win 501, options [nop,nop,TS val 4263792557 ecr 3144047786], length 0
19:52:36.357982 IP (tos 0x0, ttl 120, id 61064, offset 0, flags [DF], proto TCP (6), length 52)
    3.6.98.232.80 > 192.168.1.194.57330: Flags [.], cksum 0x93b9 (correct), seq 1, ack 1, win 442, options [nop,nop,TS val 3144048836 ecr 4263792331], length 0
19:52:36.358849 IP (tos 0x0, ttl 120, id 18053, offset 0, flags [DF], proto TCP (6), length 52)
    3.6.30.85.80 > 192.168.1.194.41786: Flags [.], cksum 0x8514 (correct), seq 1, ack 1, win 2098, options [nop,nop,TS val 1456745333 ecr 3269338261], length 0
19:52:36.503191 IP (tos 0x0, ttl 64, id 30123, offset 0, flags [DF], proto TCP (6), length 52)
    192.168.1.194.38390 > 3.6.115.64.80: Flags [.], cksum 0x38d7 (incorrect -> 0xdf7a), seq 151753716, ack 1552837507, win 501, options [nop,nop,TS val 3328440730 ecr 2971004976], length 0
19:52:36.503213 IP (tos 0x0, ttl 64, id 29058, offset 0, flags [DF], proto TCP (6), length 52)
    192.168.1.194.59792 > 3.6.122.107.80: Flags [.], cksum 0x4002 (incorrect -> 0x262e), seq 1659797400, ack 131842170, win 501, options [nop,nop,TS val 216309699 ecr 1119259299], length 0
19:52:36.503221 IP (tos 0x0, ttl 64, id 18386, offset 0, flags [DF], proto TCP (6), length 52)
    192.168.1.194.34916 > 3.6.30.85.80: Flags [.], cksum 0xe3eb (incorrect -> 0x9d64), seq 3196765342, ack 1324089635, win 501, options [nop,nop,TS val 3269350882 ecr 1456744476], length 0
19:52:36.538098 IP (tos 0x0, ttl 114, id 61860, offset 0, flags [DF], proto TCP (6), length 52)
    3.6.122.107.80 > 192.168.1.194.59792: Flags [.], cksum 0x5668 (correct), seq 1, ack 1, win 448, options [nop,nop,TS val 1119260335 ecr 216296369], length 0
19:52:36.538098 IP (tos 0x0, ttl 120, id 57338, offset 0, flags [DF], proto TCP (6), length 52)
    3.6.30.85.80 > 192.168.1.194.34916: Flags [.], cksum 0xaf5f (correct), seq 1, ack 1, win 442, options [nop,nop,TS val 1456745512 ecr 3269345301], length 0
19:52:36.538969 IP (tos 0x0, ttl 120, id 3797, offset 0, flags [DF], proto TCP (6), length 52)
    3.6.115.64.80 > 192.168.1.194.38390: Flags [.], cksum 0xefbf (correct), seq 1, ack 1, win 2383, options [nop,nop,TS val 2971006014 ecr 3328433644], length 0
19:52:36.693241 IP (tos 0x0, ttl 64, id 6759, offset 0, flags [DF], proto TCP (6), length 52)
    192.168.1.194.60774 > 3.6.30.85.80: Flags [.], cksum 0xe3eb (incorrect -> 0x8534), seq 1936153439, ack 2064202521, win 501, options [nop,nop,TS val 3269351072 ecr 1456744667], length 0
19:52:36.694202 IP (tos 0x0, ttl 64, id 43337, offset 0, flags [DF], proto TCP (6), length 52)
    192.168.1.194.57250 > 3.6.115.182.80: Flags [.], cksum 0x394d (incorrect -> 0xadae), seq 3686590654, ack 3012895048, win 501, options [nop,nop,TS val 4240572758 ecr 36377699], length 0
19:52:36.695227 IP (tos 0x0, ttl 64, id 42234, offset 0, flags [DF], proto TCP (6), length 52)
    192.168.1.194.53220 > 3.6.115.182.80: Flags [.], cksum 0x394d (incorrect -> 0x101f), seq 3763127295, ack 386894664, win 501, options [nop,nop,TS val 4240572759 ecr 36377701], length 0
19:52:36.728464 IP (tos 0x0, ttl 120, id 8864, offset 0, flags [DF], proto TCP (6), length 52)
    3.6.115.182.80 > 192.168.1.194.57250: Flags [.], cksum 0xaa4d (correct), seq 1, ack 1, win 3646, options [nop,nop,TS val 36378735 ecr 4240569441], length 0
19:52:36.728465 IP (tos 0x0, ttl 120, id 59730, offset 0, flags [DF], proto TCP (6), length 52)
    3.6.30.85.80 > 192.168.1.194.60774: Flags [.], cksum 0x89af (correct), seq 1, ack 1, win 2168, options [nop,nop,TS val 1456745702 ecr 3269347222], length 0
19:52:36.730390 IP (tos 0x0, ttl 120, id 52618, offset 0, flags [DF], proto TCP (6), length 52)
    3.6.115.182.80 > 192.168.1.194.53220: Flags [.], cksum 0x37e3 (correct), seq 1, ack 1, win 2239, options [nop,nop,TS val 36378737 ecr 4240559804], length 0
19:52:36.864339 IP (tos 0x0, ttl 64, id 44179, offset 0, flags [DF], proto TCP (6), length 91)
    192.168.1.194.49732 > 142.250.192.14.443: Flags [P.], cksum 0x11c1 (incorrect -> 0xfbb4), seq 1961068294:1961068333, ack 3074806477, win 435, options [nop,nop,TS val 7227190 ecr 3980157752], length 39
19:52:36.864579 IP (tos 0x0, ttl 64, id 49428, offset 0, flags [DF], proto TCP (6), length 91)
    192.168.1.194.50386 > 172.64.155.119.443: Flags [P.], cksum 0x0a70 (incorrect -> 0xf9df), seq 3614850053:3614850092, ack 4166100806, win 469, options [nop,nop,TS val 3816362853 ecr 3457422353], length 39
19:52:36.864629 IP (tos 0x0, ttl 64, id 21351, offset 0, flags [DF], proto TCP (6), length 91)
    192.168.1.194.32934 > 34.54.57.52.443: Flags [P.], cksum 0x1e22 (incorrect -> 0x63e2), seq 1892504290:1892504329, ack 1950812178, win 464, options [nop,nop,TS val 1824979369 ecr 1215682802], length 39
19:52:36.865224 IP (tos 0x0, ttl 64, id 49429, offset 0, flags [DF], proto TCP (6), length 76)
    192.168.1.194.50386 > 172.64.155.119.443: Flags [FP.], cksum 0x0a61 (incorrect -> 0xb9f1), seq 39:63, ack 1, win 469, options [nop,nop,TS val 3816362854 ecr 3457422353], length 24
19:52:36.865727 IP (tos 0x0, ttl 64, id 21352, offset 0, flags [DF], proto TCP (6), length 76)
    192.168.1.194.32934 > 34.54.57.52.443: Flags [FP.], cksum 0x1e13 (incorrect -> 0x7057), seq 39:63, ack 1, win 464, options [nop,nop,TS val 1824979370 ecr 1215682802], length 24
19:52:36.898242 IP (tos 0x0, ttl 64, id 8084, offset 0, flags [DF], proto TCP (6), length 52)
    192.168.1.194.49294 > 3.6.115.64.80: Flags [.], cksum 0x38d7 (incorrect -> 0xa4a0), seq 3292074919, ack 3199654820, win 501, options [nop,nop,TS val 3328441125 ecr 2971005372], length 0
19:52:36.903469 IP (tos 0x0, ttl 58, id 22454, offset 0, flags [DF], proto TCP (6), length 52)
    172.64.155.119.443 > 192.168.1.194.50386: Flags [.], cksum 0x47cf (correct), seq 1, ack 64, win 17, options [nop,nop,TS val 3457476068 ecr 3816362853], length 0
19:52:36.903469 IP (tos 0x0, ttl 121, id 47793, offset 0, flags [none], proto TCP (6), length 52)
    34.54.57.52.443 > 192.168.1.194.32934: Flags [.], cksum 0x3881 (correct), seq 1, ack 64, win 1043, options [nop,nop,TS val 1215736515 ecr 1824979369], length 0
19:52:36.903873 IP (tos 0x0, ttl 121, id 47794, offset 0, flags [none], proto TCP (6), length 52)
    34.54.57.52.443 > 192.168.1.194.32934: Flags [F.], cksum 0x3880 (correct), seq 1, ack 64, win 1043, options [nop,nop,TS val 1215736515 ecr 1824979369], length 0
19:52:36.903915 IP (tos 0x0, ttl 64, id 0, offset 0, flags [DF], proto TCP (6), length 52)
    192.168.1.194.32934 > 34.54.57.52.443: Flags [.], cksum 0x3a9c (correct), seq 64, ack 2, win 464, options [nop,nop,TS val 1824979408 ecr 1215736515], length 0
19:52:36.904323 IP (tos 0x0, ttl 58, id 22455, offset 0, flags [DF], proto TCP (6), length 52)
    172.64.155.119.443 > 192.168.1.194.50386: Flags [F.], cksum 0x47cc (correct), seq 1, ack 64, win 17, options [nop,nop,TS val 3457476070 ecr 3816362853], length 0
19:52:36.904368 IP (tos 0x0, ttl 64, id 0, offset 0, flags [DF], proto TCP (6), length 52)
    192.168.1.194.50386 > 172.64.155.119.443: Flags [.], cksum 0x45e0 (correct), seq 64, ack 2, win 469, options [nop,nop,TS val 3816362893 ecr 3457476070], length 0
19:52:36.919290 IP (tos 0x80, ttl 123, id 12015, offset 0, flags [none], proto TCP (6), length 91)
    142.250.192.14.443 > 192.168.1.194.49732: Flags [P.], cksum 0x24ca (correct), seq 1:40, ack 39, win 1031, options [nop,nop,TS val 3980216529 ecr 7227190], length 39
19:52:36.919345 IP (tos 0x0, ttl 64, id 44180, offset 0, flags [DF], proto TCP (6), length 52)
    192.168.1.194.49732 > 142.250.192.14.443: Flags [.], cksum 0x119a (incorrect -> 0x9b61), seq 39, ack 40, win 435, options [nop,nop,TS val 7227245 ecr 3980216529], length 0
19:52:36.933205 IP (tos 0x0, ttl 117, id 41656, offset 0, flags [DF], proto TCP (6), length 52)
    3.6.115.64.80 > 192.168.1.194.49294: Flags [.], cksum 0xc306 (correct), seq 1, ack 1, win 442, options [nop,nop,TS val 2971006408 ecr 3328432365], length 0
19:52:36.951330 ARP, Ethernet (len 6), IPv4 (len 4), Request who-has 192.168.1.99 tell 192.168.1.1, length 28
19:52:37.130259 IP (tos 0x0, ttl 64, id 19644, offset 0, flags [DF], proto TCP (6), length 52)
    192.168.1.194.53798 > 3.6.115.64.80: Flags [.], cksum 0x38d7 (incorrect -> 0xf6bd), seq 0, ack 1, win 501, options [nop,nop,TS val 3328441357 ecr 2971005589], length 0
19:52:37.131297 IP (tos 0x0, ttl 64, id 52048, offset 0, flags [DF], proto TCP (6), length 52)
    192.168.1.194.54482 > 3.6.115.182.80: Flags [.], cksum 0x394d (incorrect -> 0xc226), seq 0, ack 1, win 501, options [nop,nop,TS val 4240573195 ecr 36378121], length 0
19:52:37.164096 IP (tos 0x0, ttl 120, id 60304, offset 0, flags [DF], proto TCP (6), length 52)
    3.6.115.64.80 > 192.168.1.194.53798: Flags [.], cksum 0xf2fe (correct), seq 1, ack 1, win 1704, options [nop,nop,TS val 2971006639 ecr 3328440062], length 0
19:52:37.164659 IP (tos 0x0, ttl 120, id 59292, offset 0, flags [DF], proto TCP (6), length 52)
    3.6.115.182.80 > 192.168.1.194.54482: Flags [.], cksum 0xbdef (correct), seq 1, ack 1, win 1769, options [nop,nop,TS val 36379171 ecr 4240571955], length 0
19:52:37.358208 IP (tos 0x0, ttl 64, id 2158, offset 0, flags [DF], proto TCP (6), length 52)
    192.168.1.194.57330 > 3.6.98.232.80: Flags [.], cksum 0x287f (incorrect -> 0x8e83), seq 0, ack 1, win 501, options [nop,nop,TS val 4263793607 ecr 3144048836], length 0
19:52:37.359277 IP (tos 0x0, ttl 64, id 37353, offset 0, flags [DF], proto TCP (6), length 52)
    192.168.1.194.41786 > 3.6.30.85.80: Flags [.], cksum 0xe3eb (incorrect -> 0x56ad), seq 0, ack 1, win 501, options [nop,nop,TS val 3269351738 ecr 1456745333], length 0
19:52:37.393015 IP (tos 0x0, ttl 120, id 61065, offset 0, flags [DF], proto TCP (6), length 52)
    3.6.98.232.80 > 192.168.1.194.57330: Flags [.], cksum 0x8fae (correct), seq 1, ack 1, win 442, options [nop,nop,TS val 3144049871 ecr 4263792331], length 0
19:52:37.393015 IP (tos 0x0, ttl 120, id 18054, offset 0, flags [DF], proto TCP (6), length 52)
    3.6.30.85.80 > 192.168.1.194.41786: Flags [.], cksum 0x810a (correct), seq 1, ack 1, win 2098, options [nop,nop,TS val 1456746367 ecr 3269338261], length 0
19:52:37.435659 IP (tos 0x0, ttl 58, id 32111, offset 0, flags [DF], proto TCP (6), length 112)
    172.65.251.78.443 > 192.168.1.194.46058: Flags [P.], cksum 0xd053 (correct), seq 3419219728:3419219788, ack 2624173622, win 17, options [nop,nop,TS val 4260523121 ecr 3510416381], length 60
19:52:37.435708 IP (tos 0x0, ttl 64, id 28239, offset 0, flags [DF], proto TCP (6), length 52)
    192.168.1.194.46058 > 172.65.251.78.443: Flags [.], cksum 0x6a21 (incorrect -> 0x1458), seq 1, ack 60, win 440, options [nop,nop,TS val 3510419377 ecr 4260523121], length 0
19:52:37.538215 IP (tos 0x0, ttl 64, id 18387, offset 0, flags [DF], proto TCP (6), length 52)
    192.168.1.194.34916 > 3.6.30.85.80: Flags [.], cksum 0xe3eb (incorrect -> 0x954d), seq 0, ack 1, win 501, options [nop,nop,TS val 3269351917 ecr 1456745512], length 0
19:52:37.538278 IP (tos 0x0, ttl 64, id 29059, offset 0, flags [DF], proto TCP (6), length 52)
    192.168.1.194.59792 > 3.6.122.107.80: Flags [.], cksum 0x4002 (incorrect -> 0x1e17), seq 0, ack 1, win 501, options [nop,nop,TS val 216310734 ecr 1119260335], length 0
19:52:37.539199 IP (tos 0x0, ttl 64, id 30124, offset 0, flags [DF], proto TCP (6), length 52)
    192.168.1.194.38390 > 3.6.115.64.80: Flags [.], cksum 0x38d7 (incorrect -> 0xd760), seq 0, ack 1, win 501, options [nop,nop,TS val 3328441766 ecr 2971006014], length 0
19:52:37.572287 IP (tos 0x0, ttl 114, id 61861, offset 0, flags [DF], proto TCP (6), length 52)
    3.6.122.107.80 > 192.168.1.194.59792: Flags [.], cksum 0x525e (correct), seq 1, ack 1, win 448, options [nop,nop,TS val 1119261369 ecr 216296369], length 0
19:52:37.572287 IP (tos 0x0, ttl 120, id 57339, offset 0, flags [DF], proto TCP (6), length 52)
    3.6.30.85.80 > 192.168.1.194.34916: Flags [.], cksum 0xab55 (correct), seq 1, ack 1, win 442, options [nop,nop,TS val 1456746546 ecr 3269345301], length 0
19:52:37.573812 IP (tos 0x0, ttl 120, id 3798, offset 0, flags [DF], proto TCP (6), length 52)
    3.6.115.64.80 > 192.168.1.194.38390: Flags [.], cksum 0xebb5 (correct), seq 1, ack 1, win 2383, options [nop,nop,TS val 2971007048 ecr 3328433644], length 0
19:52:37.729243 IP (tos 0x0, ttl 64, id 6760, offset 0, flags [DF], proto TCP (6), length 52)
    192.168.1.194.60774 > 3.6.30.85.80: Flags [.], cksum 0xe3eb (incorrect -> 0x7d1d), seq 0, ack 1, win 501, options [nop,nop,TS val 3269352108 ecr 1456745702], length 0
19:52:37.729320 IP (tos 0x0, ttl 64, id 43338, offset 0, flags [DF], proto TCP (6), length 52)
    192.168.1.194.57250 > 3.6.115.182.80: Flags [.], cksum 0x394d (incorrect -> 0xa597), seq 0, ack 1, win 501, options [nop,nop,TS val 4240573793 ecr 36378735], length 0
19:52:37.731220 IP (tos 0x0, ttl 64, id 42235, offset 0, flags [DF], proto TCP (6), length 52)
    192.168.1.194.53220 > 3.6.115.182.80: Flags [.], cksum 0x394d (incorrect -> 0x0807), seq 0, ack 1, win 501, options [nop,nop,TS val 4240573795 ecr 36378737], length 0
19:52:37.763762 IP (tos 0x0, ttl 120, id 8865, offset 0, flags [DF], proto TCP (6), length 52)
    3.6.115.182.80 > 192.168.1.194.57250: Flags [.], cksum 0xa642 (correct), seq 1, ack 1, win 3646, options [nop,nop,TS val 36379770 ecr 4240569441], length 0
19:52:37.764541 IP (tos 0x0, ttl 120, id 59731, offset 0, flags [DF], proto TCP (6), length 52)
    3.6.30.85.80 > 192.168.1.194.60774: Flags [.], cksum 0x85a3 (correct), seq 1, ack 1, win 2168, options [nop,nop,TS val 1456746738 ecr 3269347222], length 0
19:52:37.767311 IP (tos 0x0, ttl 120, id 52619, offset 0, flags [DF], proto TCP (6), length 52)
    3.6.115.182.80 > 192.168.1.194.53220: Flags [.], cksum 0x33d8 (correct), seq 1, ack 1, win 2239, options [nop,nop,TS val 36379772 ecr 4240559804], length 0
19:52:37.769194 ARP, Ethernet (len 6), IPv4 (len 4), Request who-has 192.168.1.99 tell 192.168.1.1, length 28
19:52:37.865208 IP (tos 0x0, ttl 64, id 37970, offset 0, flags [DF], proto TCP (6), length 98)
    192.168.1.194.48256 > 34.233.113.213.443: Flags [P.], cksum 0x577d (incorrect -> 0xf213), seq 920623965:920624011, ack 1008102514, win 468, options [nop,nop,TS val 2568624706 ecr 3582075470], length 46
19:52:37.865402 IP (tos 0x0, ttl 64, id 42774, offset 0, flags [DF], proto TCP (6), length 91)
    192.168.1.194.40638 > 4.207.209.100.443: Flags [P.], cksum 0x98eb (incorrect -> 0x5625), seq 2236259110:2236259149, ack 2811051369, win 474, options [nop,nop,TS val 4147568327 ecr 2515128844], length 39
19:52:37.865476 IP (tos 0x0, ttl 64, id 52446, offset 0, flags [DF], proto TCP (6), length 91)
    192.168.1.194.39704 > 52.184.206.197.443: Flags [P.], cksum 0xc635 (incorrect -> 0x9aed), seq 4095929618:4095929657, ack 3302961628, win 475, options [nop,nop,TS val 2607376861 ecr 1220775066], length 39
19:52:37.866072 IP (tos 0x0, ttl 64, id 52447, offset 0, flags [DF], proto TCP (6), length 76)
    192.168.1.194.39704 > 52.184.206.197.443: Flags [FP.], cksum 0xc626 (incorrect -> 0x8135), seq 39:63, ack 1, win 475, options [nop,nop,TS val 2607376861 ecr 1220775066], length 24
19:52:37.866815 IP (tos 0x0, ttl 64, id 42775, offset 0, flags [DF], proto TCP (6), length 76)
    192.168.1.194.40638 > 4.207.209.100.443: Flags [FP.], cksum 0x98dc (incorrect -> 0x5f83), seq 39:63, ack 1, win 474, options [nop,nop,TS val 4147568328 ecr 2515128844], length 24
19:52:37.867244 IP (tos 0x0, ttl 64, id 37971, offset 0, flags [DF], proto TCP (6), length 83)
    192.168.1.194.48256 > 34.233.113.213.443: Flags [P.], cksum 0x576e (incorrect -> 0x1901), seq 46:77, ack 1, win 468, options [nop,nop,TS val 2568624709 ecr 3582075470], length 31
19:52:37.867279 IP (tos 0x0, ttl 64, id 37972, offset 0, flags [DF], proto TCP (6), length 52)
    192.168.1.194.48256 > 34.233.113.213.443: Flags [F.], cksum 0x574f (incorrect -> 0x3941), seq 77, ack 1, win 468, options [nop,nop,TS val 2568624709 ecr 3582075470], length 0
19:52:37.963256 IP (tos 0x0, ttl 64, id 8085, offset 0, flags [DF], proto TCP (6), length 52)
    192.168.1.194.49294 > 3.6.115.64.80: Flags [.], cksum 0x38d7 (incorrect -> 0x9c6b), seq 0, ack 1, win 501, options [nop,nop,TS val 3328442190 ecr 2971006408], length 0
19:52:37.997786 IP (tos 0x0, ttl 117, id 41657, offset 0, flags [DF], proto TCP (6), length 52)
    3.6.115.64.80 > 192.168.1.194.49294: Flags [.], cksum 0xbedd (correct), seq 1, ack 1, win 442, options [nop,nop,TS val 2971007473 ecr 3328432365], length 0
19:52:38.029568 IP (tos 0x0, ttl 43, id 50477, offset 0, flags [DF], proto TCP (6), length 52)
    4.207.209.100.443 > 192.168.1.194.40638: Flags [F.], cksum 0x2617 (correct), seq 40, ack 64, win 501, options [nop,nop,TS val 2515182560 ecr 4147568327], length 0
19:52:38.029681 IP (tos 0x0, ttl 64, id 0, offset 0, flags [DF], proto TCP (6), length 40)
    192.168.1.194.40638 > 4.207.209.100.443: Flags [R], cksum 0x5618 (correct), seq 2236259174, win 0, length 0
19:52:38.030900 IP (tos 0x0, ttl 43, id 50475, offset 0, flags [DF], proto TCP (6), length 52)
    4.207.209.100.443 > 192.168.1.194.40638: Flags [.], cksum 0x263f (correct), seq 1, ack 64, win 501, options [nop,nop,TS val 2515182560 ecr 4147568327], length 0
19:52:38.030901 IP (tos 0x0, ttl 43, id 50476, offset 0, flags [DF], proto TCP (6), length 91)
    4.207.209.100.443 > 192.168.1.194.40638: Flags [P.], cksum 0x3bee (correct), seq 1:40, ack 64, win 501, options [nop,nop,TS val 2515182560 ecr 4147568327], length 39
19:52:38.030933 IP (tos 0x0, ttl 64, id 0, offset 0, flags [DF], proto TCP (6), length 40)
    192.168.1.194.40638 > 4.207.209.100.443: Flags [R], cksum 0x5618 (correct), seq 2236259174, win 0, length 0
19:52:38.030959 IP (tos 0x0, ttl 64, id 0, offset 0, flags [DF], proto TCP (6), length 40)
    192.168.1.194.40638 > 4.207.209.100.443: Flags [R], cksum 0x5618 (correct), seq 2236259174, win 0, length 0
19:52:38.093803 IP (tos 0x0, ttl 43, id 48513, offset 0, flags [DF], proto TCP (6), length 52)
    52.184.206.197.443 > 192.168.1.194.39704: Flags [.], cksum 0x8d62 (correct), seq 1, ack 64, win 501, options [nop,nop,TS val 1220828781 ecr 2607376861], length 0
19:52:38.094192 IP (tos 0x0, ttl 43, id 48514, offset 0, flags [DF], proto TCP (6), length 76)
    52.184.206.197.443 > 192.168.1.194.39704: Flags [P.], cksum 0xc11e (correct), seq 1:25, ack 64, win 501, options [nop,nop,TS val 1220828781 ecr 2607376861], length 24
19:52:38.094193 IP (tos 0x0, ttl 43, id 48515, offset 0, flags [DF], proto TCP (6), length 52)
    52.184.206.197.443 > 192.168.1.194.39704: Flags [F.], cksum 0x8d49 (correct), seq 25, ack 64, win 501, options [nop,nop,TS val 1220828781 ecr 2607376861], length 0
19:52:38.094232 IP (tos 0x0, ttl 64, id 0, offset 0, flags [DF], proto TCP (6), length 40)
    192.168.1.194.39704 > 52.184.206.197.443: Flags [R], cksum 0x6baf (correct), seq 4095929682, win 0, length 0
19:52:38.094269 IP (tos 0x0, ttl 64, id 0, offset 0, flags [DF], proto TCP (6), length 40)
    192.168.1.194.39704 > 52.184.206.197.443: Flags [R], cksum 0x6baf (correct), seq 4095929682, win 0, length 0
19:52:38.097441 IP (tos 0x0, ttl 64, id 9388, offset 0, flags [DF], proto TCP (6), length 171)
    192.168.1.194.41516 > 20.189.173.2.443: Flags [P.], cksum 0x84c7 (incorrect -> 0xe905), seq 2560146623:2560146742, ack 1953617510, win 450, options [nop,nop,TS val 989467410 ecr 7298903], length 119
19:52:38.097650 IP (tos 0x0, ttl 64, id 9389, offset 0, flags [DF], proto TCP (6), length 2908)
    192.168.1.194.41516 > 20.189.173.2.443: Flags [P.], cksum 0x8f78 (incorrect -> 0x3be4), seq 119:2975, ack 1, win 450, options [nop,nop,TS val 989467410 ecr 7298903], length 2856
19:52:38.097684 IP (tos 0x0, ttl 64, id 9391, offset 0, flags [DF], proto TCP (6), length 2908)
    192.168.1.194.41516 > 20.189.173.2.443: Flags [P.], cksum 0x8f78 (incorrect -> 0x0cb8), seq 2975:5831, ack 1, win 450, options [nop,nop,TS val 989467410 ecr 7298903], length 2856
19:52:38.098413 IP (tos 0x0, ttl 64, id 9393, offset 0, flags [DF], proto TCP (6), length 2908)
    192.168.1.194.41516 > 20.189.173.2.443: Flags [P.], cksum 0x8f78 (incorrect -> 0x4706), seq 5831:8687, ack 1, win 450, options [nop,nop,TS val 989467411 ecr 7298903], length 2856
19:52:38.098450 IP (tos 0x0, ttl 64, id 9395, offset 0, flags [DF], proto TCP (6), length 2908)
    192.168.1.194.41516 > 20.189.173.2.443: Flags [P.], cksum 0x8f78 (incorrect -> 0x18fa), seq 8687:11543, ack 1, win 450, options [nop,nop,TS val 989467411 ecr 7298903], length 2856
19:52:38.099690 IP (tos 0x20, ttl 241, id 43129, offset 0, flags [DF], proto TCP (6), length 52)
    34.233.113.213.443 > 192.168.1.194.48256: Flags [F.], cksum 0x6888 (correct), seq 1, ack 77, win 187, options [nop,nop,TS val 3582129186 ecr 2568624706], length 0
19:52:38.099726 IP (tos 0x0, ttl 64, id 37973, offset 0, flags [DF], proto TCP (6), length 52)
    192.168.1.194.48256 > 34.233.113.213.443: Flags [.], cksum 0x574f (incorrect -> 0x6683), seq 78, ack 2, win 468, options [nop,nop,TS val 2568624941 ecr 3582129186], length 0
19:52:38.100960 IP (tos 0x20, ttl 241, id 43128, offset 0, flags [DF], proto TCP (6), length 52)
    34.233.113.213.443 > 192.168.1.194.48256: Flags [.], cksum 0x6889 (correct), seq 1, ack 77, win 187, options [nop,nop,TS val 3582129186 ecr 2568624706], length 0
19:52:38.100961 IP (tos 0x20, ttl 241, id 43130, offset 0, flags [DF], proto TCP (6), length 52)
    34.233.113.213.443 > 192.168.1.194.48256: Flags [.], cksum 0x6884 (correct), seq 2, ack 78, win 187, options [nop,nop,TS val 3582129186 ecr 2568624709], length 0
19:52:38.100991 IP (tos 0x0, ttl 64, id 37974, offset 0, flags [DF], proto TCP (6), length 52)
    192.168.1.194.48256 > 34.233.113.213.443: Flags [.], cksum 0x574f (incorrect -> 0x6682), seq 78, ack 2, win 468, options [nop,nop,TS val 2568624942 ecr 3582129186], length 0
19:52:38.102266 IP (tos 0x0, ttl 64, id 9397, offset 0, flags [DF], proto TCP (6), length 1480)
    192.168.1.194.41516 > 20.189.173.2.443: Flags [.], cksum 0x89e4 (incorrect -> 0xe75b), seq 11543:12971, ack 1, win 450, options [nop,nop,TS val 989467415 ecr 7298903], length 1428
19:52:38.156160 IP (tos 0x0, ttl 64, id 57226, offset 0, flags [DF], proto TCP (6), length 849)
    192.168.1.194.60328 > 35.174.210.7.443: Flags [P.], cksum 0xbb63 (incorrect -> 0x620c), seq 3228864552:3228865349, ack 1957803816, win 458, options [nop,nop,TS val 3348729244 ecr 1907011017], length 797
19:52:38.156888 IP (tos 0x0, ttl 64, id 62315, offset 0, flags [DF], proto TCP (6), length 792)
    192.168.1.194.51958 > 35.174.210.7.443: Flags [P.], cksum 0xbb2a (incorrect -> 0x1ae5), seq 2612089079:2612089819, ack 76837474, win 459, options [nop,nop,TS val 3348729245 ecr 1907011018], length 740
19:52:38.164207 IP (tos 0x0, ttl 64, id 19645, offset 0, flags [DF], proto TCP (6), length 52)
    192.168.1.194.53798 > 3.6.115.64.80: Flags [.], cksum 0x38d7 (incorrect -> 0xee99), seq 0, ack 1, win 501, options [nop,nop,TS val 3328442391 ecr 2971006639], length 0
19:52:38.165210 IP (tos 0x0, ttl 64, id 52049, offset 0, flags [DF], proto TCP (6), length 52)
    192.168.1.194.54482 > 3.6.115.182.80: Flags [.], cksum 0x394d (incorrect -> 0xba02), seq 0, ack 1, win 501, options [nop,nop,TS val 4240574229 ecr 36379171], length 0
19:52:38.196493 IP (tos 0x0, ttl 120, id 60305, offset 0, flags [DF], proto TCP (6), length 52)
    3.6.115.64.80 > 192.168.1.194.53798: Flags [.], cksum 0xeef6 (correct), seq 1, ack 1, win 1704, options [nop,nop,TS val 2971007671 ecr 3328440062], length 0
19:52:38.197300 IP (tos 0x0, ttl 120, id 59293, offset 0, flags [DF], proto TCP (6), length 52)
    3.6.115.182.80 > 192.168.1.194.54482: Flags [.], cksum 0xb9e6 (correct), seq 1, ack 1, win 1769, options [nop,nop,TS val 36380204 ecr 4240571955], length 0
19:52:38.384435 ARP, Ethernet (len 6), IPv4 (len 4), Request who-has 192.168.1.194 tell 192.168.1.1, length 28
19:52:38.384435 IP (tos 0x0, ttl 108, id 61214, offset 0, flags [DF], proto TCP (6), length 52)
    20.189.173.2.443 > 192.168.1.194.41516: Flags [.], cksum 0xb079 (correct), seq 1, ack 1547, win 16386, options [nop,nop,TS val 7301497 ecr 989467410], length 0
19:52:38.384437 IP (tos 0x0, ttl 108, id 61215, offset 0, flags [DF], proto TCP (6), length 52)
    20.189.173.2.443 > 192.168.1.194.41516: Flags [.], cksum 0xa54f (correct), seq 1, ack 4403, win 16386, options [nop,nop,TS val 7301499 ecr 989467410], length 0
19:52:38.384438 IP (tos 0x0, ttl 108, id 61216, offset 0, flags [DF], proto TCP (6), length 52)
    20.189.173.2.443 > 192.168.1.194.41516: Flags [.], cksum 0x9a25 (correct), seq 1, ack 7259, win 16386, options [nop,nop,TS val 7301501 ecr 989467410], length 0
19:52:38.384438 IP (tos 0x0, ttl 108, id 61217, offset 0, flags [DF], proto TCP (6), length 52)
    20.189.173.2.443 > 192.168.1.194.41516: Flags [.], cksum 0x8efc (correct), seq 1, ack 10115, win 16386, options [nop,nop,TS val 7301501 ecr 989467411], length 0
19:52:38.384439 IP (tos 0x0, ttl 108, id 61218, offset 0, flags [DF], proto TCP (6), length 52)
    20.189.173.2.443 > 192.168.1.194.41516: Flags [.], cksum 0x83d3 (correct), seq 1, ack 12971, win 16386, options [nop,nop,TS val 7301502 ecr 989467411], length 0
19:52:38.384453 ARP, Ethernet (len 6), IPv4 (len 4), Reply 192.168.1.194 is-at 7c:70:db:c0:8f:37, length 28
19:52:38.384498 IP (tos 0x0, ttl 64, id 9398, offset 0, flags [DF], proto TCP (6), length 2908)
    192.168.1.194.41516 > 20.189.173.2.443: Flags [P.], cksum 0x8f78 (incorrect -> 0x31c5), seq 12971:15827, ack 1, win 450, options [nop,nop,TS val 989467697 ecr 7301497], length 2856
19:52:38.384537 IP (tos 0x0, ttl 64, id 9400, offset 0, flags [DF], proto TCP (6), length 2908)
    192.168.1.194.41516 > 20.189.173.2.443: Flags [P.], cksum 0x8f78 (incorrect -> 0x0fae), seq 15827:18683, ack 1, win 450, options [nop,nop,TS val 989467697 ecr 7301497], length 2856
19:52:38.385408 IP (tos 0x0, ttl 64, id 9402, offset 0, flags [DF], proto TCP (6), length 2908)
    192.168.1.194.41516 > 20.189.173.2.443: Flags [P.], cksum 0x8f78 (incorrect -> 0x8f9d), seq 18683:21539, ack 1, win 450, options [nop,nop,TS val 989467698 ecr 7301502], length 2856
19:52:38.385454 IP (tos 0x0, ttl 64, id 9404, offset 0, flags [DF], proto TCP (6), length 2908)
    192.168.1.194.41516 > 20.189.173.2.443: Flags [P.], cksum 0x8f78 (incorrect -> 0x9cc2), seq 21539:24395, ack 1, win 450, options [nop,nop,TS val 989467698 ecr 7301502], length 2856
19:52:38.386282 IP (tos 0x0, ttl 64, id 9406, offset 0, flags [DF], proto TCP (6), length 2908)
    192.168.1.194.41516 > 20.189.173.2.443: Flags [P.], cksum 0x8f78 (incorrect -> 0x4ff9), seq 24395:27251, ack 1, win 450, options [nop,nop,TS val 989467699 ecr 7301502], length 2856
19:52:38.386346 IP (tos 0x0, ttl 64, id 9408, offset 0, flags [DF], proto TCP (6), length 2908)
    192.168.1.194.41516 > 20.189.173.2.443: Flags [P.], cksum 0x8f78 (incorrect -> 0x04d3), seq 27251:30107, ack 1, win 450, options [nop,nop,TS val 989467699 ecr 7301502], length 2856
19:52:38.387396 IP (tos 0x0, ttl 64, id 9410, offset 0, flags [DF], proto TCP (6), length 2908)
    192.168.1.194.41516 > 20.189.173.2.443: Flags [P.], cksum 0x8f78 (incorrect -> 0x1783), seq 30107:32963, ack 1, win 450, options [nop,nop,TS val 989467700 ecr 7301502], length 2856
19:52:38.387438 IP (tos 0x0, ttl 64, id 9412, offset 0, flags [DF], proto TCP (6), length 2160)
    192.168.1.194.41516 > 20.189.173.2.443: Flags [P.], cksum 0x8c8c (incorrect -> 0x5378), seq 32963:35071, ack 1, win 450, options [nop,nop,TS val 989467700 ecr 7301502], length 2108
19:52:38.396598 IP (tos 0x20, ttl 240, id 33326, offset 0, flags [DF], proto TCP (6), length 150)
    35.174.210.7.443 > 192.168.1.194.60328: Flags [P.], cksum 0x88dc (correct), seq 1:99, ack 797, win 27, options [nop,nop,TS val 1907037771 ecr 3348729244], length 98
19:52:38.396653 IP (tos 0x0, ttl 64, id 57227, offset 0, flags [DF], proto TCP (6), length 52)
    192.168.1.194.60328 > 35.174.210.7.443: Flags [.], cksum 0xb846 (incorrect -> 0x715b), seq 797, ack 99, win 458, options [nop,nop,TS val 3348729485 ecr 1907037771], length 0
19:52:38.397557 IP (tos 0x20, ttl 240, id 63634, offset 0, flags [DF], proto TCP (6), length 150)
    35.174.210.7.443 > 192.168.1.194.51958: Flags [P.], cksum 0xbfcf (correct), seq 1:99, ack 740, win 27, options [nop,nop,TS val 1907037772 ecr 3348729245], length 98
19:52:38.397587 IP (tos 0x0, ttl 64, id 62316, offset 0, flags [DF], proto TCP (6), length 52)
    192.168.1.194.51958 > 35.174.210.7.443: Flags [.], cksum 0xb846 (incorrect -> 0xab1b), seq 740, ack 99, win 459, options [nop,nop,TS val 3348729486 ecr 1907037772], length 0
19:52:38.410239 IP (tos 0x0, ttl 64, id 37354, offset 0, flags [DF], proto TCP (6), length 52)
    192.168.1.194.41786 > 3.6.30.85.80: Flags [.], cksum 0xe3eb (incorrect -> 0x4e88), seq 0, ack 1, win 501, options [nop,nop,TS val 3269352789 ecr 1456746367], length 0
19:52:38.410298 IP (tos 0x0, ttl 64, id 2159, offset 0, flags [DF], proto TCP (6), length 52)
    192.168.1.194.57330 > 3.6.98.232.80: Flags [.], cksum 0x287f (incorrect -> 0x865c), seq 0, ack 1, win 501, options [nop,nop,TS val 4263794659 ecr 3144049871], length 0
19:52:38.442798 IP (tos 0x0, ttl 120, id 18055, offset 0, flags [DF], proto TCP (6), length 52)
    3.6.30.85.80 > 192.168.1.194.41786: Flags [.], cksum 0x7cf0 (correct), seq 1, ack 1, win 2098, options [nop,nop,TS val 1456747417 ecr 3269338261], length 0
19:52:38.442798 IP (tos 0x0, ttl 120, id 61066, offset 0, flags [DF], proto TCP (6), length 52)
    3.6.98.232.80 > 192.168.1.194.57330: Flags [.], cksum 0x8b94 (correct), seq 1, ack 1, win 442, options [nop,nop,TS val 3144050921 ecr 4263792331], length 0
19:52:38.588318 IP (tos 0x0, ttl 114, id 61862, offset 0, flags [DF], proto TCP (6), length 52)
    3.6.122.107.80 > 192.168.1.194.59792: Flags [.], cksum 0x4e94 (correct), seq 0, ack 1, win 448, options [nop,nop,TS val 1119262340 ecr 216296369], length 0
19:52:38.588345 IP (tos 0x0, ttl 64, id 29060, offset 0, flags [DF], proto TCP (6), length 52)
    192.168.1.194.59792 > 3.6.122.107.80: Flags [.], cksum 0x4002 (incorrect -> 0x15f2), seq 1, ack 1, win 501, options [nop,nop,TS val 216311784 ecr 1119261369], length 0
19:52:38.602268 IP (tos 0x0, ttl 64, id 30125, offset 0, flags [DF], proto TCP (6), length 52)
    192.168.1.194.38390 > 3.6.115.64.80: Flags [.], cksum 0x38d7 (incorrect -> 0xcf2f), seq 0, ack 1, win 501, options [nop,nop,TS val 3328442829 ecr 2971007048], length 0
19:52:38.602299 IP (tos 0x0, ttl 64, id 18388, offset 0, flags [DF], proto TCP (6), length 52)
    192.168.1.194.34916 > 3.6.30.85.80: Flags [.], cksum 0xe3eb (incorrect -> 0x8d1b), seq 0, ack 1, win 501, options [nop,nop,TS val 3269352981 ecr 1456746546], length 0
19:52:38.602310 IP (tos 0x0, ttl 64, id 29061, offset 0, flags [DF], proto TCP (6), length 52)
    192.168.1.194.59792 > 3.6.122.107.80: Flags [.], cksum 0x4002 (incorrect -> 0x15e5), seq 0, ack 1, win 501, options [nop,nop,TS val 216311798 ecr 1119261369], length 0
19:52:38.636088 IP (tos 0x0, ttl 114, id 61863, offset 0, flags [DF], proto TCP (6), length 52)
    3.6.122.107.80 > 192.168.1.194.59792: Flags [.], cksum 0x1200 (correct), seq 1, ack 1, win 448, options [nop,nop,TS val 1119262432 ecr 216311784], length 0
19:52:38.636090 IP (tos 0x0, ttl 120, id 57340, offset 0, flags [DF], proto TCP (6), length 52)
    3.6.30.85.80 > 192.168.1.194.34916: Flags [.], cksum 0xa72e (correct), seq 1, ack 1, win 442, options [nop,nop,TS val 1456747609 ecr 3269345301], length 0
19:52:38.639894 IP (tos 0x0, ttl 120, id 3799, offset 0, flags [DF], proto TCP (6), length 52)
    3.6.115.64.80 > 192.168.1.194.38390: Flags [.], cksum 0xe78e (correct), seq 1, ack 1, win 2383, options [nop,nop,TS val 2971008111 ecr 3328433644], length 0
19:52:38.644014 IP (tos 0x0, ttl 108, id 61219, offset 0, flags [DF], proto TCP (6), length 52)
    20.189.173.2.443 > 192.168.1.194.41516: Flags [.], cksum 0x7673 (correct), seq 1, ack 15827, win 16386, options [nop,nop,TS val 7301784 ecr 989467697], length 0
19:52:38.644016 IP (tos 0x0, ttl 108, id 61220, offset 0, flags [DF], proto TCP (6), length 52)
    20.189.173.2.443 > 192.168.1.194.41516: Flags [.], cksum 0x6b4b (correct), seq 1, ack 18683, win 16386, options [nop,nop,TS val 7301784 ecr 989467697], length 0
19:52:38.644016 IP (tos 0x0, ttl 108, id 61221, offset 0, flags [DF], proto TCP (6), length 52)
    20.189.173.2.443 > 192.168.1.194.41516: Flags [.], cksum 0x54f9 (correct), seq 1, ack 24395, win 16386, options [nop,nop,TS val 7301785 ecr 989467698], length 0
19:52:38.644017 IP (tos 0x0, ttl 108, id 61222, offset 0, flags [DF], proto TCP (6), length 52)
    20.189.173.2.443 > 192.168.1.194.41516: Flags [.], cksum 0x49cf (correct), seq 1, ack 27251, win 16386, options [nop,nop,TS val 7301786 ecr 989467699], length 0
19:52:38.659710 IP (tos 0x0, ttl 108, id 61223, offset 0, flags [DF], proto TCP (6), length 52)
    20.189.173.2.443 > 192.168.1.194.41516: Flags [.], cksum 0x3912 (correct), seq 1, ack 31535, win 16386, options [nop,nop,TS val 7301787 ecr 989467699], length 0
19:52:38.660129 IP (tos 0x0, ttl 108, id 61224, offset 0, flags [DF], proto TCP (6), length 52)
    20.189.173.2.443 > 192.168.1.194.41516: Flags [.], cksum 0x2b41 (correct), seq 1, ack 35071, win 16386, options [nop,nop,TS val 7301787 ecr 989467700], length 0
19:52:38.660910 IP (tos 0x0, ttl 108, id 61225, offset 0, flags [DF], proto TCP (6), length 154)
    20.189.173.2.443 > 192.168.1.194.41516: Flags [P.], cksum 0xcb21 (correct), seq 1:103, ack 35071, win 16386, options [nop,nop,TS val 7301802 ecr 989467700], length 102
19:52:38.660946 IP (tos 0x0, ttl 64, id 9414, offset 0, flags [DF], proto TCP (6), length 52)
    192.168.1.194.41516 > 20.189.173.2.443: Flags [.], cksum 0x8450 (incorrect -> 0x67fb), seq 35071, ack 103, win 450, options [nop,nop,TS val 989467973 ecr 7301802], length 0
19:52:38.764230 IP (tos 0x0, ttl 64, id 43339, offset 0, flags [DF], proto TCP (6), length 52)
    192.168.1.194.57250 > 3.6.115.182.80: Flags [.], cksum 0x394d (incorrect -> 0x9d81), seq 0, ack 1, win 501, options [nop,nop,TS val 4240574828 ecr 36379770], length 0
19:52:38.765215 IP (tos 0x0, ttl 64, id 6761, offset 0, flags [DF], proto TCP (6), length 52)
    192.168.1.194.60774 > 3.6.30.85.80: Flags [.], cksum 0xe3eb (incorrect -> 0x7505), seq 0, ack 1, win 501, options [nop,nop,TS val 3269353144 ecr 1456746738], length 0
19:52:38.794243 IP (tos 0x0, ttl 64, id 42236, offset 0, flags [DF], proto TCP (6), length 52)
    192.168.1.194.53220 > 3.6.115.182.80: Flags [.], cksum 0x394d (incorrect -> 0xffd4), seq 0, ack 1, win 501, options [nop,nop,TS val 4240574858 ecr 36379772], length 0
19:52:38.798434 IP (tos 0x0, ttl 120, id 8866, offset 0, flags [DF], proto TCP (6), length 52)
    3.6.115.182.80 > 192.168.1.194.57250: Flags [.], cksum 0xa237 (correct), seq 1, ack 1, win 3646, options [nop,nop,TS val 36380805 ecr 4240569441], length 0
19:52:38.798453 IP (tos 0x0, ttl 120, id 59732, offset 0, flags [DF], proto TCP (6), length 52)
    3.6.30.85.80 > 192.168.1.194.60774: Flags [.], cksum 0x8198 (correct), seq 1, ack 1, win 2168, options [nop,nop,TS val 1456747773 ecr 3269347222], length 0
19:52:38.828537 IP (tos 0x0, ttl 120, id 52620, offset 0, flags [DF], proto TCP (6), length 52)
    3.6.115.182.80 > 192.168.1.194.53220: Flags [.], cksum 0x2fb1 (correct), seq 1, ack 1, win 2239, options [nop,nop,TS val 36380835 ecr 4240559804], length 0
19:52:38.998117 ARP, Ethernet (len 6), IPv4 (len 4), Request who-has 192.168.1.99 tell 192.168.1.1, length 28
19:52:38.998253 IP (tos 0x0, ttl 64, id 8086, offset 0, flags [DF], proto TCP (6), length 52)
    192.168.1.194.49294 > 3.6.115.64.80: Flags [.], cksum 0x38d7 (incorrect -> 0x9437), seq 0, ack 1, win 501, options [nop,nop,TS val 3328443225 ecr 2971007473], length 0
19:52:39.035054 IP (tos 0x0, ttl 117, id 41658, offset 0, flags [DF], proto TCP (6), length 52)
    3.6.115.64.80 > 192.168.1.194.49294: Flags [.], cksum 0xbad1 (correct), seq 1, ack 1, win 442, options [nop,nop,TS val 2971008509 ecr 3328432365], length 0
19:52:39.091465 IP (tos 0x0, ttl 120, id 52621, offset 0, flags [DF], proto TCP (6), length 52)
    3.6.115.182.80 > 192.168.1.194.53220: Flags [.], cksum 0x2eab (correct), seq 0, ack 1, win 2239, options [nop,nop,TS val 36381098 ecr 4240559804], length 0
19:52:39.091480 IP (tos 0x0, ttl 64, id 42237, offset 0, flags [DF], proto TCP (6), length 52)
    192.168.1.194.53220 > 3.6.115.182.80: Flags [.], cksum 0x394d (incorrect -> 0xfa83), seq 1, ack 1, win 501, options [nop,nop,TS val 4240575155 ecr 36380835], length 0
19:52:39.198207 IP (tos 0x0, ttl 64, id 19646, offset 0, flags [DF], proto TCP (6), length 52)
    192.168.1.194.53798 > 3.6.115.64.80: Flags [.], cksum 0x38d7 (incorrect -> 0xe687), seq 0, ack 1, win 501, options [nop,nop,TS val 3328443425 ecr 2971007671], length 0
19:52:39.199251 IP (tos 0x0, ttl 64, id 52050, offset 0, flags [DF], proto TCP (6), length 52)
    192.168.1.194.54482 > 3.6.115.182.80: Flags [.], cksum 0x394d (incorrect -> 0xb1ef), seq 0, ack 1, win 501, options [nop,nop,TS val 4240575263 ecr 36380204], length 0
19:52:39.233138 IP (tos 0x0, ttl 120, id 60306, offset 0, flags [DF], proto TCP (6), length 52)
    3.6.115.64.80 > 192.168.1.194.53798: Flags [.], cksum 0xeaea (correct), seq 1, ack 1, win 1704, options [nop,nop,TS val 2971008707 ecr 3328440062], length 0
19:52:39.233158 IP (tos 0x0, ttl 120, id 18056, offset 0, flags [DF], proto TCP (6), length 52)
    3.6.30.85.80 > 192.168.1.194.41786: Flags [.], cksum 0x79db (correct), seq 0, ack 1, win 2098, options [nop,nop,TS val 1456748207 ecr 3269338261], length 0
19:52:39.233176 IP (tos 0x0, ttl 64, id 37355, offset 0, flags [DF], proto TCP (6), length 52)
    192.168.1.194.41786 > 3.6.30.85.80: Flags [.], cksum 0xe3eb (incorrect -> 0x4737), seq 1, ack 1, win 501, options [nop,nop,TS val 3269353611 ecr 1456747417], length 0
19:52:39.234890 IP (tos 0x0, ttl 120, id 59294, offset 0, flags [DF], proto TCP (6), length 52)
    3.6.115.182.80 > 192.168.1.194.54482: Flags [.], cksum 0xb5db (correct), seq 1, ack 1, win 1769, options [nop,nop,TS val 36381239 ecr 4240571955], length 0
19:52:39.242192 IP (tos 0x0, ttl 64, id 40448, offset 0, flags [DF], proto TCP (6), length 52)
    192.168.1.194.54628 > 13.234.246.132.443: Flags [.], cksum 0xc6ff (incorrect -> 0x664c), seq 1026023345, ack 3293792687, win 292, options [nop,nop,TS val 817839848 ecr 1151439407], length 0
19:52:39.276279 IP (tos 0x0, ttl 247, id 56639, offset 0, flags [DF], proto TCP (6), length 52)
    13.234.246.132.443 > 192.168.1.194.54628: Flags [.], cksum 0x63fd (correct), seq 1, ack 1, win 849, options [nop,nop,TS val 1151484494 ecr 817794794], length 0
19:52:39.443211 IP (tos 0x0, ttl 64, id 37356, offset 0, flags [DF], proto TCP (6), length 52)
    192.168.1.194.41786 > 3.6.30.85.80: Flags [.], cksum 0xe3eb (incorrect -> 0x4665), seq 0, ack 1, win 501, options [nop,nop,TS val 3269353822 ecr 1456747417], length 0
19:52:39.443251 IP (tos 0x0, ttl 64, id 2160, offset 0, flags [DF], proto TCP (6), length 52)
    192.168.1.194.57330 > 3.6.98.232.80: Flags [.], cksum 0x287f (incorrect -> 0x7e39), seq 0, ack 1, win 501, options [nop,nop,TS val 4263795692 ecr 3144050921], length 0
19:52:39.478315 IP (tos 0x0, ttl 120, id 61067, offset 0, flags [DF], proto TCP (6), length 52)
    3.6.98.232.80 > 192.168.1.194.57330: Flags [.], cksum 0x8789 (correct), seq 1, ack 1, win 442, options [nop,nop,TS val 3144051956 ecr 4263792331], length 0
19:52:39.479690 IP (tos 0x0, ttl 120, id 18057, offset 0, flags [DF], proto TCP (6), length 52)
    3.6.30.85.80 > 192.168.1.194.41786: Flags [.], cksum 0x3ced (correct), seq 1, ack 1, win 2098, options [nop,nop,TS val 1456748454 ecr 3269353611], length 0
19:52:39.636266 IP (tos 0x0, ttl 64, id 18389, offset 0, flags [DF], proto TCP (6), length 52)
    192.168.1.194.34916 > 3.6.30.85.80: Flags [.], cksum 0xe3eb (incorrect -> 0x84ea), seq 0, ack 1, win 501, options [nop,nop,TS val 3269354015 ecr 1456747609], length 0
19:52:39.636295 IP (tos 0x0, ttl 64, id 29062, offset 0, flags [DF], proto TCP (6), length 52)
    192.168.1.194.59792 > 3.6.122.107.80: Flags [.], cksum 0x4002 (incorrect -> 0x0db4), seq 0, ack 1, win 501, options [nop,nop,TS val 216312832 ecr 1119262432], length 0
19:52:39.640234 IP (tos 0x0, ttl 64, id 30126, offset 0, flags [DF], proto TCP (6), length 52)
    192.168.1.194.38390 > 3.6.115.64.80: Flags [.], cksum 0x38d7 (incorrect -> 0xc6fa), seq 0, ack 1, win 501, options [nop,nop,TS val 3328443867 ecr 2971008111], length 0
19:52:39.671674 IP (tos 0x0, ttl 114, id 61864, offset 0, flags [DF], proto TCP (6), length 52)
    3.6.122.107.80 > 192.168.1.194.59792: Flags [.], cksum 0x0df4 (correct), seq 1, ack 1, win 448, options [nop,nop,TS val 1119263468 ecr 216311784], length 0
19:52:39.675019 IP (tos 0x0, ttl 120, id 3800, offset 0, flags [DF], proto TCP (6), length 52)
    3.6.115.64.80 > 192.168.1.194.38390: Flags [.], cksum 0xe37f (correct), seq 1, ack 1, win 2383, options [nop,nop,TS val 2971009150 ecr 3328433644], length 0
19:52:39.678195 IP (tos 0x0, ttl 120, id 57341, offset 0, flags [DF], proto TCP (6), length 52)
    3.6.30.85.80 > 192.168.1.194.34916: Flags [.], cksum 0xa31a (correct), seq 1, ack 1, win 442, options [nop,nop,TS val 1456748653 ecr 3269345301], length 0
19:52:39.818205 IP (tos 0x0, ttl 64, id 6762, offset 0, flags [DF], proto TCP (6), length 52)
    192.168.1.194.60774 > 3.6.30.85.80: Flags [.], cksum 0xe3eb (incorrect -> 0x6cdd), seq 0, ack 1, win 501, options [nop,nop,TS val 3269354197 ecr 1456747773], length 0
19:52:39.818242 IP (tos 0x0, ttl 64, id 43340, offset 0, flags [DF], proto TCP (6), length 52)
    192.168.1.194.57250 > 3.6.115.182.80: Flags [.], cksum 0x394d (incorrect -> 0x9558), seq 0, ack 1, win 501, options [nop,nop,TS val 4240575882 ecr 36380805], length 0
19:52:39.830217 IP (tos 0x0, ttl 64, id 42238, offset 0, flags [DF], proto TCP (6), length 52)
    192.168.1.194.53220 > 3.6.115.182.80: Flags [.], cksum 0x394d (incorrect -> 0xf7a1), seq 0, ack 1, win 501, options [nop,nop,TS val 4240575894 ecr 36380835], length 0
19:52:39.854015 IP (tos 0x0, ttl 120, id 59733, offset 0, flags [DF], proto TCP (6), length 52)
    3.6.30.85.80 > 192.168.1.194.60774: Flags [.], cksum 0x7d79 (correct), seq 1, ack 1, win 2168, options [nop,nop,TS val 1456748828 ecr 3269347222], length 0
19:52:39.854362 IP (tos 0x0, ttl 120, id 8867, offset 0, flags [DF], proto TCP (6), length 52)
    3.6.115.182.80 > 192.168.1.194.57250: Flags [.], cksum 0x9e18 (correct), seq 1, ack 1, win 3646, options [nop,nop,TS val 36381860 ecr 4240569441], length 0
19:52:39.865326 IP (tos 0x0, ttl 120, id 52622, offset 0, flags [DF], proto TCP (6), length 52)
    3.6.115.182.80 > 192.168.1.194.53220: Flags [.], cksum 0xefac (correct), seq 1, ack 1, win 2239, options [nop,nop,TS val 36381872 ecr 4240575155], length 0
19:52:40.022935 IP6 (flowlabel 0xc0800, hlim 255, next-header UDP (17) payload length: 88) fe80::401:5441:5ba9:7d4b.5353 > ff02::fb.5353: [udp sum ok] 0 [3q] PTR (QU)? _rdlink._tcp.local. PTR (QU)? _companion-link._tcp.local. PTR (QU)? lb._dns-sd._udp.local. (80)
19:52:40.024533 IP (tos 0x0, ttl 64, id 20372, offset 0, flags [DF], proto TCP (6), length 259)
    192.168.1.194.48418 > 3.71.145.122.443: Flags [P.], cksum 0x5821 (incorrect -> 0x6968), seq 738716288:738716495, ack 3551924449, win 324, options [nop,nop,TS val 3128706153 ecr 1047902206], length 207
19:52:40.028749 IP (tos 0x0, ttl 64, id 20373, offset 0, flags [DF], proto TCP (6), length 91)
    192.168.1.194.48418 > 3.71.145.122.443: Flags [P.], cksum 0x5779 (incorrect -> 0xa20e), seq 207:246, ack 1, win 324, options [nop,nop,TS val 3128706157 ecr 1047902206], length 39
19:52:40.036185 IP (tos 0x0, ttl 64, id 8087, offset 0, flags [DF], proto TCP (6), length 52)
    192.168.1.194.49294 > 3.6.115.64.80: Flags [.], cksum 0x38d7 (incorrect -> 0x8c1d), seq 0, ack 1, win 501, options [nop,nop,TS val 3328444263 ecr 2971008509], length 0
19:52:40.071057 IP (tos 0x0, ttl 117, id 41659, offset 0, flags [DF], proto TCP (6), length 52)
    3.6.115.64.80 > 192.168.1.194.49294: Flags [.], cksum 0xb6c4 (correct), seq 1, ack 1, win 442, options [nop,nop,TS val 2971009546 ecr 3328432365], length 0
19:52:40.112573 IP (tos 0x0, ttl 64, id 9415, offset 0, flags [DF], proto TCP (6), length 170)
    192.168.1.194.41516 > 20.189.173.2.443: Flags [P.], cksum 0x84c6 (incorrect -> 0x99df), seq 35071:35189, ack 103, win 450, options [nop,nop,TS val 989469425 ecr 7301802], length 118
19:52:40.112635 IP (tos 0x0, ttl 64, id 9416, offset 0, flags [DF], proto TCP (6), length 2908)
    192.168.1.194.41516 > 20.189.173.2.443: Flags [P.], cksum 0x8f78 (incorrect -> 0x8a97), seq 35189:38045, ack 103, win 450, options [nop,nop,TS val 989469425 ecr 7301802], length 2856
19:52:40.112644 IP (tos 0x0, ttl 64, id 9418, offset 0, flags [DF], proto TCP (6), length 2908)
    192.168.1.194.41516 > 20.189.173.2.443: Flags [P.], cksum 0x8f78 (incorrect -> 0xfbce), seq 38045:40901, ack 103, win 450, options [nop,nop,TS val 989469425 ecr 7301802], length 2856
19:52:40.113519 IP (tos 0x0, ttl 64, id 9420, offset 0, flags [DF], proto TCP (6), length 2908)
    192.168.1.194.41516 > 20.189.173.2.443: Flags [P.], cksum 0x8f78 (incorrect -> 0xa5fb), seq 40901:43757, ack 103, win 450, options [nop,nop,TS val 989469426 ecr 7301802], length 2856
19:52:40.113530 IP (tos 0x0, ttl 64, id 9422, offset 0, flags [DF], proto TCP (6), length 2908)
    192.168.1.194.41516 > 20.189.173.2.443: Flags [P.], cksum 0x8f78 (incorrect -> 0x4d23), seq 43757:46613, ack 103, win 450, options [nop,nop,TS val 989469426 ecr 7301802], length 2856
19:52:40.114288 IP (tos 0x0, ttl 64, id 9424, offset 0, flags [DF], proto TCP (6), length 2908)
    192.168.1.194.41516 > 20.189.173.2.443: Flags [P.], cksum 0x8f78 (incorrect -> 0x72a1), seq 46613:49469, ack 103, win 450, options [nop,nop,TS val 989469427 ecr 7301802], length 2856
19:52:40.114297 IP (tos 0x0, ttl 64, id 9426, offset 0, flags [DF], proto TCP (6), length 2908)
    192.168.1.194.41516 > 20.189.173.2.443: Flags [P.], cksum 0x8f78 (incorrect -> 0x0560), seq 49469:52325, ack 103, win 450, options [nop,nop,TS val 989469427 ecr 7301802], length 2856
19:52:40.114904 IP (tos 0x0, ttl 64, id 9428, offset 0, flags [DF], proto TCP (6), length 2908)
    192.168.1.194.41516 > 20.189.173.2.443: Flags [P.], cksum 0x8f78 (incorrect -> 0x3414), seq 52325:55181, ack 103, win 450, options [nop,nop,TS val 989469427 ecr 7301802], length 2856
19:52:40.114913 IP (tos 0x0, ttl 64, id 9430, offset 0, flags [DF], proto TCP (6), length 2908)
    192.168.1.194.41516 > 20.189.173.2.443: Flags [P.], cksum 0x8f78 (incorrect -> 0x25d7), seq 55181:58037, ack 103, win 450, options [nop,nop,TS val 989469427 ecr 7301802], length 2856
19:52:40.115816 IP (tos 0x0, ttl 64, id 9432, offset 0, flags [DF], proto TCP (6), length 1480)
    192.168.1.194.41516 > 20.189.173.2.443: Flags [.], cksum 0x89e4 (incorrect -> 0xe662), seq 58037:59465, ack 103, win 450, options [nop,nop,TS val 989469428 ecr 7301802], length 1428
19:52:40.213404 IP (tos 0x20, ttl 104, id 8805, offset 0, flags [DF], proto TCP (6), length 52)
    3.71.145.122.443 > 192.168.1.194.48418: Flags [.], cksum 0x4298 (correct), seq 1, ack 246, win 442, options [nop,nop,TS val 1047913200 ecr 3128706153], length 0
19:52:40.213405 IP (tos 0x20, ttl 104, id 8806, offset 0, flags [DF], proto TCP (6), length 91)
    3.71.145.122.443 > 192.168.1.194.48418: Flags [P.], cksum 0x00ff (correct), seq 1:40, ack 246, win 442, options [nop,nop,TS val 1047913200 ecr 3128706153], length 39
19:52:40.213429 IP (tos 0x0, ttl 64, id 20374, offset 0, flags [DF], proto TCP (6), length 52)
    192.168.1.194.48418 > 3.71.145.122.443: Flags [.], cksum 0x5752 (incorrect -> 0x422a), seq 246, ack 40, win 324, options [nop,nop,TS val 3128706342 ecr 1047913200], length 0
19:52:40.214655 IP (tos 0x20, ttl 104, id 8807, offset 0, flags [DF], proto TCP (6), length 285)
    3.71.145.122.443 > 192.168.1.194.48418: Flags [P.], cksum 0xcbc8 (correct), seq 40:273, ack 246, win 442, options [nop,nop,TS val 1047913200 ecr 3128706153], length 233
19:52:40.214665 IP (tos 0x0, ttl 64, id 20375, offset 0, flags [DF], proto TCP (6), length 52)
    192.168.1.194.48418 > 3.71.145.122.443: Flags [.], cksum 0x5752 (incorrect -> 0x4141), seq 246, ack 273, win 323, options [nop,nop,TS val 3128706343 ecr 1047913200], length 0
19:52:40.233257 IP (tos 0x0, ttl 64, id 19647, offset 0, flags [DF], proto TCP (6), length 52)
    192.168.1.194.53798 > 3.6.115.64.80: Flags [.], cksum 0x38d7 (incorrect -> 0xde70), seq 0, ack 1, win 501, options [nop,nop,TS val 3328444460 ecr 2971008707], length 0
19:52:40.235278 IP (tos 0x0, ttl 64, id 52051, offset 0, flags [DF], proto TCP (6), length 52)
    192.168.1.194.54482 > 3.6.115.182.80: Flags [.], cksum 0x394d (incorrect -> 0xa9d8), seq 0, ack 1, win 501, options [nop,nop,TS val 4240576299 ecr 36381239], length 0
19:52:40.266775 IP (tos 0x0, ttl 120, id 60307, offset 0, flags [DF], proto TCP (6), length 52)
    3.6.115.64.80 > 192.168.1.194.53798: Flags [.], cksum 0xe6e0 (correct), seq 1, ack 1, win 1704, options [nop,nop,TS val 2971009741 ecr 3328440062], length 0
19:52:40.268340 IP (tos 0x0, ttl 120, id 59295, offset 0, flags [DF], proto TCP (6), length 52)
    3.6.115.182.80 > 192.168.1.194.54482: Flags [.], cksum 0xb1cf (correct), seq 1, ack 1, win 1769, options [nop,nop,TS val 36382275 ecr 4240571955], length 0
19:52:40.314467 IP (tos 0x0, ttl 120, id 50356, offset 0, flags [DF], proto TCP (6), length 108)
    13.233.205.122.443 > 192.168.1.194.41286: Flags [P.], cksum 0xcebf (correct), seq 3124161225:3124161281, ack 4217509770, win 442, options [nop,nop,TS val 659659353 ecr 2597873206], length 56
19:52:40.315344 IP (tos 0x0, ttl 64, id 41632, offset 0, flags [DF], proto TCP (6), length 86)
    192.168.1.194.41286 > 13.233.205.122.443: Flags [P.], cksum 0x9e16 (incorrect -> 0xe505), seq 1:35, ack 56, win 3768, options [nop,nop,TS val 2597882958 ecr 659659353], length 34
19:52:40.315419 IP (tos 0x0, ttl 64, id 41633, offset 0, flags [DF], proto TCP (6), length 108)
    192.168.1.194.41286 > 13.233.205.122.443: Flags [P.], cksum 0x9e2c (incorrect -> 0x2d73), seq 35:91, ack 56, win 3768, options [nop,nop,TS val 2597882958 ecr 659659353], length 56
19:52:40.334334 IP (tos 0x0, ttl 64, id 12925, offset 0, flags [DF], proto TCP (6), length 107)
    192.168.1.194.36864 > 34.248.243.9.443: Flags [P.], cksum 0xd8c9 (incorrect -> 0x6505), seq 1534772649:1534772704, ack 2364337513, win 501, options [nop,nop,TS val 306615641 ecr 4100900516], length 55
19:52:40.350266 IP (tos 0x0, ttl 120, id 50357, offset 0, flags [DF], proto TCP (6), length 52)
    13.233.205.122.443 > 192.168.1.194.41286: Flags [.], cksum 0x92f3 (correct), seq 56, ack 35, win 442, options [nop,nop,TS val 659659392 ecr 2597882958], length 0
19:52:40.350609 IP (tos 0x0, ttl 120, id 50358, offset 0, flags [DF], proto TCP (6), length 52)
    13.233.205.122.443 > 192.168.1.194.41286: Flags [.], cksum 0x92bb (correct), seq 56, ack 91, win 442, options [nop,nop,TS val 659659392 ecr 2597882958], length 0
19:52:40.350609 IP (tos 0x0, ttl 120, id 50359, offset 0, flags [DF], proto TCP (6), length 86)
    13.233.205.122.443 > 192.168.1.194.41286: Flags [P.], cksum 0x5422 (correct), seq 56:90, ack 91, win 442, options [nop,nop,TS val 659659392 ecr 2597882958], length 34
19:52:40.370574 IP (tos 0x0, ttl 108, id 61226, offset 0, flags [DF], proto TCP (6), length 52)
    20.189.173.2.443 > 192.168.1.194.41516: Flags [.], cksum 0x11c1 (correct), seq 103, ack 38045, win 16386, options [nop,nop,TS val 7303514 ecr 989469425], length 0
19:52:40.370609 IP (tos 0x0, ttl 64, id 9433, offset 0, flags [DF], proto TCP (6), length 2908)
    192.168.1.194.41516 > 20.189.173.2.443: Flags [P.], cksum 0x8f78 (incorrect -> 0xa1d0), seq 59465:62321, ack 103, win 450, options [nop,nop,TS val 989469683 ecr 7303514], length 2856
19:52:40.370631 IP (tos 0x0, ttl 64, id 9435, offset 0, flags [DF], proto TCP (6), length 2908)
    192.168.1.194.41516 > 20.189.173.2.443: Flags [P.], cksum 0x8f78 (incorrect -> 0x8e24), seq 62321:65177, ack 103, win 450, options [nop,nop,TS val 989469683 ecr 7303514], length 2856
19:52:40.371921 IP (tos 0x0, ttl 64, id 9437, offset 0, flags [DF], proto TCP (6), length 2908)
    192.168.1.194.41516 > 20.189.173.2.443: Flags [P.], cksum 0x8f78 (incorrect -> 0x77b3), seq 65177:68033, ack 103, win 450, options [nop,nop,TS val 989469684 ecr 7303514], length 2856
19:52:40.372181 IP (tos 0x0, ttl 108, id 61227, offset 0, flags [DF], proto TCP (6), length 52)
    20.189.173.2.443 > 192.168.1.194.41516: Flags [.], cksum 0x0698 (correct), seq 103, ack 40901, win 16386, options [nop,nop,TS val 7303515 ecr 989469425], length 0
19:52:40.372189 IP (tos 0x0, ttl 64, id 9439, offset 0, flags [DF], proto TCP (6), length 2908)
    192.168.1.194.41516 > 20.189.173.2.443: Flags [P.], cksum 0x8f78 (incorrect -> 0xe121), seq 68033:70889, ack 103, win 450, options [nop,nop,TS val 989469685 ecr 7303515], length 2856
19:52:40.373086 IP (tos 0x0, ttl 64, id 9441, offset 0, flags [DF], proto TCP (6), length 2908)
    192.168.1.194.41516 > 20.189.173.2.443: Flags [P.], cksum 0x8f78 (incorrect -> 0x2617), seq 70889:73745, ack 103, win 450, options [nop,nop,TS val 989469685 ecr 7303515], length 2856
19:52:40.373319 IP (tos 0x0, ttl 108, id 61228, offset 0, flags [DF], proto TCP (6), length 52)
    20.189.173.2.443 > 192.168.1.194.41516: Flags [.], cksum 0x0108 (correct), seq 103, ack 42329, win 16380, options [nop,nop,TS val 7303516 ecr 989469426], length 0
19:52:40.373319 IP (tos 0x0, ttl 108, id 61229, offset 0, flags [DF], proto TCP (6), length 52)
    20.189.173.2.443 > 192.168.1.194.41516: Flags [.], cksum 0xeab1 (correct), seq 103, ack 48041, win 16386, options [nop,nop,TS val 7303516 ecr 989469426], length 0
19:52:40.374476 IP (tos 0x0, ttl 108, id 61230, offset 0, flags [DF], proto TCP (6), length 52)
    20.189.173.2.443 > 192.168.1.194.41516: Flags [.], cksum 0xdf87 (correct), seq 103, ack 50897, win 16386, options [nop,nop,TS val 7303517 ecr 989469427], length 0
19:52:40.374477 IP (tos 0x0, ttl 108, id 61231, offset 0, flags [DF], proto TCP (6), length 52)
    20.189.173.2.443 > 192.168.1.194.41516: Flags [.], cksum 0xcecb (correct), seq 103, ack 55181, win 16386, options [nop,nop,TS val 7303517 ecr 989469427], length 0
19:52:40.374477 IP (tos 0x0, ttl 108, id 61232, offset 0, flags [DF], proto TCP (6), length 52)
    20.189.173.2.443 > 192.168.1.194.41516: Flags [.], cksum 0xc3a2 (correct), seq 103, ack 58037, win 16386, options [nop,nop,TS val 7303518 ecr 989469427], length 0
19:52:40.375148 IP (tos 0x0, ttl 64, id 9443, offset 0, flags [DF], proto TCP (6), length 1096)
    192.168.1.194.41516 > 20.189.173.2.443: Flags [P.], cksum 0x8864 (incorrect -> 0x8d9c), seq 73745:74789, ack 103, win 450, options [nop,nop,TS val 989469687 ecr 7303518], length 1044
19:52:40.377341 IP (tos 0x0, ttl 108, id 61233, offset 0, flags [DF], proto TCP (6), length 52)
    20.189.173.2.443 > 192.168.1.194.41516: Flags [.], cksum 0xbe11 (correct), seq 103, ack 59465, win 16380, options [nop,nop,TS val 7303520 ecr 989469428], length 0
19:52:40.404181 IP (tos 0x0, ttl 64, id 41634, offset 0, flags [DF], proto TCP (6), length 52)
    192.168.1.194.41286 > 13.233.205.122.443: Flags [.], cksum 0x9df4 (incorrect -> 0x8542), seq 91, ack 90, win 3768, options [nop,nop,TS val 2597883047 ecr 659659392], length 0
19:52:40.435338 IP (tos 0x0, ttl 58, id 32112, offset 0, flags [DF], proto TCP (6), length 112)
    172.65.251.78.443 > 192.168.1.194.46058: Flags [P.], cksum 0xfcbc (correct), seq 60:120, ack 1, win 17, options [nop,nop,TS val 4260526120 ecr 3510419377], length 60
19:52:40.435364 IP (tos 0x0, ttl 64, id 28240, offset 0, flags [DF], proto TCP (6), length 52)
    192.168.1.194.46058 > 172.65.251.78.443: Flags [.], cksum 0x6a21 (incorrect -> 0xfcac), seq 1, ack 120, win 440, options [nop,nop,TS val 3510422377 ecr 4260526120], length 0
19:52:40.479258 IP (tos 0x0, ttl 64, id 2161, offset 0, flags [DF], proto TCP (6), length 52)
    192.168.1.194.57330 > 3.6.98.232.80: Flags [.], cksum 0x287f (incorrect -> 0x7622), seq 0, ack 1, win 501, options [nop,nop,TS val 4263796728 ecr 3144051956], length 0
19:52:40.480244 IP (tos 0x0, ttl 64, id 37357, offset 0, flags [DF], proto TCP (6), length 52)
    192.168.1.194.41786 > 3.6.30.85.80: Flags [.], cksum 0xe3eb (incorrect -> 0x3e4b), seq 0, ack 1, win 501, options [nop,nop,TS val 3269354859 ecr 1456748454], length 0
19:52:40.512198 IP (tos 0x0, ttl 120, id 61068, offset 0, flags [DF], proto TCP (6), length 52)
    3.6.98.232.80 > 192.168.1.194.57330: Flags [.], cksum 0x837f (correct), seq 1, ack 1, win 442, options [nop,nop,TS val 3144052990 ecr 4263792331], length 0
19:52:40.514483 IP (tos 0x0, ttl 120, id 18058, offset 0, flags [DF], proto TCP (6), length 52)
    3.6.30.85.80 > 192.168.1.194.41786: Flags [.], cksum 0x38e2 (correct), seq 1, ack 1, win 2098, options [nop,nop,TS val 1456749489 ecr 3269353611], length 0
19:52:40.519025 IP (tos 0x0, ttl 240, id 26566, offset 0, flags [DF], proto TCP (6), length 52)
    34.248.243.9.443 > 192.168.1.194.36864: Flags [.], cksum 0xf223 (correct), seq 1, ack 55, win 425, options [nop,nop,TS val 4100907272 ecr 306615641], length 0
19:52:40.531009 IP (tos 0x0, ttl 64, id 41635, offset 0, flags [DF], proto TCP (6), length 82)
    192.168.1.194.41286 > 13.233.205.122.443: Flags [P.], cksum 0x9e12 (incorrect -> 0x9149), seq 91:121, ack 90, win 3768, options [nop,nop,TS val 2597883173 ecr 659659392], length 30
19:52:40.531775 IP (tos 0x0, ttl 64, id 41636, offset 0, flags [DF], proto TCP (6), length 78)
    192.168.1.194.41286 > 13.233.205.122.443: Flags [P.], cksum 0x9e0e (incorrect -> 0x1bd1), seq 121:147, ack 90, win 3768, options [nop,nop,TS val 2597883174 ecr 659659392], length 26
19:52:40.564182 IP (tos 0x0, ttl 120, id 50360, offset 0, flags [DF], proto TCP (6), length 52)
    13.233.205.122.443 > 192.168.1.194.41286: Flags [.], cksum 0x90b5 (correct), seq 90, ack 147, win 442, options [nop,nop,TS val 659659605 ecr 2597883173], length 0
19:52:40.564184 IP (tos 0x0, ttl 120, id 50361, offset 0, flags [DF], proto TCP (6), length 86)
    13.233.205.122.443 > 192.168.1.194.41286: Flags [P.], cksum 0x07cb (correct), seq 90:124, ack 147, win 442, options [nop,nop,TS val 659659605 ecr 2597883173], length 34
19:52:40.564185 IP (tos 0x0, ttl 120, id 50362, offset 0, flags [DF], proto TCP (6), length 108)
    13.233.205.122.443 > 192.168.1.194.41286: Flags [P.], cksum 0x710a (correct), seq 124:180, ack 147, win 442, options [nop,nop,TS val 659659605 ecr 2597883173], length 56
19:52:40.564260 IP (tos 0x0, ttl 64, id 41637, offset 0, flags [DF], proto TCP (6), length 52)
    192.168.1.194.41286 > 13.233.205.122.443: Flags [.], cksum 0x9df4 (incorrect -> 0x8373), seq 147, ack 124, win 3768, options [nop,nop,TS val 2597883207 ecr 659659605], length 0
19:52:40.564277 IP (tos 0x0, ttl 64, id 41638, offset 0, flags [DF], proto TCP (6), length 52)
    192.168.1.194.41286 > 13.233.205.122.443: Flags [.], cksum 0x9df4 (incorrect -> 0x833b), seq 147, ack 180, win 3768, options [nop,nop,TS val 2597883207 ecr 659659605], length 0
19:52:40.564389 IP (tos 0x0, ttl 64, id 41639, offset 0, flags [DF], proto TCP (6), length 86)
    192.168.1.194.41286 > 13.233.205.122.443: Flags [P.], cksum 0x9e16 (incorrect -> 0xac76), seq 147:181, ack 180, win 3768, options [nop,nop,TS val 2597883207 ecr 659659605], length 34
19:52:40.632036 IP (tos 0x0, ttl 108, id 61234, offset 0, flags [DF], proto TCP (6), length 52)
    20.189.173.2.443 > 192.168.1.194.41516: Flags [.], cksum 0xb0e5 (correct), seq 103, ack 62321, win 16386, options [nop,nop,TS val 7303775 ecr 989469683], length 0
19:52:40.632809 IP (tos 0x0, ttl 108, id 61235, offset 0, flags [DF], proto TCP (6), length 52)
    20.189.173.2.443 > 192.168.1.194.41516: Flags [.], cksum 0xa5bc (correct), seq 103, ack 65177, win 16386, options [nop,nop,TS val 7303776 ecr 989469683], length 0
19:52:40.634227 IP (tos 0x0, ttl 108, id 61236, offset 0, flags [DF], proto TCP (6), length 52)
    20.189.173.2.443 > 192.168.1.194.41516: Flags [.], cksum 0x9a92 (correct), seq 103, ack 68033, win 16386, options [nop,nop,TS val 7303777 ecr 989469684], length 0
19:52:40.634228 IP (tos 0x0, ttl 108, id 61237, offset 0, flags [DF], proto TCP (6), length 52)
    20.189.173.2.443 > 192.168.1.194.41516: Flags [.], cksum 0x8f69 (correct), seq 103, ack 70889, win 16386, options [nop,nop,TS val 7303777 ecr 989469685], length 0
19:52:40.634770 IP (tos 0x0, ttl 108, id 61238, offset 0, flags [DF], proto TCP (6), length 52)
    20.189.173.2.443 > 192.168.1.194.41516: Flags [.], cksum 0x8440 (correct), seq 103, ack 73745, win 16386, options [nop,nop,TS val 7303778 ecr 989469685], length 0
19:52:40.638501 IP (tos 0x0, ttl 64, id 59486, offset 0, flags [DF], proto TCP (6), length 123)
    192.168.1.194.34566 > 54.81.186.169.443: Flags [P.], cksum 0xb3d2 (incorrect -> 0xee9a), seq 1415698681:1415698752, ack 2506936237, win 501, options [nop,nop,TS val 3410100302 ecr 3995957620], length 71
19:52:40.638535 IP (tos 0x0, ttl 64, id 50618, offset 0, flags [DF], proto TCP (6), length 123)
    192.168.1.194.43348 > 54.221.110.81.443: Flags [P.], cksum 0x6806 (incorrect -> 0xae54), seq 1950775606:1950775677, ack 3769360015, win 501, options [nop,nop,TS val 2851924236 ecr 1132326230], length 71
19:52:40.652044 IP (tos 0x0, ttl 120, id 50363, offset 0, flags [DF], proto TCP (6), length 52)
    13.233.205.122.443 > 192.168.1.194.41286: Flags [.], cksum 0x8fbe (correct), seq 180, ack 181, win 442, options [nop,nop,TS val 659659694 ecr 2597883207], length 0
19:52:40.672219 IP (tos 0x0, ttl 64, id 29063, offset 0, flags [DF], proto TCP (6), length 52)
    192.168.1.194.59792 > 3.6.122.107.80: Flags [.], cksum 0x4002 (incorrect -> 0x059c), seq 0, ack 1, win 501, options [nop,nop,TS val 216313868 ecr 1119263468], length 0
19:52:40.675287 IP (tos 0x0, ttl 64, id 30127, offset 0, flags [DF], proto TCP (6), length 52)
    192.168.1.194.38390 > 3.6.115.64.80: Flags [.], cksum 0x38d7 (incorrect -> 0xbee0), seq 0, ack 1, win 501, options [nop,nop,TS val 3328444902 ecr 2971009150], length 0
19:52:40.679211 IP (tos 0x0, ttl 64, id 18390, offset 0, flags [DF], proto TCP (6), length 52)
    192.168.1.194.34916 > 3.6.30.85.80: Flags [.], cksum 0xe3eb (incorrect -> 0x7cc3), seq 0, ack 1, win 501, options [nop,nop,TS val 3269355058 ecr 1456748653], length 0
19:52:40.687481 IP (tos 0x0, ttl 108, id 61239, offset 0, flags [DF], proto TCP (6), length 52)
    20.189.173.2.443 > 192.168.1.194.41516: Flags [.], cksum 0x7ffa (correct), seq 103, ack 74789, win 16382, options [nop,nop,TS val 7303830 ecr 989469687], length 0
19:52:40.706414 IP (tos 0x0, ttl 114, id 61865, offset 0, flags [DF], proto TCP (6), length 52)
    3.6.122.107.80 > 192.168.1.194.59792: Flags [.], cksum 0x09e9 (correct), seq 1, ack 1, win 448, options [nop,nop,TS val 1119264503 ecr 216311784], length 0
19:52:40.709207 IP (tos 0x0, ttl 120, id 3801, offset 0, flags [DF], proto TCP (6), length 52)
    3.6.115.64.80 > 192.168.1.194.38390: Flags [.], cksum 0xdf75 (correct), seq 1, ack 1, win 2383, options [nop,nop,TS val 2971010184 ecr 3328433644], length 0
19:52:40.718665 IP (tos 0x0, ttl 120, id 57342, offset 0, flags [DF], proto TCP (6), length 52)
    3.6.30.85.80 > 192.168.1.194.34916: Flags [.], cksum 0x9f0a (correct), seq 1, ack 1, win 442, options [nop,nop,TS val 1456749693 ecr 3269345301], length 0
19:52:40.854245 IP (tos 0x0, ttl 64, id 6763, offset 0, flags [DF], proto TCP (6), length 52)
    192.168.1.194.60774 > 3.6.30.85.80: Flags [.], cksum 0xe3eb (incorrect -> 0x64b2), seq 0, ack 1, win 501, options [nop,nop,TS val 3269355233 ecr 1456748828], length 0
19:52:40.855200 IP (tos 0x0, ttl 64, id 43341, offset 0, flags [DF], proto TCP (6), length 52)
    192.168.1.194.57250 > 3.6.115.182.80: Flags [.], cksum 0x394d (incorrect -> 0x8d2c), seq 0, ack 1, win 501, options [nop,nop,TS val 4240576919 ecr 36381860], length 0
19:52:40.855840 IP (tos 0x0, ttl 64, id 13552, offset 0, flags [DF], proto TCP (6), length 103)
    192.168.1.194.40166 > 20.249.115.185.443: Flags [P.], cksum 0x4b76 (incorrect -> 0x77dd), seq 1375864112:1375864163, ack 978472278, win 324, options [nop,nop,TS val 513058230 ecr 951932480], length 51
19:52:40.867287 IP (tos 0x0, ttl 64, id 42239, offset 0, flags [DF], proto TCP (6), length 52)
    192.168.1.194.53220 > 3.6.115.182.80: Flags [.], cksum 0x394d (incorrect -> 0xef87), seq 0, ack 1, win 501, options [nop,nop,TS val 4240576931 ecr 36381872], length 0
19:52:40.872233 IP (tos 0x20, ttl 237, id 40069, offset 0, flags [DF], proto TCP (6), length 146)
    54.81.186.169.443 > 192.168.1.194.34566: Flags [P.], cksum 0xf872 (correct), seq 1:95, ack 71, win 315, options [nop,nop,TS val 3995987867 ecr 3410100302], length 94
19:52:40.872274 IP (tos 0x0, ttl 64, id 59487, offset 0, flags [DF], proto TCP (6), length 52)
    192.168.1.194.34566 > 54.81.186.169.443: Flags [.], cksum 0xb38b (incorrect -> 0xfb42), seq 71, ack 95, win 501, options [nop,nop,TS val 3410100536 ecr 3995987867], length 0
19:52:40.874382 IP (tos 0x20, ttl 241, id 948, offset 0, flags [DF], proto TCP (6), length 146)
    54.221.110.81.443 > 192.168.1.194.43348: Flags [P.], cksum 0x879f (correct), seq 1:95, ack 71, win 252, options [nop,nop,TS val 1132356467 ecr 2851924236], length 94
19:52:40.874418 IP (tos 0x0, ttl 64, id 50619, offset 0, flags [DF], proto TCP (6), length 52)
    192.168.1.194.43348 > 54.221.110.81.443: Flags [.], cksum 0x67bf (incorrect -> 0x79db), seq 71, ack 95, win 501, options [nop,nop,TS val 2851924472 ecr 1132356467], length 0
19:52:40.887706 IP (tos 0x0, ttl 108, id 61240, offset 0, flags [DF], proto TCP (6), length 87)
    20.189.173.2.443 > 192.168.1.194.41516: Flags [P.], cksum 0xf891 (correct), seq 103:138, ack 74789, win 16382, options [nop,nop,TS val 7304031 ecr 989469687], length 35
19:52:40.887754 IP (tos 0x0, ttl 64, id 9444, offset 0, flags [DF], proto TCP (6), length 52)
    192.168.1.194.41516 > 20.189.173.2.443: Flags [.], cksum 0x8450 (incorrect -> 0xbb49), seq 74789, ack 138, win 450, options [nop,nop,TS val 989470200 ecr 7304031], length 0
19:52:40.889676 IP (tos 0x0, ttl 120, id 59734, offset 0, flags [DF], proto TCP (6), length 52)
    3.6.30.85.80 > 192.168.1.194.60774: Flags [.], cksum 0x796e (correct), seq 1, ack 1, win 2168, options [nop,nop,TS val 1456749863 ecr 3269347222], length 0
19:52:40.889681 IP (tos 0x0, ttl 120, id 8868, offset 0, flags [DF], proto TCP (6), length 52)
    3.6.115.182.80 > 192.168.1.194.57250: Flags [.], cksum 0x9a0c (correct), seq 1, ack 1, win 3646, options [nop,nop,TS val 36382896 ecr 4240569441], length 0
19:52:40.902202 IP (tos 0x0, ttl 120, id 52623, offset 0, flags [DF], proto TCP (6), length 52)
    3.6.115.182.80 > 192.168.1.194.53220: Flags [.], cksum 0xeb9f (correct), seq 1, ack 1, win 2239, options [nop,nop,TS val 36382909 ecr 4240575155], length 0
19:52:41.049941 IP (tos 0x0, ttl 106, id 12484, offset 0, flags [DF], proto TCP (6), length 92)
    20.249.115.185.443 > 192.168.1.194.40166: Flags [P.], cksum 0x634c (correct), seq 1:41, ack 51, win 16383, options [nop,nop,TS val 951972483 ecr 513058230], length 40
19:52:41.049942 IP6 (flowlabel 0xc0800, hlim 255, next-header UDP (17) payload length: 88) fe80::401:5441:5ba9:7d4b.5353 > ff02::fb.5353: [udp sum ok] 0 [3q] PTR (QM)? _rdlink._tcp.local. PTR (QM)? _companion-link._tcp.local. PTR (QM)? lb._dns-sd._udp.local. (80)
19:52:41.049962 IP (tos 0x0, ttl 64, id 13553, offset 0, flags [DF], proto TCP (6), length 52)
    192.168.1.194.40166 > 20.249.115.185.443: Flags [.], cksum 0x4b43 (incorrect -> 0xbc37), seq 51, ack 41, win 324, options [nop,nop,TS val 513058424 ecr 951972483], length 0
19:52:41.098291 IP (tos 0x0, ttl 64, id 8088, offset 0, flags [DF], proto TCP (6), length 52)
    192.168.1.194.49294 > 3.6.115.64.80: Flags [.], cksum 0x38d7 (incorrect -> 0x83ea), seq 0, ack 1, win 501, options [nop,nop,TS val 3328445325 ecr 2971009546], length 0
19:52:41.133794 IP (tos 0x0, ttl 117, id 41660, offset 0, flags [DF], proto TCP (6), length 52)
    3.6.115.64.80 > 192.168.1.194.49294: Flags [.], cksum 0xb29e (correct), seq 1, ack 1, win 442, options [nop,nop,TS val 2971010608 ecr 3328432365], length 0
19:52:41.290260 IP (tos 0x0, ttl 64, id 19648, offset 0, flags [DF], proto TCP (6), length 52)
    192.168.1.194.53798 > 3.6.115.64.80: Flags [.], cksum 0x38d7 (incorrect -> 0xd645), seq 0, ack 1, win 501, options [nop,nop,TS val 3328445517 ecr 2971009741], length 0
19:52:41.291257 IP (tos 0x0, ttl 64, id 52052, offset 0, flags [DF], proto TCP (6), length 52)
    192.168.1.194.54482 > 3.6.115.182.80: Flags [.], cksum 0x394d (incorrect -> 0xa1ac), seq 0, ack 1, win 501, options [nop,nop,TS val 4240577355 ecr 36382275], length 0
19:52:41.328042 IP (tos 0x0, ttl 120, id 59296, offset 0, flags [DF], proto TCP (6), length 52)
    3.6.115.182.80 > 192.168.1.194.54482: Flags [.], cksum 0xadae (correct), seq 1, ack 1, win 1769, options [nop,nop,TS val 36383332 ecr 4240571955], length 0
19:52:41.328049 IP (tos 0x0, ttl 120, id 60308, offset 0, flags [DF], proto TCP (6), length 52)
    3.6.115.64.80 > 192.168.1.194.53798: Flags [.], cksum 0xe2bd (correct), seq 1, ack 1, win 1704, options [nop,nop,TS val 2971010800 ecr 3328440062], length 0
19:52:41.483127 IP (tos 0x0, ttl 64, id 34916, offset 0, flags [none], proto UDP (17), length 71)
    192.168.1.194.58239 > 192.168.1.1.53: [bad udp cksum 0x8458 -> 0x3e65!] 57771+ [1au] A? www.google.com. ar: . OPT UDPsize=1472 (43)
19:52:41.483405 IP (tos 0x0, ttl 64, id 23541, offset 0, flags [none], proto UDP (17), length 71)
    192.168.1.194.52269 > 192.168.1.1.53: [bad udp cksum 0x8458 -> 0x159f!] 8617+ [1au] AAAA? www.google.com. ar: . OPT UDPsize=1472 (43)
19:52:41.497586 IP (tos 0x0, ttl 64, id 13302, offset 0, flags [DF], proto UDP (17), length 87)
    192.168.1.1.53 > 192.168.1.194.58239: [udp sum ok] 57771 q: A? www.google.com. 1/0/1 www.google.com. [3m15s] A 142.250.183.36 ar: . OPT UDPsize=1232 (59)
19:52:41.497904 IP (tos 0x0, ttl 64, id 13303, offset 0, flags [DF], proto UDP (17), length 99)
    192.168.1.1.53 > 192.168.1.194.52269: [udp sum ok] 8617 q: AAAA? www.google.com. 1/0/1 www.google.com. [22s] AAAA 2404:6800:4009:80c::2004 ar: . OPT UDPsize=1232 (71)
19:52:41.498750 IP (tos 0x0, ttl 64, id 20806, offset 0, flags [DF], proto TCP (6), length 60)
    192.168.1.194.49804 > 142.250.183.36.443: Flags [S], cksum 0x08b8 (incorrect -> 0x381a), seq 4195248088, win 64240, options [mss 1460,sackOK,TS val 4259309660 ecr 0,nop,wscale 7], length 0
19:52:41.513226 IP (tos 0x0, ttl 64, id 2162, offset 0, flags [DF], proto TCP (6), length 52)
    192.168.1.194.57330 > 3.6.98.232.80: Flags [.], cksum 0x287f (incorrect -> 0x6e0e), seq 0, ack 1, win 501, options [nop,nop,TS val 4263797762 ecr 3144052990], length 0
19:52:41.515182 IP (tos 0x0, ttl 64, id 37358, offset 0, flags [DF], proto TCP (6), length 52)
    192.168.1.194.41786 > 3.6.30.85.80: Flags [.], cksum 0xe3eb (incorrect -> 0x3635), seq 0, ack 1, win 501, options [nop,nop,TS val 3269355894 ecr 1456749489], length 0
19:52:41.537567 IP (tos 0x80, ttl 123, id 0, offset 0, flags [DF], proto TCP (6), length 60)
    142.250.183.36.443 > 192.168.1.194.49804: Flags [S.], cksum 0x48b0 (correct), seq 754882961, ack 4195248089, win 65535, options [mss 1412,sackOK,TS val 36250048 ecr 4259309660,nop,wscale 8], length 0
19:52:41.537616 IP (tos 0x0, ttl 64, id 20807, offset 0, flags [DF], proto TCP (6), length 52)
    192.168.1.194.49804 > 142.250.183.36.443: Flags [.], cksum 0x08b0 (incorrect -> 0x7530), seq 1, ack 1, win 502, options [nop,nop,TS val 4259309699 ecr 36250048], length 0
19:52:41.538162 IP (tos 0x0, ttl 64, id 20808, offset 0, flags [DF], proto TCP (6), length 1951)
    192.168.1.194.49804 > 142.250.183.36.443: Flags [P.], cksum 0x101b (incorrect -> 0xd189), seq 1:1900, ack 1, win 502, options [nop,nop,TS val 4259309699 ecr 36250048], length 1899
19:52:41.546328 IP (tos 0x0, ttl 120, id 61069, offset 0, flags [DF], proto TCP (6), length 52)
    3.6.98.232.80 > 192.168.1.194.57330: Flags [.], cksum 0x7f75 (correct), seq 1, ack 1, win 442, options [nop,nop,TS val 3144054024 ecr 4263792331], length 0
19:52:41.552887 IP (tos 0x0, ttl 120, id 18059, offset 0, flags [DF], proto TCP (6), length 52)
    3.6.30.85.80 > 192.168.1.194.41786: Flags [.], cksum 0x34d3 (correct), seq 1, ack 1, win 2098, options [nop,nop,TS val 1456750528 ecr 3269353611], length 0
19:52:41.575436 IP (tos 0x80, ttl 123, id 6234, offset 0, flags [none], proto TCP (6), length 52)
    142.250.183.36.443 > 192.168.1.194.49804: Flags [.], cksum 0x6d73 (correct), seq 1, ack 1401, win 1045, options [nop,nop,TS val 36250086 ecr 4259309699], length 0
19:52:41.575780 IP (tos 0x80, ttl 123, id 6235, offset 0, flags [none], proto TCP (6), length 52)
    142.250.183.36.443 > 192.168.1.194.49804: Flags [.], cksum 0x6b81 (correct), seq 1, ack 1900, win 1044, options [nop,nop,TS val 36250086 ecr 4259309699], length 0
19:52:41.577946 IP (tos 0x80, ttl 123, id 6236, offset 0, flags [none], proto TCP (6), length 1452)
    142.250.183.36.443 > 192.168.1.194.49804: Flags [.], cksum 0xecfd (correct), seq 1:1401, ack 1900, win 1044, options [nop,nop,TS val 36250088 ecr 4259309699], length 1400
19:52:41.577971 IP (tos 0x0, ttl 64, id 20810, offset 0, flags [DF], proto TCP (6), length 52)
    192.168.1.194.49804 > 142.250.183.36.443: Flags [.], cksum 0x08b0 (incorrect -> 0x6807), seq 1900, ack 1401, win 492, options [nop,nop,TS val 4259309739 ecr 36250088], length 0
19:52:41.578891 IP (tos 0x80, ttl 123, id 6237, offset 0, flags [none], proto TCP (6), length 1452)
    142.250.183.36.443 > 192.168.1.194.49804: Flags [P.], cksum 0x8585 (correct), seq 1401:2801, ack 1900, win 1044, options [nop,nop,TS val 36250088 ecr 4259309699], length 1400
19:52:41.578892 IP (tos 0x80, ttl 123, id 6238, offset 0, flags [none], proto TCP (6), length 2440)
    142.250.183.36.443 > 192.168.1.194.49804: Flags [P.], cksum 0x1204 (incorrect -> 0x7eef), seq 2801:5189, ack 1900, win 1044, options [nop,nop,TS val 36250088 ecr 4259309699], length 2388
19:52:41.578902 IP (tos 0x0, ttl 64, id 20811, offset 0, flags [DF], proto TCP (6), length 52)
    192.168.1.194.49804 > 142.250.183.36.443: Flags [.], cksum 0x08b0 (incorrect -> 0x6298), seq 1900, ack 2801, win 482, options [nop,nop,TS val 4259309740 ecr 36250088], length 0
19:52:41.578910 IP (tos 0x0, ttl 64, id 20812, offset 0, flags [DF], proto TCP (6), length 52)
    192.168.1.194.49804 > 142.250.183.36.443: Flags [.], cksum 0x08b0 (incorrect -> 0x5956), seq 1900, ack 5189, win 464, options [nop,nop,TS val 4259309740 ecr 36250088], length 0
19:52:41.579664 IP (tos 0x0, ttl 64, id 20813, offset 0, flags [DF], proto TCP (6), length 116)
    192.168.1.194.49804 > 142.250.183.36.443: Flags [P.], cksum 0x08f0 (incorrect -> 0x1918), seq 1900:1964, ack 5189, win 464, options [nop,nop,TS val 4259309741 ecr 36250088], length 64
19:52:41.579928 IP (tos 0x0, ttl 64, id 20814, offset 0, flags [DF], proto TCP (6), length 144)
    192.168.1.194.49804 > 142.250.183.36.443: Flags [P.], cksum 0x090c (incorrect -> 0xc633), seq 1964:2056, ack 5189, win 464, options [nop,nop,TS val 4259309741 ecr 36250088], length 92
19:52:41.583237 IP (tos 0x0, ttl 64, id 20815, offset 0, flags [DF], proto TCP (6), length 262)
    192.168.1.194.49804 > 142.250.183.36.443: Flags [P.], cksum 0x0982 (incorrect -> 0x80cb), seq 2056:2266, ack 5189, win 464, options [nop,nop,TS val 4259309745 ecr 36250088], length 210
19:52:41.619138 IP (tos 0x80, ttl 123, id 6240, offset 0, flags [none], proto TCP (6), length 52)
    142.250.183.36.443 > 192.168.1.194.49804: Flags [.], cksum 0x564b (correct), seq 5189, ack 2056, win 1044, options [nop,nop,TS val 36250130 ecr 4259309741], length 0
19:52:41.620163 IP (tos 0x80, ttl 123, id 6241, offset 0, flags [none], proto TCP (6), length 668)
    142.250.183.36.443 > 192.168.1.194.49804: Flags [P.], cksum 0xe3e7 (correct), seq 5189:5805, ack 2056, win 1044, options [nop,nop,TS val 36250130 ecr 4259309741], length 616
19:52:41.620164 IP (tos 0x80, ttl 123, id 6242, offset 0, flags [none], proto TCP (6), length 83)
    142.250.183.36.443 > 192.168.1.194.49804: Flags [P.], cksum 0x80dc (correct), seq 5805:5836, ack 2056, win 1044, options [nop,nop,TS val 36250130 ecr 4259309741], length 31
19:52:41.620830 IP (tos 0x0, ttl 64, id 20816, offset 0, flags [DF], proto TCP (6), length 83)
    192.168.1.194.49804 > 142.250.183.36.443: Flags [P.], cksum 0x08cf (incorrect -> 0xd76c), seq 2266:2297, ack 5836, win 459, options [nop,nop,TS val 4259309782 ecr 36250130], length 31
19:52:41.624044 IP (tos 0x80, ttl 123, id 6243, offset 0, flags [none], proto TCP (6), length 52)
    142.250.183.36.443 > 192.168.1.194.49804: Flags [.], cksum 0x52e9 (correct), seq 5836, ack 2266, win 1044, options [nop,nop,TS val 36250135 ecr 4259309745], length 0
19:52:41.658021 IP (tos 0x80, ttl 123, id 6244, offset 0, flags [none], proto TCP (6), length 52)
    142.250.183.36.443 > 192.168.1.194.49804: Flags [.], cksum 0x5284 (correct), seq 5836, ack 2297, win 1044, options [nop,nop,TS val 36250168 ecr 4259309782], length 0
19:52:41.659466 IP (tos 0x0, ttl 64, id 62317, offset 0, flags [DF], proto TCP (6), length 123)
    192.168.1.194.51958 > 35.174.210.7.443: Flags [P.], cksum 0xb88d (incorrect -> 0xa5e3), seq 740:811, ack 99, win 459, options [nop,nop,TS val 3348732748 ecr 1907037772], length 71
19:52:41.659601 IP (tos 0x0, ttl 64, id 57228, offset 0, flags [DF], proto TCP (6), length 123)
    192.168.1.194.60328 > 35.174.210.7.443: Flags [P.], cksum 0xb88d (incorrect -> 0xb3b7), seq 797:868, ack 99, win 458, options [nop,nop,TS val 3348732748 ecr 1907037771], length 71
19:52:41.708209 IP (tos 0x0, ttl 64, id 29064, offset 0, flags [DF], proto TCP (6), length 52)
    192.168.1.194.59792 > 3.6.122.107.80: Flags [.], cksum 0x4002 (incorrect -> 0xfd84), seq 0, ack 1, win 501, options [nop,nop,TS val 216314904 ecr 1119264503], length 0
19:52:41.713489 IP (tos 0x0, ttl 64, id 20817, offset 0, flags [DF], proto TCP (6), length 87)
    192.168.1.194.49804 > 142.250.183.36.443: Flags [P.], cksum 0x08d3 (incorrect -> 0xbaeb), seq 2297:2332, ack 5836, win 459, options [nop,nop,TS val 4259309875 ecr 36250168], length 35
19:52:41.723803 IP (tos 0x80, ttl 123, id 6245, offset 0, flags [none], proto TCP (6), length 658)
    142.250.183.36.443 > 192.168.1.194.49804: Flags [P.], cksum 0x9195 (correct), seq 5836:6442, ack 2297, win 1044, options [nop,nop,TS val 36250233 ecr 4259309782], length 606
19:52:41.723805 IP (tos 0x80, ttl 123, id 6246, offset 0, flags [none], proto TCP (6), length 1452)
    142.250.183.36.443 > 192.168.1.194.49804: Flags [P.], cksum 0x9b19 (correct), seq 6442:7842, ack 2297, win 1044, options [nop,nop,TS val 36250233 ecr 4259309782], length 1400
19:52:41.723805 IP (tos 0x80, ttl 123, id 6247, offset 0, flags [none], proto TCP (6), length 1371)
    142.250.183.36.443 > 192.168.1.194.49804: Flags [P.], cksum 0x3e43 (correct), seq 7842:9161, ack 2297, win 1044, options [nop,nop,TS val 36250233 ecr 4259309782], length 1319
19:52:41.723805 IP (tos 0x80, ttl 123, id 6248, offset 0, flags [none], proto TCP (6), length 146)
    142.250.183.36.443 > 192.168.1.194.49804: Flags [P.], cksum 0x67f3 (correct), seq 9161:9255, ack 2297, win 1044, options [nop,nop,TS val 36250233 ecr 4259309782], length 94
19:52:41.723922 IP (tos 0x0, ttl 64, id 20818, offset 0, flags [DF], proto TCP (6), length 52)
    192.168.1.194.49804 > 142.250.183.36.443: Flags [.], cksum 0x08b0 (incorrect -> 0x46c1), seq 2332, ack 9255, win 433, options [nop,nop,TS val 4259309885 ecr 36250233], length 0
19:52:41.725786 IP (tos 0x80, ttl 123, id 6249, offset 0, flags [none], proto TCP (6), length 1004)
    142.250.183.36.443 > 192.168.1.194.49804: Flags [P.], cksum 0x04d6 (correct), seq 9255:10207, ack 2297, win 1044, options [nop,nop,TS val 36250236 ecr 4259309782], length 952
19:52:41.725812 IP (tos 0x80, ttl 123, id 6250, offset 0, flags [none], proto TCP (6), length 84)
    142.250.183.36.443 > 192.168.1.194.49804: Flags [P.], cksum 0x267e (correct), seq 10207:10239, ack 2297, win 1044, options [nop,nop,TS val 36250236 ecr 4259309782], length 32
19:52:41.725812 IP (tos 0x80, ttl 123, id 6251, offset 0, flags [none], proto TCP (6), length 83)
    142.250.183.36.443 > 192.168.1.194.49804: Flags [P.], cksum 0x7594 (correct), seq 10239:10270, ack 2297, win 1044, options [nop,nop,TS val 36250236 ecr 4259309782], length 31
19:52:41.725812 IP (tos 0x80, ttl 123, id 6252, offset 0, flags [none], proto TCP (6), length 91)
    142.250.183.36.443 > 192.168.1.194.49804: Flags [P.], cksum 0x860c (correct), seq 10270:10309, ack 2297, win 1044, options [nop,nop,TS val 36250236 ecr 4259309782], length 39
19:52:41.725967 IP (tos 0x0, ttl 64, id 20819, offset 0, flags [DF], proto TCP (6), length 52)
    192.168.1.194.49804 > 142.250.183.36.443: Flags [.], cksum 0x08b0 (incorrect -> 0x42a6), seq 2332, ack 10309, win 425, options [nop,nop,TS val 4259309887 ecr 36250236], length 0
19:52:41.725998 IP (tos 0x0, ttl 64, id 20820, offset 0, flags [DF], proto TCP (6), length 91)
    192.168.1.194.49804 > 142.250.183.36.443: Flags [P.], cksum 0x08d7 (incorrect -> 0xafc6), seq 2332:2371, ack 10309, win 425, options [nop,nop,TS val 4259309887 ecr 36250236], length 39
19:52:41.738189 IP (tos 0x0, ttl 64, id 18391, offset 0, flags [DF], proto TCP (6), length 52)
    192.168.1.194.34916 > 3.6.30.85.80: Flags [.], cksum 0xe3eb (incorrect -> 0x7490), seq 0, ack 1, win 501, options [nop,nop,TS val 3269356117 ecr 1456749693], length 0
19:52:41.738206 IP (tos 0x0, ttl 64, id 30128, offset 0, flags [DF], proto TCP (6), length 52)
    192.168.1.194.38390 > 3.6.115.64.80: Flags [.], cksum 0x38d7 (incorrect -> 0xb6af), seq 0, ack 1, win 501, options [nop,nop,TS val 3328445965 ecr 2971010184], length 0
19:52:41.741195 IP (tos 0x0, ttl 64, id 47801, offset 0, flags [none], proto UDP (17), length 67)
    192.168.1.194.56016 > 192.168.1.1.53: [bad udp cksum 0x8454 -> 0x96f8!] 5296+ [1au] A? github.com. ar: . OPT UDPsize=1472 (39)
19:52:41.741261 IP (tos 0x0, ttl 64, id 54463, offset 0, flags [none], proto UDP (17), length 67)
    192.168.1.194.58486 > 192.168.1.1.53: [bad udp cksum 0x8454 -> 0x5866!] 18817+ [1au] AAAA? github.com. ar: . OPT UDPsize=1472 (39)
19:52:41.745154 IP (tos 0x0, ttl 114, id 61866, offset 0, flags [DF], proto TCP (6), length 52)
    3.6.122.107.80 > 192.168.1.194.59792: Flags [.], cksum 0x05dd (correct), seq 1, ack 1, win 448, options [nop,nop,TS val 1119265539 ecr 216311784], length 0
19:52:41.752071 IP (tos 0x80, ttl 123, id 6253, offset 0, flags [none], proto TCP (6), length 52)
    142.250.183.36.443 > 192.168.1.194.49804: Flags [.], cksum 0x402d (correct), seq 10309, ack 2332, win 1044, options [nop,nop,TS val 36250262 ecr 4259309875], length 0
19:52:41.758248 IP (tos 0x0, ttl 64, id 13368, offset 0, flags [DF], proto UDP (17), length 141)
    192.168.1.1.53 > 192.168.1.194.58486: [udp sum ok] 18817 q: AAAA? github.com. 0/1/1 ns: github.com. [23m25s] SOA dns1.p08.nsone.net. hostmaster.nsone.net. 1656468023 43200 7200 1209600 3600 ar: . OPT UDPsize=1232 (113)
19:52:41.762317 IP (tos 0x80, ttl 123, id 6254, offset 0, flags [none], proto TCP (6), length 52)
    142.250.183.36.443 > 192.168.1.194.49804: Flags [.], cksum 0x3fef (correct), seq 10309, ack 2371, win 1044, options [nop,nop,TS val 36250273 ecr 4259309887], length 0
19:52:41.762318 IP (tos 0x80, ttl 123, id 6255, offset 0, flags [none], proto TCP (6), length 52)
    142.250.183.36.443 > 192.168.1.194.49804: Flags [.], cksum 0x3fef (correct), seq 10309, ack 2371, win 1044, options [nop,nop,TS val 36250273 ecr 4259309887], length 0
19:52:41.771956 IP (tos 0x0, ttl 120, id 3802, offset 0, flags [DF], proto TCP (6), length 52)
    3.6.115.64.80 > 192.168.1.194.38390: Flags [.], cksum 0xdb4e (correct), seq 1, ack 1, win 2383, options [nop,nop,TS val 2971011247 ecr 3328433644], length 0
19:52:41.777273 IP (tos 0x0, ttl 120, id 57343, offset 0, flags [DF], proto TCP (6), length 52)
    3.6.30.85.80 > 192.168.1.194.34916: Flags [.], cksum 0x9ae7 (correct), seq 1, ack 1, win 442, options [nop,nop,TS val 1456750752 ecr 3269345301], length 0
19:52:41.790320 IP (tos 0x0, ttl 64, id 13373, offset 0, flags [DF], proto UDP (17), length 83)
    192.168.1.1.53 > 192.168.1.194.56016: [udp sum ok] 5296 q: A? github.com. 1/0/1 github.com. [1m] A 20.207.73.82 ar: . OPT UDPsize=512 (55)
19:52:41.790899 IP (tos 0x0, ttl 64, id 35257, offset 0, flags [DF], proto TCP (6), length 60)
    192.168.1.194.42680 > 20.207.73.82.443: Flags [S], cksum 0x20ba (incorrect -> 0xded5), seq 3086553359, win 64240, options [mss 1460,sackOK,TS val 2445888104 ecr 0,nop,wscale 7], length 0
19:52:41.811555 IP (tos 0x0, ttl 108, id 61241, offset 0, flags [DF], proto TCP (6), length 152)
    20.189.173.2.443 > 192.168.1.194.41516: Flags [P.], cksum 0x0c6f (correct), seq 138:238, ack 74789, win 16382, options [nop,nop,TS val 7304955 ecr 989470200], length 100
19:52:41.811574 IP (tos 0x0, ttl 64, id 9445, offset 0, flags [DF], proto TCP (6), length 52)
    192.168.1.194.41516 > 20.189.173.2.443: Flags [.], cksum 0x8450 (incorrect -> 0xb3ad), seq 74789, ack 238, win 450, options [nop,nop,TS val 989471124 ecr 7304955], length 0
19:52:41.812416 IP (tos 0x0, ttl 64, id 9446, offset 0, flags [DF], proto TCP (6), length 87)
    192.168.1.194.41516 > 20.189.173.2.443: Flags [P.], cksum 0x8473 (incorrect -> 0x5a2e), seq 74789:74824, ack 238, win 450, options [nop,nop,TS val 989471125 ecr 7304955], length 35
19:52:41.833232 IP (tos 0x0, ttl 51, id 0, offset 0, flags [DF], proto TCP (6), length 60)
    20.207.73.82.443 > 192.168.1.194.42680: Flags [S.], cksum 0x64bb (correct), seq 3775042440, ack 3086553360, win 65535, options [mss 1436,sackOK,TS val 4286644482 ecr 2445888104,nop,wscale 10], length 0
19:52:41.833263 IP (tos 0x0, ttl 64, id 35258, offset 0, flags [DF], proto TCP (6), length 52)
    192.168.1.194.42680 > 20.207.73.82.443: Flags [.], cksum 0x20b2 (incorrect -> 0x9151), seq 1, ack 1, win 502, options [nop,nop,TS val 2445888147 ecr 4286644482], length 0
19:52:41.833995 IP (tos 0x0, ttl 64, id 35259, offset 0, flags [DF], proto TCP (6), length 2118)
    192.168.1.194.42680 > 20.207.73.82.443: Flags [P.], cksum 0x28c4 (incorrect -> 0x13cc), seq 1:2067, ack 1, win 502, options [nop,nop,TS val 2445888147 ecr 4286644482], length 2066
19:52:41.873698 IP (tos 0x0, ttl 51, id 43605, offset 0, flags [DF], proto TCP (6), length 52)
    20.207.73.82.443 > 192.168.1.194.42680: Flags [.], cksum 0x8ac4 (correct), seq 1, ack 2067, win 70, options [nop,nop,TS val 4286644525 ecr 2445888147], length 0
19:52:41.874209 IP (tos 0x0, ttl 51, id 43606, offset 0, flags [DF], proto TCP (6), length 2900)
    20.207.73.82.443 > 192.168.1.194.42680: Flags [P.], cksum 0x2bd2 (incorrect -> 0xe14e), seq 1:2849, ack 2067, win 70, options [nop,nop,TS val 4286644526 ecr 2445888147], length 2848
19:52:41.874210 IP (tos 0x0, ttl 51, id 43608, offset 0, flags [DF], proto TCP (6), length 693)
    20.207.73.82.443 > 192.168.1.194.42680: Flags [P.], cksum 0x8ed1 (correct), seq 2849:3490, ack 2067, win 70, options [nop,nop,TS val 4286644526 ecr 2445888147], length 641
19:52:41.874250 IP (tos 0x0, ttl 64, id 35261, offset 0, flags [DF], proto TCP (6), length 52)
    192.168.1.194.42680 > 20.207.73.82.443: Flags [.], cksum 0x20b2 (incorrect -> 0x7de0), seq 2067, ack 2849, win 480, options [nop,nop,TS val 2445888188 ecr 4286644526], length 0
19:52:41.874285 IP (tos 0x0, ttl 64, id 35262, offset 0, flags [DF], proto TCP (6), length 52)
    192.168.1.194.42680 > 20.207.73.82.443: Flags [.], cksum 0x20b2 (incorrect -> 0x7b64), seq 2067, ack 3490, win 475, options [nop,nop,TS val 2445888188 ecr 4286644526], length 0
19:52:41.877007 IP (tos 0x0, ttl 64, id 35263, offset 0, flags [DF], proto TCP (6), length 116)
    192.168.1.194.42680 > 20.207.73.82.443: Flags [P.], cksum 0x20f2 (incorrect -> 0x65f7), seq 2067:2131, ack 3490, win 475, options [nop,nop,TS val 2445888190 ecr 4286644526], length 64
19:52:41.877729 IP (tos 0x0, ttl 64, id 35264, offset 0, flags [DF], proto TCP (6), length 144)
    192.168.1.194.42680 > 20.207.73.82.443: Flags [P.], cksum 0x210e (incorrect -> 0x12d8), seq 2131:2223, ack 3490, win 475, options [nop,nop,TS val 2445888191 ecr 4286644526], length 92
19:52:41.890200 IP (tos 0x0, ttl 64, id 6764, offset 0, flags [DF], proto TCP (6), length 52)
    192.168.1.194.60774 > 3.6.30.85.80: Flags [.], cksum 0xe3eb (incorrect -> 0x5c9b), seq 0, ack 1, win 501, options [nop,nop,TS val 3269356269 ecr 1456749863], length 0
19:52:41.890227 IP (tos 0x0, ttl 64, id 43342, offset 0, flags [DF], proto TCP (6), length 52)
    192.168.1.194.57250 > 3.6.115.182.80: Flags [.], cksum 0x394d (incorrect -> 0x8515), seq 0, ack 1, win 501, options [nop,nop,TS val 4240577954 ecr 36382896], length 0
19:52:41.900295 IP (tos 0x20, ttl 240, id 33327, offset 0, flags [DF], proto TCP (6), length 146)
    35.174.210.7.443 > 192.168.1.194.60328: Flags [P.], cksum 0x52db (correct), seq 99:193, ack 868, win 27, options [nop,nop,TS val 1907041274 ecr 3348732748], length 94
19:52:41.900317 IP (tos 0x20, ttl 240, id 63635, offset 0, flags [DF], proto TCP (6), length 146)
    35.174.210.7.443 > 192.168.1.194.51958: Flags [P.], cksum 0x32ec (correct), seq 99:193, ack 811, win 27, options [nop,nop,TS val 1907041275 ecr 3348732748], length 94
19:52:41.900319 IP (tos 0x0, ttl 64, id 57229, offset 0, flags [DF], proto TCP (6), length 52)
    192.168.1.194.60328 > 35.174.210.7.443: Flags [.], cksum 0xb846 (incorrect -> 0x5557), seq 868, ack 193, win 458, options [nop,nop,TS val 3348732989 ecr 1907041274], length 0
19:52:41.900332 IP (tos 0x0, ttl 64, id 62318, offset 0, flags [DF], proto TCP (6), length 52)
    192.168.1.194.51958 > 35.174.210.7.443: Flags [.], cksum 0xb846 (incorrect -> 0x8f18), seq 811, ack 193, win 459, options [nop,nop,TS val 3348732989 ecr 1907041275], length 0
19:52:41.915638 IP (tos 0x0, ttl 51, id 43609, offset 0, flags [DF], proto TCP (6), length 131)
    20.207.73.82.443 > 192.168.1.194.42680: Flags [P.], cksum 0x1ad2 (correct), seq 3490:3569, ack 2131, win 70, options [nop,nop,TS val 4286644567 ecr 2445888190], length 79
19:52:41.916845 IP (tos 0x0, ttl 51, id 43610, offset 0, flags [DF], proto TCP (6), length 131)
    20.207.73.82.443 > 192.168.1.194.42680: Flags [P.], cksum 0x50a8 (correct), seq 3569:3648, ack 2131, win 70, options [nop,nop,TS val 4286644568 ecr 2445888190], length 79
19:52:41.916922 IP (tos 0x0, ttl 64, id 35265, offset 0, flags [DF], proto TCP (6), length 52)
    192.168.1.194.42680 > 20.207.73.82.443: Flags [.], cksum 0x20b2 (incorrect -> 0x79d8), seq 2223, ack 3648, win 474, options [nop,nop,TS val 2445888230 ecr 4286644567], length 0
19:52:41.917864 IP (tos 0x0, ttl 51, id 43611, offset 0, flags [DF], proto TCP (6), length 116)
    20.207.73.82.443 > 192.168.1.194.42680: Flags [P.], cksum 0x997d (correct), seq 3648:3712, ack 2223, win 70, options [nop,nop,TS val 4286644568 ecr 2445888191], length 64
19:52:41.917967 IP (tos 0x0, ttl 64, id 35266, offset 0, flags [DF], proto TCP (6), length 83)
    192.168.1.194.42680 > 20.207.73.82.443: Flags [P.], cksum 0x20d1 (incorrect -> 0x1d49), seq 2223:2254, ack 3712, win 474, options [nop,nop,TS val 2445888231 ecr 4286644568], length 31
19:52:41.930236 IP (tos 0x0, ttl 64, id 42240, offset 0, flags [DF], proto TCP (6), length 52)
    192.168.1.194.53220 > 3.6.115.182.80: Flags [.], cksum 0x394d (incorrect -> 0xe753), seq 0, ack 1, win 501, options [nop,nop,TS val 4240577994 ecr 36382909], length 0
19:52:41.961354 IP (tos 0x0, ttl 120, id 59735, offset 0, flags [DF], proto TCP (6), length 52)
    3.6.30.85.80 > 192.168.1.194.60774: Flags [.], cksum 0x7564 (correct), seq 1, ack 1, win 2168, options [nop,nop,TS val 1456750897 ecr 3269347222], length 0
19:52:41.961354 IP (tos 0x0, ttl 120, id 8869, offset 0, flags [DF], proto TCP (6), length 52)
    3.6.115.182.80 > 192.168.1.194.57250: Flags [.], cksum 0x9603 (correct), seq 1, ack 1, win 3646, options [nop,nop,TS val 36383929 ecr 4240569441], length 0
19:52:41.965582 IP (tos 0x0, ttl 120, id 52624, offset 0, flags [DF], proto TCP (6), length 52)
    3.6.115.182.80 > 192.168.1.194.53220: Flags [.], cksum 0xe779 (correct), seq 1, ack 1, win 2239, options [nop,nop,TS val 36383971 ecr 4240575155], length 0
19:52:42.001483 IP (tos 0x0, ttl 51, id 43612, offset 0, flags [DF], proto TCP (6), length 52)
    20.207.73.82.443 > 192.168.1.194.42680: Flags [.], cksum 0x7ab6 (correct), seq 3712, ack 2254, win 70, options [nop,nop,TS val 4286644653 ecr 2445888231], length 0
19:52:42.134273 IP (tos 0x0, ttl 64, id 8089, offset 0, flags [DF], proto TCP (6), length 52)
    192.168.1.194.49294 > 3.6.115.64.80: Flags [.], cksum 0x38d7 (incorrect -> 0x7bb8), seq 0, ack 1, win 501, options [nop,nop,TS val 3328446361 ecr 2971010608], length 0
19:52:42.181961 IP (tos 0x0, ttl 117, id 41661, offset 0, flags [DF], proto TCP (6), length 52)
    3.6.115.64.80 > 192.168.1.194.49294: Flags [.], cksum 0xae90 (correct), seq 1, ack 1, win 442, options [nop,nop,TS val 2971011646 ecr 3328432365], length 0
19:52:42.181967 IP (tos 0x0, ttl 108, id 61242, offset 0, flags [DF], proto TCP (6), length 52)
    20.189.173.2.443 > 192.168.1.194.41516: Flags [.], cksum 0x73e6 (correct), seq 238, ack 74824, win 16381, options [nop,nop,TS val 7305315 ecr 989471125], length 0
19:52:42.198225 IP (tos 0x0, ttl 64, id 9447, offset 0, flags [DF], proto TCP (6), length 171)
    192.168.1.194.41516 > 20.189.173.2.443: Flags [P.], cksum 0x84c7 (incorrect -> 0x3230), seq 74824:74943, ack 238, win 450, options [nop,nop,TS val 989471511 ecr 7305315], length 119
19:52:42.198309 IP (tos 0x0, ttl 64, id 9448, offset 0, flags [DF], proto TCP (6), length 2908)
    192.168.1.194.41516 > 20.189.173.2.443: Flags [P.], cksum 0x8f78 (incorrect -> 0xb54c), seq 74943:77799, ack 238, win 450, options [nop,nop,TS val 989471511 ecr 7305315], length 2856
19:52:42.198326 IP (tos 0x0, ttl 64, id 9450, offset 0, flags [DF], proto TCP (6), length 2908)
    192.168.1.194.41516 > 20.189.173.2.443: Flags [P.], cksum 0x8f78 (incorrect -> 0x9244), seq 77799:80655, ack 238, win 450, options [nop,nop,TS val 989471511 ecr 7305315], length 2856
19:52:42.199235 IP (tos 0x0, ttl 64, id 9452, offset 0, flags [DF], proto TCP (6), length 2908)
    192.168.1.194.41516 > 20.189.173.2.443: Flags [P.], cksum 0x8f78 (incorrect -> 0xb90c), seq 80655:83511, ack 238, win 450, options [nop,nop,TS val 989471512 ecr 7305315], length 2856
19:52:42.199251 IP (tos 0x0, ttl 64, id 9454, offset 0, flags [DF], proto TCP (6), length 2908)
    192.168.1.194.41516 > 20.189.173.2.443: Flags [P.], cksum 0x8f78 (incorrect -> 0x3a83), seq 83511:86367, ack 238, win 450, options [nop,nop,TS val 989471512 ecr 7305315], length 2856
19:52:42.199873 IP (tos 0x0, ttl 64, id 9456, offset 0, flags [DF], proto TCP (6), length 2908)
    192.168.1.194.41516 > 20.189.173.2.443: Flags [P.], cksum 0x8f78 (incorrect -> 0x429d), seq 86367:89223, ack 238, win 450, options [nop,nop,TS val 989471512 ecr 7305315], length 2856
19:52:42.199888 IP (tos 0x0, ttl 64, id 9458, offset 0, flags [DF], proto TCP (6), length 2908)
    192.168.1.194.41516 > 20.189.173.2.443: Flags [P.], cksum 0x8f78 (incorrect -> 0xe18a), seq 89223:92079, ack 238, win 450, options [nop,nop,TS val 989471512 ecr 7305315], length 2856
19:52:42.200499 IP (tos 0x0, ttl 64, id 9460, offset 0, flags [DF], proto TCP (6), length 2908)
    192.168.1.194.41516 > 20.189.173.2.443: Flags [P.], cksum 0x8f78 (incorrect -> 0xf1ad), seq 92079:94935, ack 238, win 450, options [nop,nop,TS val 989471513 ecr 7305315], length 2856
19:52:42.200522 IP (tos 0x0, ttl 64, id 9462, offset 0, flags [DF], proto TCP (6), length 2908)
    192.168.1.194.41516 > 20.189.173.2.443: Flags [P.], cksum 0x8f78 (incorrect -> 0x642f), seq 94935:97791, ack 238, win 450, options [nop,nop,TS val 989471513 ecr 7305315], length 2856
19:52:42.201247 IP (tos 0x0, ttl 64, id 9464, offset 0, flags [DF], proto TCP (6), length 2908)
    192.168.1.194.41516 > 20.189.173.2.443: Flags [P.], cksum 0x8f78 (incorrect -> 0xbd89), seq 97791:100647, ack 238, win 450, options [nop,nop,TS val 989471514 ecr 7305315], length 2856
19:52:42.201270 IP (tos 0x0, ttl 64, id 9466, offset 0, flags [DF], proto TCP (6), length 2908)
    192.168.1.194.41516 > 20.189.173.2.443: Flags [P.], cksum 0x8f78 (incorrect -> 0x5fad), seq 100647:103503, ack 238, win 450, options [nop,nop,TS val 989471514 ecr 7305315], length 2856
19:52:42.202492 IP (tos 0x0, ttl 64, id 9468, offset 0, flags [DF], proto TCP (6), length 2908)
    192.168.1.194.41516 > 20.189.173.2.443: Flags [P.], cksum 0x8f78 (incorrect -> 0x1064), seq 103503:106359, ack 238, win 450, options [nop,nop,TS val 989471515 ecr 7305315], length 2856
19:52:42.284335 ARP, Ethernet (len 6), IPv4 (len 4), Request who-has 192.168.1.99 tell 192.168.1.1, length 28
19:52:42.326561 IP (tos 0x0, ttl 64, id 34125, offset 0, flags [DF], proto TCP (6), length 60)
    192.168.1.194.49806 > 142.250.183.36.443: Flags [S], cksum 0x08b8 (incorrect -> 0x0dc5), seq 1825774635, win 64240, options [mss 1460,sackOK,TS val 4259310488 ecr 0,nop,wscale 7], length 0
19:52:42.328255 IP (tos 0x0, ttl 64, id 52053, offset 0, flags [DF], proto TCP (6), length 52)
    192.168.1.194.54482 > 3.6.115.182.80: Flags [.], cksum 0x394d (incorrect -> 0x997e), seq 0, ack 1, win 501, options [nop,nop,TS val 4240578392 ecr 36383332], length 0
19:52:42.328281 IP (tos 0x0, ttl 64, id 19649, offset 0, flags [DF], proto TCP (6), length 52)
    192.168.1.194.53798 > 3.6.115.64.80: Flags [.], cksum 0x38d7 (incorrect -> 0xce14), seq 0, ack 1, win 501, options [nop,nop,TS val 3328446555 ecr 2971010800], length 0
19:52:42.357727 IP (tos 0x0, ttl 64, id 20821, offset 0, flags [DF], proto TCP (6), length 146)
    192.168.1.194.49804 > 142.250.183.36.443: Flags [P.], cksum 0x090e (incorrect -> 0xe7ff), seq 2371:2465, ack 10309, win 425, options [nop,nop,TS val 4259310519 ecr 36250273], length 94
19:52:42.362781 IP (tos 0x0, ttl 120, id 60309, offset 0, flags [DF], proto TCP (6), length 52)
    3.6.115.64.80 > 192.168.1.194.53798: Flags [.], cksum 0xdeb2 (correct), seq 1, ack 1, win 1704, options [nop,nop,TS val 2971011835 ecr 3328440062], length 0
19:52:42.363471 IP (tos 0x0, ttl 120, id 59297, offset 0, flags [DF], proto TCP (6), length 52)
    3.6.115.182.80 > 192.168.1.194.54482: Flags [.], cksum 0xa9a2 (correct), seq 1, ack 1, win 1769, options [nop,nop,TS val 36384368 ecr 4240571955], length 0
19:52:42.366478 IP (tos 0x80, ttl 123, id 0, offset 0, flags [DF], proto TCP (6), length 60)
    142.250.183.36.443 > 192.168.1.194.49806: Flags [S.], cksum 0xb1d4 (correct), seq 2058555209, ack 1825774636, win 65535, options [mss 1412,sackOK,TS val 152880102 ecr 4259310488,nop,wscale 8], length 0
19:52:42.366544 IP (tos 0x0, ttl 64, id 34126, offset 0, flags [DF], proto TCP (6), length 52)
    192.168.1.194.49806 > 142.250.183.36.443: Flags [.], cksum 0x08b0 (incorrect -> 0xde53), seq 1, ack 1, win 502, options [nop,nop,TS val 4259310528 ecr 152880102], length 0
19:52:42.369061 IP (tos 0x0, ttl 64, id 34127, offset 0, flags [DF], proto TCP (6), length 1951)
    192.168.1.194.49806 > 142.250.183.36.443: Flags [P.], cksum 0x101b (incorrect -> 0x4b70), seq 1:1900, ack 1, win 502, options [nop,nop,TS val 4259310530 ecr 152880102], length 1899
19:52:42.398914 IP (tos 0x80, ttl 123, id 6256, offset 0, flags [none], proto TCP (6), length 52)
    142.250.183.36.443 > 192.168.1.194.49804: Flags [.], cksum 0x3a9e (correct), seq 10309, ack 2465, win 1044, options [nop,nop,TS val 36250908 ecr 4259310519], length 0
19:52:42.409210 IP (tos 0x80, ttl 123, id 9712, offset 0, flags [none], proto TCP (6), length 52)
    142.250.183.36.443 > 192.168.1.194.49806: Flags [.], cksum 0xd49e (correct), seq 1, ack 1900, win 1043, options [nop,nop,TS val 152880145 ecr 4259310530], length 0
19:52:42.410888 IP (tos 0x80, ttl 123, id 9713, offset 0, flags [none], proto TCP (6), length 1452)
    142.250.183.36.443 > 192.168.1.194.49806: Flags [.], cksum 0x1b0d (correct), seq 1:1401, ack 1900, win 1043, options [nop,nop,TS val 152880147 ecr 4259310530], length 1400
19:52:42.410916 IP (tos 0x0, ttl 64, id 34129, offset 0, flags [DF], proto TCP (6), length 52)
    192.168.1.194.49806 > 142.250.183.36.443: Flags [.], cksum 0x08b0 (incorrect -> 0xd121), seq 1900, ack 1401, win 492, options [nop,nop,TS val 4259310572 ecr 152880147], length 0
19:52:42.411474 IP (tos 0x80, ttl 123, id 9714, offset 0, flags [none], proto TCP (6), length 1452)
    142.250.183.36.443 > 192.168.1.194.49806: Flags [P.], cksum 0x3810 (correct), seq 1401:2801, ack 1900, win 1043, options [nop,nop,TS val 152880147 ecr 4259310530], length 1400
19:52:42.411476 IP (tos 0x80, ttl 123, id 9715, offset 0, flags [none], proto TCP (6), length 2441)
    142.250.183.36.443 > 192.168.1.194.49806: Flags [P.], cksum 0x1205 (incorrect -> 0x2961), seq 2801:5190, ack 1900, win 1043, options [nop,nop,TS val 152880147 ecr 4259310530], length 2389
19:52:42.411494 IP (tos 0x0, ttl 64, id 34130, offset 0, flags [DF], proto TCP (6), length 52)
    192.168.1.194.49806 > 142.250.183.36.443: Flags [.], cksum 0x08b0 (incorrect -> 0xcbb2), seq 1900, ack 2801, win 482, options [nop,nop,TS val 4259310573 ecr 152880147], length 0
19:52:42.411508 IP (tos 0x0, ttl 64, id 34131, offset 0, flags [DF], proto TCP (6), length 52)
    192.168.1.194.49806 > 142.250.183.36.443: Flags [.], cksum 0x08b0 (incorrect -> 0xc26f), seq 1900, ack 5190, win 464, options [nop,nop,TS val 4259310573 ecr 152880147], length 0
19:52:42.412628 IP (tos 0x0, ttl 64, id 34132, offset 0, flags [DF], proto TCP (6), length 116)
    192.168.1.194.49806 > 142.250.183.36.443: Flags [P.], cksum 0x08f0 (incorrect -> 0xe997), seq 1900:1964, ack 5190, win 464, options [nop,nop,TS val 4259310574 ecr 152880147], length 64
19:52:42.412927 IP (tos 0x0, ttl 64, id 34133, offset 0, flags [DF], proto TCP (6), length 144)
    192.168.1.194.49806 > 142.250.183.36.443: Flags [P.], cksum 0x090c (incorrect -> 0xb18b), seq 1964:2056, ack 5190, win 464, options [nop,nop,TS val 4259310574 ecr 152880147], length 92
19:52:42.441905 IP (tos 0x0, ttl 64, id 20822, offset 0, flags [DF], proto TCP (6), length 87)
    192.168.1.194.49804 > 142.250.183.36.443: Flags [P.], cksum 0x08d3 (incorrect -> 0x31af), seq 2465:2500, ack 10309, win 425, options [nop,nop,TS val 4259310603 ecr 36250908], length 35
19:52:42.448696 IP (tos 0x80, ttl 123, id 9717, offset 0, flags [none], proto TCP (6), length 52)
    142.250.183.36.443 > 192.168.1.194.49806: Flags [.], cksum 0xbf69 (correct), seq 5190, ack 2056, win 1043, options [nop,nop,TS val 152880185 ecr 4259310574], length 0
19:52:42.449221 IP (tos 0x80, ttl 123, id 9718, offset 0, flags [none], proto TCP (6), length 668)
    142.250.183.36.443 > 192.168.1.194.49806: Flags [P.], cksum 0x773d (correct), seq 5190:5806, ack 2056, win 1043, options [nop,nop,TS val 152880185 ecr 4259310574], length 616
19:52:42.449221 IP (tos 0x80, ttl 123, id 9719, offset 0, flags [none], proto TCP (6), length 83)
    142.250.183.36.443 > 192.168.1.194.49806: Flags [P.], cksum 0xc27d (correct), seq 5806:5837, ack 2056, win 1043, options [nop,nop,TS val 152880185 ecr 4259310574], length 31
19:52:42.449653 IP (tos 0x0, ttl 64, id 34134, offset 0, flags [DF], proto TCP (6), length 83)
    192.168.1.194.49806 > 142.250.183.36.443: Flags [P.], cksum 0x08cf (incorrect -> 0xe311), seq 2056:2087, ack 5837, win 459, options [nop,nop,TS val 4259310611 ecr 152880185], length 31
19:52:42.453865 IP (tos 0x0, ttl 108, id 61243, offset 0, flags [DF], proto TCP (6), length 52)
    20.189.173.2.443 > 192.168.1.194.41516: Flags [.], cksum 0x6b3a (correct), seq 238, ack 76371, win 16386, options [nop,nop,TS val 7305597 ecr 989471511], length 0
19:52:42.453917 IP (tos 0x0, ttl 64, id 9470, offset 0, flags [DF], proto TCP (6), length 2908)
    192.168.1.194.41516 > 20.189.173.2.443: Flags [P.], cksum 0x8f78 (incorrect -> 0x3497), seq 106359:109215, ack 238, win 450, options [nop,nop,TS val 989471766 ecr 7305597], length 2856
19:52:42.453930 IP (tos 0x0, ttl 64, id 9472, offset 0, flags [DF], proto TCP (6), length 2908)
    192.168.1.194.41516 > 20.189.173.2.443: Flags [P.], cksum 0x8f78 (incorrect -> 0x5849), seq 109215:112071, ack 238, win 450, options [nop,nop,TS val 989471766 ecr 7305597], length 2856
19:52:42.454368 IP (tos 0x0, ttl 108, id 61244, offset 0, flags [DF], proto TCP (6), length 52)
    20.189.173.2.443 > 192.168.1.194.41516: Flags [.], cksum 0x5a7d (correct), seq 238, ack 80655, win 16386, options [nop,nop,TS val 7305598 ecr 989471511], length 0
19:52:42.455448 IP (tos 0x0, ttl 64, id 9474, offset 0, flags [DF], proto TCP (6), length 2908)
    192.168.1.194.41516 > 20.189.173.2.443: Flags [P.], cksum 0x8f78 (incorrect -> 0xced2), seq 112071:114927, ack 238, win 450, options [nop,nop,TS val 989471768 ecr 7305598], length 2856
19:52:42.456032 IP (tos 0x0, ttl 64, id 9476, offset 0, flags [DF], proto TCP (6), length 2908)
    192.168.1.194.41516 > 20.189.173.2.443: Flags [P.], cksum 0x8f78 (incorrect -> 0x29d2), seq 114927:117783, ack 238, win 450, options [nop,nop,TS val 989471768 ecr 7305598], length 2856
19:52:42.457395 IP (tos 0x0, ttl 108, id 61245, offset 0, flags [DF], proto TCP (6), length 52)
    20.189.173.2.443 > 192.168.1.194.41516: Flags [.], cksum 0x54ed (correct), seq 238, ack 82083, win 16380, options [nop,nop,TS val 7305599 ecr 989471512], length 0
19:52:42.457395 IP (tos 0x0, ttl 108, id 61246, offset 0, flags [DF], proto TCP (6), length 52)
    20.189.173.2.443 > 192.168.1.194.41516: Flags [.], cksum 0x3e97 (correct), seq 238, ack 87795, win 16386, options [nop,nop,TS val 7305599 ecr 989471512], length 0
19:52:42.458373 IP (tos 0x0, ttl 108, id 61247, offset 0, flags [DF], proto TCP (6), length 52)
    20.189.173.2.443 > 192.168.1.194.41516: Flags [.], cksum 0x336e (correct), seq 238, ack 90651, win 16386, options [nop,nop,TS val 7305600 ecr 989471512], length 0
19:52:42.458373 IP (tos 0x0, ttl 108, id 61248, offset 0, flags [DF], proto TCP (6), length 52)
    20.189.173.2.443 > 192.168.1.194.41516: Flags [.], cksum 0x22b2 (correct), seq 238, ack 94935, win 16386, options [nop,nop,TS val 7305600 ecr 989471512], length 0
19:52:42.458373 IP (tos 0x0, ttl 108, id 61249, offset 0, flags [DF], proto TCP (6), length 52)
    20.189.173.2.443 > 192.168.1.194.41516: Flags [.], cksum 0x1d23 (correct), seq 238, ack 96363, win 16380, options [nop,nop,TS val 7305600 ecr 989471513], length 0
19:52:42.458373 IP (tos 0x0, ttl 108, id 61250, offset 0, flags [DF], proto TCP (6), length 52)
    20.189.173.2.443 > 192.168.1.194.41516: Flags [.], cksum 0x11f5 (correct), seq 238, ack 99219, win 16386, options [nop,nop,TS val 7305600 ecr 989471513], length 0
19:52:42.458373 IP (tos 0x0, ttl 108, id 61251, offset 0, flags [DF], proto TCP (6), length 52)
    20.189.173.2.443 > 192.168.1.194.41516: Flags [.], cksum 0x06cc (correct), seq 238, ack 102075, win 16386, options [nop,nop,TS val 7305600 ecr 989471514], length 0
19:52:42.458374 IP (tos 0x0, ttl 108, id 61252, offset 0, flags [DF], proto TCP (6), length 52)
    20.189.173.2.443 > 192.168.1.194.41516: Flags [.], cksum 0xf60f (correct), seq 238, ack 106359, win 16386, options [nop,nop,TS val 7305600 ecr 989471514], length 0
19:52:42.459521 IP (tos 0x0, ttl 64, id 9478, offset 0, flags [DF], proto TCP (6), length 1460)
    192.168.1.194.41516 > 20.189.173.2.443: Flags [P.], cksum 0x89d0 (incorrect -> 0xdbe6), seq 117783:119191, ack 238, win 450, options [nop,nop,TS val 989471772 ecr 7305600], length 1408
19:52:42.480846 IP (tos 0x80, ttl 123, id 6257, offset 0, flags [none], proto TCP (6), length 52)
    142.250.183.36.443 > 192.168.1.194.49804: Flags [.], cksum 0x39d7 (correct), seq 10309, ack 2500, win 1044, options [nop,nop,TS val 36250988 ecr 4259310603], length 0
19:52:42.490930 IP (tos 0x80, ttl 123, id 9720, offset 0, flags [none], proto TCP (6), length 52)
    142.250.183.36.443 > 192.168.1.194.49806: Flags [.], cksum 0xbc74 (correct), seq 5837, ack 2087, win 1043, options [nop,nop,TS val 152880227 ecr 4259310611], length 0
19:52:42.502058 IP (tos 0x0, ttl 64, id 20823, offset 0, flags [DF], proto TCP (6), length 147)
    192.168.1.194.49804 > 142.250.183.36.443: Flags [P.], cksum 0x090f (incorrect -> 0x3e71), seq 2500:2595, ack 10309, win 425, options [nop,nop,TS val 4259310663 ecr 36250988], length 95
19:52:42.539762 IP (tos 0x80, ttl 123, id 6258, offset 0, flags [none], proto TCP (6), length 52)
    142.250.183.36.443 > 192.168.1.194.49804: Flags [.], cksum 0x38ff (correct), seq 10309, ack 2595, win 1044, options [nop,nop,TS val 36251049 ecr 4259310663], length 0
19:52:42.570218 IP (tos 0x0, ttl 64, id 2163, offset 0, flags [DF], proto TCP (6), length 52)
    192.168.1.194.57330 > 3.6.98.232.80: Flags [.], cksum 0x287f (incorrect -> 0x65e3), seq 0, ack 1, win 501, options [nop,nop,TS val 4263798819 ecr 3144054024], length 0
19:52:42.570261 IP (tos 0x0, ttl 64, id 37359, offset 0, flags [DF], proto TCP (6), length 52)
    192.168.1.194.41786 > 3.6.30.85.80: Flags [.], cksum 0xe3eb (incorrect -> 0x2e07), seq 0, ack 1, win 501, options [nop,nop,TS val 3269356949 ecr 1456750528], length 0
19:52:42.609814 IP (tos 0x0, ttl 120, id 61070, offset 0, flags [DF], proto TCP (6), length 52)
    3.6.98.232.80 > 192.168.1.194.57330: Flags [.], cksum 0x7b55 (correct), seq 1, ack 1, win 442, options [nop,nop,TS val 3144055080 ecr 4263792331], length 0
19:52:42.610786 IP (tos 0x0, ttl 120, id 18060, offset 0, flags [DF], proto TCP (6), length 52)
    3.6.30.85.80 > 192.168.1.194.41786: Flags [.], cksum 0x30b7 (correct), seq 1, ack 1, win 2098, options [nop,nop,TS val 1456751580 ecr 3269353611], length 0
19:52:42.636801 IP (tos 0x80, ttl 123, id 6259, offset 0, flags [none], proto TCP (6), length 280)
    142.250.183.36.443 > 192.168.1.194.49804: Flags [P.], cksum 0xabfb (correct), seq 10309:10537, ack 2595, win 1044, options [nop,nop,TS val 36251141 ecr 4259310663], length 228
19:52:42.636802 IP (tos 0x80, ttl 123, id 6260, offset 0, flags [none], proto TCP (6), length 463)
    142.250.183.36.443 > 192.168.1.194.49804: Flags [P.], cksum 0xa7e2 (correct), seq 10537:10948, ack 2595, win 1044, options [nop,nop,TS val 36251141 ecr 4259310663], length 411
19:52:42.636802 IP (tos 0x80, ttl 123, id 6261, offset 0, flags [none], proto TCP (6), length 84)
    142.250.183.36.443 > 192.168.1.194.49804: Flags [P.], cksum 0xcde2 (correct), seq 10948:10980, ack 2595, win 1044, options [nop,nop,TS val 36251142 ecr 4259310663], length 32
19:52:42.636919 IP (tos 0x80, ttl 123, id 6262, offset 0, flags [none], proto TCP (6), length 83)
    142.250.183.36.443 > 192.168.1.194.49804: Flags [P.], cksum 0x12d8 (correct), seq 10980:11011, ack 2595, win 1044, options [nop,nop,TS val 36251142 ecr 4259310663], length 31
19:52:42.636919 IP (tos 0x80, ttl 123, id 6263, offset 0, flags [none], proto TCP (6), length 91)
    142.250.183.36.443 > 192.168.1.194.49804: Flags [P.], cksum 0xd3a6 (correct), seq 11011:11050, ack 2595, win 1044, options [nop,nop,TS val 36251142 ecr 4259310663], length 39
19:52:42.637162 IP (tos 0x0, ttl 64, id 20824, offset 0, flags [DF], proto TCP (6), length 52)
    192.168.1.194.49804 > 142.250.183.36.443: Flags [.], cksum 0x08b0 (incorrect -> 0x37a7), seq 2595, ack 11050, win 420, options [nop,nop,TS val 4259310798 ecr 36251141], length 0
19:52:42.637214 IP (tos 0x0, ttl 64, id 20825, offset 0, flags [DF], proto TCP (6), length 91)
    192.168.1.194.49804 > 142.250.183.36.443: Flags [P.], cksum 0x08d7 (incorrect -> 0xda50), seq 2595:2634, ack 11050, win 420, options [nop,nop,TS val 4259310799 ecr 36251141], length 39
19:52:42.674937 IP (tos 0x80, ttl 123, id 6264, offset 0, flags [none], proto TCP (6), length 52)
    142.250.183.36.443 > 192.168.1.194.49804: Flags [.], cksum 0x34e4 (correct), seq 11050, ack 2634, win 1044, options [nop,nop,TS val 36251184 ecr 4259310799], length 0
19:52:42.709513 IP (tos 0x0, ttl 108, id 61253, offset 0, flags [DF], proto TCP (6), length 52)
    20.189.173.2.443 > 192.168.1.194.41516: Flags [.], cksum 0xe8ef (correct), seq 238, ack 109215, win 16386, options [nop,nop,TS val 7305852 ecr 989471766], length 0
19:52:42.710308 IP (tos 0x0, ttl 108, id 61254, offset 0, flags [DF], proto TCP (6), length 52)
    20.189.173.2.443 > 192.168.1.194.41516: Flags [.], cksum 0xddc6 (correct), seq 238, ack 112071, win 16386, options [nop,nop,TS val 7305853 ecr 989471766], length 0
19:52:42.721265 IP (tos 0x0, ttl 108, id 61255, offset 0, flags [DF], proto TCP (6), length 52)
    20.189.173.2.443 > 192.168.1.194.41516: Flags [.], cksum 0xc1e9 (correct), seq 238, ack 119191, win 16386, options [nop,nop,TS val 7305864 ecr 989471768], length 0
19:52:42.762286 IP (tos 0x0, ttl 64, id 29065, offset 0, flags [DF], proto TCP (6), length 52)
    192.168.1.194.59792 > 3.6.122.107.80: Flags [.], cksum 0x4002 (incorrect -> 0xf55a), seq 0, ack 1, win 501, options [nop,nop,TS val 216315958 ecr 1119265539], length 0
19:52:42.772291 IP (tos 0x0, ttl 64, id 30129, offset 0, flags [DF], proto TCP (6), length 52)
    192.168.1.194.38390 > 3.6.115.64.80: Flags [.], cksum 0x38d7 (incorrect -> 0xae7e), seq 0, ack 1, win 501, options [nop,nop,TS val 3328446999 ecr 2971011247], length 0
19:52:42.776518 IP (tos 0x0, ttl 108, id 61256, offset 0, flags [DF], proto TCP (6), length 152)
    20.189.173.2.443 > 192.168.1.194.41516: Flags [P.], cksum 0x4dce (correct), seq 238:338, ack 119191, win 16386, options [nop,nop,TS val 7305920 ecr 989471768], length 100
19:52:42.778206 IP (tos 0x0, ttl 64, id 18392, offset 0, flags [DF], proto TCP (6), length 52)
    192.168.1.194.34916 > 3.6.30.85.80: Flags [.], cksum 0xe3eb (incorrect -> 0x6c5d), seq 0, ack 1, win 501, options [nop,nop,TS val 3269357157 ecr 1456750752], length 0
19:52:42.796595 IP (tos 0x0, ttl 114, id 61867, offset 0, flags [DF], proto TCP (6), length 52)
    3.6.122.107.80 > 192.168.1.194.59792: Flags [.], cksum 0x01c0 (correct), seq 1, ack 1, win 448, options [nop,nop,TS val 1119266592 ecr 216311784], length 0
19:52:42.806850 IP (tos 0x0, ttl 120, id 3803, offset 0, flags [DF], proto TCP (6), length 52)
    3.6.115.64.80 > 192.168.1.194.38390: Flags [.], cksum 0xd744 (correct), seq 1, ack 1, win 2383, options [nop,nop,TS val 2971012281 ecr 3328433644], length 0
19:52:42.818200 IP (tos 0x0, ttl 120, id 57344, offset 0, flags [DF], proto TCP (6), length 52)
    3.6.30.85.80 > 192.168.1.194.34916: Flags [.], cksum 0x96d7 (correct), seq 1, ack 1, win 442, options [nop,nop,TS val 1456751792 ecr 3269345301], length 0
19:52:42.818253 IP (tos 0x0, ttl 64, id 9479, offset 0, flags [DF], proto TCP (6), length 52)
    192.168.1.194.41516 > 20.189.173.2.443: Flags [.], cksum 0x8450 (incorrect -> 0xfe22), seq 119191, ack 338, win 450, options [nop,nop,TS val 989472131 ecr 7305920], length 0
19:52:42.833728 IP (tos 0x0, ttl 64, id 12926, offset 0, flags [DF], proto TCP (6), length 82)
    192.168.1.194.36864 > 34.248.243.9.443: Flags [P.], cksum 0xd8b0 (incorrect -> 0xf774), seq 55:85, ack 1, win 501, options [nop,nop,TS val 306618140 ecr 4100907272], length 30
19:52:42.840386 IP (tos 0x0, ttl 64, id 6395, offset 0, flags [none], proto UDP (17), length 72)
    192.168.1.194.43830 > 192.168.1.1.53: [bad udp cksum 0x8459 -> 0xdc2a!] 30590+ [1au] HTTPS? www.gstatic.com. ar: . OPT UDPsize=1472 (44)
19:52:42.840598 IP (tos 0x0, ttl 64, id 11603, offset 0, flags [none], proto UDP (17), length 71)
    192.168.1.194.57427 > 192.168.1.1.53: [bad udp cksum 0x8458 -> 0xf959!] 10659+ [1au] HTTPS? www.google.com. ar: . OPT UDPsize=1472 (43)
19:52:42.840760 IP (tos 0x0, ttl 64, id 29936, offset 0, flags [none], proto UDP (17), length 83)
    192.168.1.194.54811 > 192.168.1.1.53: [bad udp cksum 0x8464 -> 0xe945!] 51397+ [1au] HTTPS? encrypted-tbn0.gstatic.com. ar: . OPT UDPsize=1472 (55)
19:52:42.840907 IP (tos 0x0, ttl 64, id 54012, offset 0, flags [none], proto UDP (17), length 72)
    192.168.1.194.49198 > 192.168.1.1.53: [bad udp cksum 0x8459 -> 0xcbf3!] 45757+ [1au] A? www.gstatic.com. ar: . OPT UDPsize=1472 (44)
19:52:42.841045 IP (tos 0x0, ttl 64, id 37206, offset 0, flags [none], proto UDP (17), length 72)
    192.168.1.194.36773 > 192.168.1.1.53: [bad udp cksum 0x8459 -> 0x58d9!] 15201+ [1au] AAAA? www.gstatic.com. ar: . OPT UDPsize=1472 (44)
19:52:42.841525 IP (tos 0x0, ttl 64, id 47125, offset 0, flags [none], proto UDP (17), length 83)
    192.168.1.194.36298 > 192.168.1.1.53: [bad udp cksum 0x8464 -> 0x6f44!] 35672+ [1au] A? encrypted-tbn0.gstatic.com. ar: . OPT UDPsize=1472 (55)
19:52:42.841740 IP (tos 0x0, ttl 64, id 33600, offset 0, flags [none], proto UDP (17), length 83)
    192.168.1.194.40721 > 192.168.1.1.53: [bad udp cksum 0x8464 -> 0x4ca7!] 40083+ [1au] AAAA? encrypted-tbn0.gstatic.com. ar: . OPT UDPsize=1472 (55)
19:52:42.842824 IP (tos 0x0, ttl 64, id 34135, offset 0, flags [DF], proto TCP (6), length 677)
    192.168.1.194.49806 > 142.250.183.36.443: Flags [P.], cksum 0x0b21 (incorrect -> 0x290a), seq 2087:2712, ack 5837, win 459, options [nop,nop,TS val 4259311004 ecr 152880227], length 625
19:52:42.858857 IP (tos 0x0, ttl 64, id 14113, offset 0, flags [DF], proto UDP (17), length 143)
    192.168.1.1.53 > 192.168.1.194.54811: [udp sum ok] 51397 q: HTTPS? encrypted-tbn0.gstatic.com. 0/1/1 ns: gstatic.com. [28s] SOA ns1.google.com. dns-admin.google.com. 779718432 900 900 1800 60 ar: . OPT UDPsize=1232 (115)
19:52:42.859958 IP (tos 0x0, ttl 64, id 14114, offset 0, flags [DF], proto UDP (17), length 99)
    192.168.1.1.53 > 192.168.1.194.36298: [udp sum ok] 35672 q: A? encrypted-tbn0.gstatic.com. 1/0/1 encrypted-tbn0.gstatic.com. [55s] A 142.251.221.238 ar: . OPT UDPsize=1232 (71)
19:52:42.859959 IP (tos 0x0, ttl 64, id 14117, offset 0, flags [DF], proto UDP (17), length 88)
    192.168.1.1.53 > 192.168.1.194.49198: [udp sum ok] 45757 q: A? www.gstatic.com. 1/0/1 www.gstatic.com. [2m33s] A 142.250.67.227 ar: . OPT UDPsize=1232 (60)
19:52:42.859985 IP (tos 0x0, ttl 64, id 14115, offset 0, flags [DF], proto UDP (17), length 111)
    192.168.1.1.53 > 192.168.1.194.40721: [udp sum ok] 40083 q: AAAA? encrypted-tbn0.gstatic.com. 1/0/1 encrypted-tbn0.gstatic.com. [51s] AAAA 2404:6800:4009:810::200e ar: . OPT UDPsize=1232 (83)
19:52:42.859985 IP (tos 0x0, ttl 64, id 14116, offset 0, flags [DF], proto UDP (17), length 140)
    192.168.1.1.53 > 192.168.1.194.57427: [udp sum ok] 10659 q: HTTPS? www.google.com. 1/0/3 www.google.com. [2h53m28s] HTTPS ar: www.google.com. [3m14s] A 142.250.183.36, www.google.com. [21s] AAAA 2404:6800:4009:80c::2004, . OPT UDPsize=1232 (112)
19:52:42.879303 IP (tos 0x80, ttl 123, id 9721, offset 0, flags [none], proto TCP (6), length 52)
    142.250.183.36.443 > 192.168.1.194.49806: Flags [.], cksum 0xb6f8 (correct), seq 5837, ack 2712, win 1041, options [nop,nop,TS val 152880615 ecr 4259311004], length 0
19:52:42.893599 IP (tos 0x0, ttl 64, id 14124, offset 0, flags [DF], proto UDP (17), length 100)
    192.168.1.1.53 > 192.168.1.194.36773: [udp sum ok] 15201 q: AAAA? www.gstatic.com. 1/0/1 www.gstatic.com. [3m58s] AAAA 2404:6800:4009:82f::2003 ar: . OPT UDPsize=1232 (72)
19:52:42.894749 IP (tos 0x0, ttl 64, id 14125, offset 0, flags [DF], proto UDP (17), length 132)
    192.168.1.1.53 > 192.168.1.194.43830: [udp sum ok] 30590 q: HTTPS? www.gstatic.com. 0/1/1 ns: gstatic.com. [31s] SOA ns1.google.com. dns-admin.google.com. 779718432 900 900 1800 60 ar: . OPT UDPsize=1232 (104)
19:52:42.962207 IP (tos 0x0, ttl 64, id 43343, offset 0, flags [DF], proto TCP (6), length 52)
    192.168.1.194.57250 > 3.6.115.182.80: Flags [.], cksum 0x394d (incorrect -> 0x7cdc), seq 0, ack 1, win 501, options [nop,nop,TS val 4240579026 ecr 36383929], length 0
19:52:42.962245 IP (tos 0x0, ttl 64, id 6765, offset 0, flags [DF], proto TCP (6), length 52)
    192.168.1.194.60774 > 3.6.30.85.80: Flags [.], cksum 0xe3eb (incorrect -> 0x5461), seq 0, ack 1, win 501, options [nop,nop,TS val 3269357341 ecr 1456750897], length 0
19:52:42.966195 IP (tos 0x0, ttl 64, id 42241, offset 0, flags [DF], proto TCP (6), length 52)
    192.168.1.194.53220 > 3.6.115.182.80: Flags [.], cksum 0x394d (incorrect -> 0xdf21), seq 0, ack 1, win 501, options [nop,nop,TS val 4240579030 ecr 36383971], length 0
19:52:42.994499 IP (tos 0x0, ttl 120, id 8870, offset 0, flags [DF], proto TCP (6), length 52)
    3.6.115.182.80 > 192.168.1.194.57250: Flags [.], cksum 0x91d3 (correct), seq 1, ack 1, win 3646, options [nop,nop,TS val 36385001 ecr 4240569441], length 0
19:52:42.994891 IP (tos 0x0, ttl 120, id 59736, offset 0, flags [DF], proto TCP (6), length 52)
    3.6.30.85.80 > 192.168.1.194.60774: Flags [.], cksum 0x7134 (correct), seq 1, ack 1, win 2168, options [nop,nop,TS val 1456751969 ecr 3269347222], length 0
19:52:43.003266 IP (tos 0x0, ttl 120, id 52625, offset 0, flags [DF], proto TCP (6), length 52)
    3.6.115.182.80 > 192.168.1.194.53220: Flags [.], cksum 0xe36c (correct), seq 1, ack 1, win 2239, options [nop,nop,TS val 36385008 ecr 4240575155], length 0
19:52:43.014930 IP (tos 0x0, ttl 240, id 26567, offset 0, flags [DF], proto TCP (6), length 52)
    34.248.243.9.443 > 192.168.1.194.36864: Flags [.], cksum 0xde82 (correct), seq 1, ack 85, win 425, options [nop,nop,TS val 4100909768 ecr 306618140], length 0
19:52:43.015237 IP (tos 0x0, ttl 240, id 26568, offset 0, flags [DF], proto TCP (6), length 78)
    34.248.243.9.443 > 192.168.1.194.36864: Flags [P.], cksum 0xac07 (correct), seq 1:27, ack 85, win 425, options [nop,nop,TS val 4100909769 ecr 306618140], length 26
19:52:43.015238 IP (tos 0x0, ttl 240, id 26569, offset 0, flags [DF], proto TCP (6), length 76)
    34.248.243.9.443 > 192.168.1.194.36864: Flags [P.], cksum 0x8cde (correct), seq 27:51, ack 85, win 425, options [nop,nop,TS val 4100909769 ecr 306618140], length 24
19:52:43.015389 IP (tos 0x0, ttl 64, id 12927, offset 0, flags [DF], proto TCP (6), length 52)
    192.168.1.194.36864 > 34.248.243.9.443: Flags [.], cksum 0xd892 (incorrect -> 0xdd4d), seq 85, ack 51, win 501, options [nop,nop,TS val 306618322 ecr 4100909769], length 0
19:52:43.015485 IP (tos 0x0, ttl 64, id 12928, offset 0, flags [DF], proto TCP (6), length 76)
    192.168.1.194.36864 > 34.248.243.9.443: Flags [P.], cksum 0xd8aa (incorrect -> 0x6075), seq 85:109, ack 51, win 501, options [nop,nop,TS val 306618322 ecr 4100909769], length 24
19:52:43.015505 IP (tos 0x0, ttl 64, id 12929, offset 0, flags [DF], proto TCP (6), length 52)
    192.168.1.194.36864 > 34.248.243.9.443: Flags [F.], cksum 0xd892 (incorrect -> 0xdd34), seq 109, ack 51, win 501, options [nop,nop,TS val 306618322 ecr 4100909769], length 0
19:52:43.015675 IP (tos 0x0, ttl 240, id 26570, offset 0, flags [DF], proto TCP (6), length 52)
    34.248.243.9.443 > 192.168.1.194.36864: Flags [F.], cksum 0xde4e (correct), seq 51, ack 85, win 425, options [nop,nop,TS val 4100909769 ecr 306618140], length 0
19:52:43.015685 IP (tos 0x0, ttl 64, id 12930, offset 0, flags [DF], proto TCP (6), length 52)
    192.168.1.194.36864 > 34.248.243.9.443: Flags [.], cksum 0xd892 (incorrect -> 0xdd33), seq 110, ack 52, win 501, options [nop,nop,TS val 306618322 ecr 4100909769], length 0
19:52:43.023712 IP (tos 0x0, ttl 64, id 14904, offset 0, flags [DF], proto TCP (6), length 103)
    192.168.1.194.58080 > 52.123.164.85.443: Flags [P.], cksum 0x9b94 (incorrect -> 0x9551), seq 1672115704:1672115755, ack 1518801267, win 451, options [nop,nop,TS val 3625635645 ecr 1006276980], length 51
19:52:43.062165 IP (tos 0x0, ttl 115, id 29304, offset 0, flags [DF], proto TCP (6), length 92)
    52.123.164.85.443 > 192.168.1.194.58080: Flags [P.], cksum 0x5c91 (correct), seq 1:41, ack 51, win 16384, options [nop,nop,TS val 1006291512 ecr 3625635645], length 40
19:52:43.062207 IP (tos 0x0, ttl 64, id 14905, offset 0, flags [DF], proto TCP (6), length 52)
    192.168.1.194.58080 > 52.123.164.85.443: Flags [.], cksum 0x9b61 (incorrect -> 0x0179), seq 51, ack 41, win 451, options [nop,nop,TS val 3625635684 ecr 1006291512], length 0
19:52:43.070952 IP (tos 0x80, ttl 123, id 9722, offset 0, flags [none], proto TCP (6), length 625)
    142.250.183.36.443 > 192.168.1.194.49806: Flags [P.], cksum 0x4ff8 (correct), seq 5837:6410, ack 2712, win 1041, options [nop,nop,TS val 152880807 ecr 4259311004], length 573
19:52:43.071940 IP (tos 0x80, ttl 123, id 9723, offset 0, flags [none], proto TCP (6), length 1452)
    142.250.183.36.443 > 192.168.1.194.49806: Flags [P.], cksum 0xabd6 (correct), seq 6410:7810, ack 2712, win 1041, options [nop,nop,TS val 152880807 ecr 4259311004], length 1400
19:52:43.072082 IP (tos 0x0, ttl 64, id 34136, offset 0, flags [DF], proto TCP (6), length 52)
    192.168.1.194.49806 > 142.250.183.36.443: Flags [.], cksum 0x08b0 (incorrect -> 0xaff3), seq 2712, ack 7810, win 444, options [nop,nop,TS val 4259311233 ecr 152880807], length 0
19:52:43.073536 IP (tos 0x80, ttl 123, id 9724, offset 0, flags [none], proto TCP (6), length 1452)
    142.250.183.36.443 > 192.168.1.194.49806: Flags [P.], cksum 0xeec3 (correct), seq 7810:9210, ack 2712, win 1041, options [nop,nop,TS val 152880807 ecr 4259311004], length 1400
19:52:43.073539 IP (tos 0x80, ttl 123, id 9725, offset 0, flags [none], proto TCP (6), length 1452)
    142.250.183.36.443 > 192.168.1.194.49806: Flags [P.], cksum 0x4cd4 (correct), seq 9210:10610, ack 2712, win 1041, options [nop,nop,TS val 152880807 ecr 4259311004], length 1400
19:52:43.073539 IP (tos 0x80, ttl 123, id 9726, offset 0, flags [none], proto TCP (6), length 420)
    142.250.183.36.443 > 192.168.1.194.49806: Flags [P.], cksum 0x57c3 (correct), seq 10610:10978, ack 2712, win 1041, options [nop,nop,TS val 152880808 ecr 4259311004], length 368
19:52:43.073655 IP (tos 0x0, ttl 64, id 34137, offset 0, flags [DF], proto TCP (6), length 52)
    192.168.1.194.49806 > 142.250.183.36.443: Flags [.], cksum 0x08b0 (incorrect -> 0xa3a9), seq 2712, ack 10978, win 420, options [nop,nop,TS val 4259311235 ecr 152880807], length 0
19:52:43.102023 IP (tos 0x0, ttl 64, id 59488, offset 0, flags [DF], proto TCP (6), length 87)
    192.168.1.194.34566 > 54.81.186.169.443: Flags [P.], cksum 0xb3ae (incorrect -> 0x2a81), seq 71:106, ack 95, win 501, options [nop,nop,TS val 3410102765 ecr 3995987867], length 35
19:52:43.102067 IP (tos 0x0, ttl 64, id 57230, offset 0, flags [DF], proto TCP (6), length 87)
    192.168.1.194.60328 > 35.174.210.7.443: Flags [P.], cksum 0xb869 (incorrect -> 0xaf10), seq 868:903, ack 193, win 458, options [nop,nop,TS val 3348734190 ecr 1907041274], length 35
19:52:43.165608 IP (tos 0x80, ttl 123, id 9727, offset 0, flags [none], proto TCP (6), length 1452)
    142.250.183.36.443 > 192.168.1.194.49806: Flags [P.], cksum 0x5cbb (correct), seq 10978:12378, ack 2712, win 1041, options [nop,nop,TS val 152880901 ecr 4259311235], length 1400
19:52:43.165609 IP (tos 0x80, ttl 123, id 9728, offset 0, flags [none], proto TCP (6), length 1452)
    142.250.183.36.443 > 192.168.1.194.49806: Flags [P.], cksum 0xecd7 (correct), seq 12378:13778, ack 2712, win 1041, options [nop,nop,TS val 152880901 ecr 4259311235], length 1400
19:52:43.165724 IP (tos 0x0, ttl 64, id 34138, offset 0, flags [DF], proto TCP (6), length 52)
    192.168.1.194.49806 > 142.250.183.36.443: Flags [.], cksum 0x08b0 (incorrect -> 0x9814), seq 2712, ack 13778, win 399, options [nop,nop,TS val 4259311327 ecr 152880901], length 0
19:52:43.167204 IP (tos 0x80, ttl 123, id 9729, offset 0, flags [none], proto TCP (6), length 2852)
    142.250.183.36.443 > 192.168.1.194.49806: Flags [P.], cksum 0x13a0 (incorrect -> 0xf566), seq 13778:16578, ack 2712, win 1041, options [nop,nop,TS val 152880902 ecr 4259311235], length 2800
19:52:43.167288 IP (tos 0x0, ttl 64, id 34139, offset 0, flags [DF], proto TCP (6), length 52)
    192.168.1.194.49806 > 142.250.183.36.443: Flags [.], cksum 0x08b0 (incorrect -> 0x8d36), seq 2712, ack 16578, win 378, options [nop,nop,TS val 4259311329 ecr 152880902], length 0
19:52:43.168775 IP (tos 0x80, ttl 123, id 9731, offset 0, flags [none], proto TCP (6), length 2852)
    142.250.183.36.443 > 192.168.1.194.49806: Flags [P.], cksum 0x13a0 (incorrect -> 0x1e9e), seq 16578:19378, ack 2712, win 1041, options [nop,nop,TS val 152880904 ecr 4259311235], length 2800
19:52:43.168862 IP (tos 0x0, ttl 64, id 34140, offset 0, flags [DF], proto TCP (6), length 52)
    192.168.1.194.49806 > 142.250.183.36.443: Flags [.], cksum 0x08b0 (incorrect -> 0x8258), seq 2712, ack 19378, win 357, options [nop,nop,TS val 4259311330 ecr 152880904], length 0
19:52:43.170176 IP (tos 0x80, ttl 123, id 9733, offset 0, flags [none], proto TCP (6), length 2852)
    142.250.183.36.443 > 192.168.1.194.49806: Flags [P.], cksum 0x13a0 (incorrect -> 0xe0d0), seq 19378:22178, ack 2712, win 1041, options [nop,nop,TS val 152880906 ecr 4259311235], length 2800
19:52:43.170242 IP (tos 0x0, ttl 64, id 34141, offset 0, flags [DF], proto TCP (6), length 52)
    192.168.1.194.49806 > 142.250.183.36.443: Flags [.], cksum 0x08b0 (incorrect -> 0x7779), seq 2712, ack 22178, win 336, options [nop,nop,TS val 4259311332 ecr 152880906], length 0
19:52:43.172089 IP (tos 0x80, ttl 123, id 9735, offset 0, flags [none], proto TCP (6), length 2852)
    142.250.183.36.443 > 192.168.1.194.49806: Flags [P.], cksum 0x13a0 (incorrect -> 0xc001), seq 22178:24978, ack 2712, win 1041, options [nop,nop,TS val 152880908 ecr 4259311235], length 2800
19:52:43.172160 IP (tos 0x0, ttl 64, id 34142, offset 0, flags [DF], proto TCP (6), length 52)
    192.168.1.194.49806 > 142.250.183.36.443: Flags [.], cksum 0x08b0 (incorrect -> 0x6c9b), seq 2712, ack 24978, win 315, options [nop,nop,TS val 4259311333 ecr 152880908], length 0
19:52:43.174956 IP (tos 0x80, ttl 123, id 9737, offset 0, flags [none], proto TCP (6), length 2234)
    142.250.183.36.443 > 192.168.1.194.49806: Flags [P.], cksum 0x1136 (incorrect -> 0x5a15), seq 24978:27160, ack 2712, win 1041, options [nop,nop,TS val 152880910 ecr 4259311235], length 2182
19:52:43.175045 IP (tos 0x0, ttl 64, id 34143, offset 0, flags [DF], proto TCP (6), length 52)
    192.168.1.194.49806 > 142.250.183.36.443: Flags [.], cksum 0x08b0 (incorrect -> 0x6421), seq 2712, ack 27160, win 298, options [nop,nop,TS val 4259311336 ecr 152880910], length 0
19:52:43.176122 IP (tos 0x0, ttl 64, id 58936, offset 0, flags [none], proto UDP (17), length 75)
    192.168.1.194.35893 > 192.168.1.1.53: [bad udp cksum 0x845c -> 0x99a8!] 2970+ [1au] HTTPS? csp.withgoogle.com. ar: . OPT UDPsize=1472 (47)
19:52:43.176243 IP (tos 0x0, ttl 64, id 540, offset 0, flags [none], proto UDP (17), length 75)
    192.168.1.194.58505 > 192.168.1.1.53: [bad udp cksum 0x845c -> 0xca9a!] 33427+ [1au] A? csp.withgoogle.com. ar: . OPT UDPsize=1472 (47)
19:52:43.176333 IP (tos 0x0, ttl 64, id 39587, offset 0, flags [none], proto UDP (17), length 75)
    192.168.1.194.39795 > 192.168.1.1.53: [bad udp cksum 0x845c -> 0x6055!] 13780+ [1au] AAAA? csp.withgoogle.com. ar: . OPT UDPsize=1472 (47)
19:52:43.182289 IP (tos 0x0, ttl 64, id 8090, offset 0, flags [DF], proto TCP (6), length 52)
    192.168.1.194.49294 > 3.6.115.64.80: Flags [.], cksum 0x38d7 (incorrect -> 0x7392), seq 0, ack 1, win 501, options [nop,nop,TS val 3328447409 ecr 2971011646], length 0
19:52:43.196818 IP (tos 0x0, ttl 240, id 0, offset 0, flags [DF], proto TCP (6), length 40)
    34.248.243.9.443 > 192.168.1.194.36864: Flags [R], cksum 0xcb30 (correct), seq 2364337563, win 0, length 0
19:52:43.197158 IP (tos 0x0, ttl 240, id 0, offset 0, flags [DF], proto TCP (6), length 40)
    34.248.243.9.443 > 192.168.1.194.36864: Flags [R], cksum 0xcb30 (correct), seq 2364337563, win 0, length 0
19:52:43.197159 IP (tos 0x0, ttl 240, id 0, offset 0, flags [DF], proto TCP (6), length 40)
    34.248.243.9.443 > 192.168.1.194.36864: Flags [R], cksum 0xcb30 (correct), seq 2364337563, win 0, length 0
19:52:43.197159 IP (tos 0x0, ttl 240, id 0, offset 0, flags [DF], proto TCP (6), length 40)
    34.248.243.9.443 > 192.168.1.194.36864: Flags [R], cksum 0xcb2f (correct), seq 2364337564, win 0, length 0
19:52:43.206438 IP (tos 0x80, ttl 123, id 9739, offset 0, flags [none], proto TCP (6), length 1452)
    142.250.183.36.443 > 192.168.1.194.49806: Flags [P.], cksum 0xda1c (correct), seq 27160:28560, ack 2712, win 1041, options [nop,nop,TS val 152880942 ecr 4259311330], length 1400
19:52:43.207982 IP (tos 0x80, ttl 123, id 9740, offset 0, flags [none], proto TCP (6), length 1452)
    142.250.183.36.443 > 192.168.1.194.49806: Flags [P.], cksum 0x92f7 (correct), seq 28560:29960, ack 2712, win 1041, options [nop,nop,TS val 152880943 ecr 4259311330], length 1400
19:52:43.208052 IP (tos 0x0, ttl 64, id 34144, offset 0, flags [DF], proto TCP (6), length 52)
    192.168.1.194.49806 > 142.250.183.36.443: Flags [.], cksum 0x08b0 (incorrect -> 0x5905), seq 2712, ack 29960, win 277, options [nop,nop,TS val 4259311369 ecr 152880942], length 0
19:52:43.208706 IP (tos 0x80, ttl 123, id 9741, offset 0, flags [none], proto TCP (6), length 2852)
    142.250.183.36.443 > 192.168.1.194.49806: Flags [P.], cksum 0x13a0 (incorrect -> 0x1baf), seq 29960:32760, ack 2712, win 1041, options [nop,nop,TS val 152880944 ecr 4259311330], length 2800
19:52:43.208723 IP (tos 0x0, ttl 64, id 34145, offset 0, flags [DF], proto TCP (6), length 52)
    192.168.1.194.49806 > 142.250.183.36.443: Flags [.], cksum 0x08b0 (incorrect -> 0x4e22), seq 2712, ack 32760, win 261, options [nop,nop,TS val 4259311370 ecr 152880944], length 0
19:52:43.210669 IP (tos 0x80, ttl 123, id 9743, offset 0, flags [none], proto TCP (6), length 2852)
    142.250.183.36.443 > 192.168.1.194.49806: Flags [P.], cksum 0x13a0 (incorrect -> 0xf0aa), seq 32760:35560, ack 2712, win 1041, options [nop,nop,TS val 152880946 ecr 4259311330], length 2800
19:52:43.210676 IP (tos 0x0, ttl 64, id 34146, offset 0, flags [DF], proto TCP (6), length 52)
    192.168.1.194.49806 > 142.250.183.36.443: Flags [.], cksum 0x08b0 (incorrect -> 0x432e), seq 2712, ack 35560, win 261, options [nop,nop,TS val 4259311372 ecr 152880946], length 0
19:52:43.213722 IP (tos 0x80, ttl 123, id 9745, offset 0, flags [none], proto TCP (6), length 1452)
    142.250.183.36.443 > 192.168.1.194.49806: Flags [.], cksum 0x4da2 (correct), seq 35560:36960, ack 2712, win 1041, options [nop,nop,TS val 152880947 ecr 4259311332], length 1400
19:52:43.213993 IP (tos 0x80, ttl 123, id 9746, offset 0, flags [none], proto TCP (6), length 1452)
    142.250.183.36.443 > 192.168.1.194.49806: Flags [P.], cksum 0x0ee1 (correct), seq 36960:38360, ack 2712, win 1041, options [nop,nop,TS val 152880947 ecr 4259311332], length 1400
19:52:43.213997 IP (tos 0x0, ttl 64, id 34147, offset 0, flags [DF], proto TCP (6), length 52)
    192.168.1.194.49806 > 142.250.183.36.443: Flags [.], cksum 0x08b0 (incorrect -> 0x3831), seq 2712, ack 38360, win 270, options [nop,nop,TS val 4259311375 ecr 152880947], length 0
19:52:43.214827 IP (tos 0x80, ttl 123, id 9747, offset 0, flags [none], proto TCP (6), length 2852)
    142.250.183.36.443 > 192.168.1.194.49806: Flags [P.], cksum 0x13a0 (incorrect -> 0x9b4a), seq 38360:41160, ack 2712, win 1041, options [nop,nop,TS val 152880949 ecr 4259311333], length 2800
19:52:43.214845 IP (tos 0x0, ttl 64, id 34148, offset 0, flags [DF], proto TCP (6), length 52)
    192.168.1.194.49806 > 142.250.183.36.443: Flags [.], cksum 0x08b0 (incorrect -> 0x2d47), seq 2712, ack 41160, win 261, options [nop,nop,TS val 4259311376 ecr 152880949], length 0
19:52:43.216754 IP (tos 0x80, ttl 123, id 9749, offset 0, flags [none], proto TCP (6), length 2703)
    142.250.183.36.443 > 192.168.1.194.49806: Flags [P.], cksum 0x130b (incorrect -> 0xade6), seq 41160:43811, ack 2712, win 1041, options [nop,nop,TS val 152880951 ecr 4259311333], length 2651
19:52:43.216759 IP (tos 0x0, ttl 64, id 34149, offset 0, flags [DF], proto TCP (6), length 52)
    192.168.1.194.49806 > 142.250.183.36.443: Flags [.], cksum 0x08b0 (incorrect -> 0x22e8), seq 2712, ack 43811, win 261, options [nop,nop,TS val 4259311378 ecr 152880951], length 0
19:52:43.218295 IP (tos 0x0, ttl 117, id 41662, offset 0, flags [DF], proto TCP (6), length 52)
    3.6.115.64.80 > 192.168.1.194.49294: Flags [.], cksum 0xaa7a (correct), seq 1, ack 1, win 442, options [nop,nop,TS val 2971012692 ecr 3328432365], length 0
19:52:43.226865 IP (tos 0x0, ttl 64, id 14364, offset 0, flags [DF], proto UDP (17), length 91)
    192.168.1.1.53 > 192.168.1.194.58505: [udp sum ok] 33427 q: A? csp.withgoogle.com. 1/0/1 csp.withgoogle.com. [3m45s] A 142.250.192.81 ar: . OPT UDPsize=1232 (63)
19:52:43.227218 IP (tos 0x0, ttl 64, id 14365, offset 0, flags [DF], proto UDP (17), length 103)
    192.168.1.1.53 > 192.168.1.194.39795: [udp sum ok] 13780 q: AAAA? csp.withgoogle.com. 1/0/1 csp.withgoogle.com. [1m19s] AAAA 2404:6800:4009:82f::2011 ar: . OPT UDPsize=512 (75)
19:52:43.227218 IP (tos 0x0, ttl 64, id 14366, offset 0, flags [DF], proto UDP (17), length 135)
    192.168.1.1.53 > 192.168.1.194.35893: [udp sum ok] 2970 q: HTTPS? csp.withgoogle.com. 0/1/1 ns: withgoogle.com. [1m] SOA ns1.google.com. dns-admin.google.com. 779718432 900 900 1800 60 ar: . OPT UDPsize=1232 (107)
19:52:43.227387 IP (tos 0x0, ttl 64, id 26555, offset 0, flags [DF], proto TCP (6), length 60)
    192.168.1.194.51056 > 142.250.192.81.443: Flags [S], cksum 0x11e5 (incorrect -> 0x93a5), seq 1176033319, win 64240, options [mss 1460,sackOK,TS val 1404529808 ecr 0,nop,wscale 7], length 0
19:52:43.245196 IP (tos 0x80, ttl 123, id 9751, offset 0, flags [none], proto TCP (6), length 1452)
    142.250.183.36.443 > 192.168.1.194.49806: Flags [P.], cksum 0xa35a (correct), seq 43811:45211, ack 2712, win 1041, options [nop,nop,TS val 152880981 ecr 4259311336], length 1400
19:52:43.245727 IP (tos 0x80, ttl 123, id 9752, offset 0, flags [none], proto TCP (6), length 1452)
    142.250.183.36.443 > 192.168.1.194.49806: Flags [P.], cksum 0xc7dd (correct), seq 45211:46611, ack 2712, win 1041, options [nop,nop,TS val 152880981 ecr 4259311336], length 1400
19:52:43.245766 IP (tos 0x0, ttl 64, id 34150, offset 0, flags [DF], proto TCP (6), length 52)
    192.168.1.194.49806 > 142.250.183.36.443: Flags [.], cksum 0x08b0 (incorrect -> 0x1793), seq 2712, ack 46611, win 303, options [nop,nop,TS val 4259311407 ecr 152880981], length 0
19:52:43.246979 IP (tos 0x80, ttl 123, id 9753, offset 0, flags [none], proto TCP (6), length 2852)
    142.250.183.36.443 > 192.168.1.194.49806: Flags [P.], cksum 0x13a0 (incorrect -> 0x00f8), seq 46611:49411, ack 2712, win 1041, options [nop,nop,TS val 152880982 ecr 4259311336], length 2800
19:52:43.247012 IP (tos 0x0, ttl 64, id 34151, offset 0, flags [DF], proto TCP (6), length 52)
    192.168.1.194.49806 > 142.250.183.36.443: Flags [.], cksum 0x08b0 (incorrect -> 0x0c75), seq 2712, ack 49411, win 347, options [nop,nop,TS val 4259311408 ecr 152880982], length 0
19:52:43.248627 IP (tos 0x80, ttl 123, id 9755, offset 0, flags [none], proto TCP (6), length 2852)
    142.250.183.36.443 > 192.168.1.194.49806: Flags [P.], cksum 0x13a0 (incorrect -> 0x4531), seq 49411:52211, ack 2712, win 1041, options [nop,nop,TS val 152880984 ecr 4259311336], length 2800
19:52:43.248660 IP (tos 0x0, ttl 64, id 34152, offset 0, flags [DF], proto TCP (6), length 52)
    192.168.1.194.49806 > 142.250.183.36.443: Flags [.], cksum 0x08b0 (incorrect -> 0x0155), seq 2712, ack 52211, win 391, options [nop,nop,TS val 4259311410 ecr 152880984], length 0
19:52:43.250844 IP (tos 0x80, ttl 123, id 9757, offset 0, flags [none], proto TCP (6), length 2852)
    142.250.183.36.443 > 192.168.1.194.49806: Flags [P.], cksum 0x13a0 (incorrect -> 0x752a), seq 52211:55011, ack 2712, win 1041, options [nop,nop,TS val 152880986 ecr 4259311370], length 2800
19:52:43.250876 IP (tos 0x0, ttl 64, id 34153, offset 0, flags [DF], proto TCP (6), length 52)
    192.168.1.194.49806 > 142.250.183.36.443: Flags [.], cksum 0x08b0 (incorrect -> 0xf635), seq 2712, ack 55011, win 434, options [nop,nop,TS val 4259311412 ecr 152880986], length 0
19:52:43.252469 IP (tos 0x80, ttl 123, id 9759, offset 0, flags [none], proto TCP (6), length 1452)
    142.250.183.36.443 > 192.168.1.194.49806: Flags [.], cksum 0xb12f (correct), seq 55011:56411, ack 2712, win 1041, options [nop,nop,TS val 152880988 ecr 4259311372], length 1400
19:52:43.252771 IP (tos 0x80, ttl 123, id 9760, offset 0, flags [none], proto TCP (6), length 1452)
    142.250.183.36.443 > 192.168.1.194.49806: Flags [P.], cksum 0x9a21 (correct), seq 56411:57811, ack 2712, win 1041, options [nop,nop,TS val 152880988 ecr 4259311372], length 1400
19:52:43.252805 IP (tos 0x0, ttl 64, id 34154, offset 0, flags [DF], proto TCP (6), length 52)
    192.168.1.194.49806 > 142.250.183.36.443: Flags [.], cksum 0x08b0 (incorrect -> 0xeb13), seq 2712, ack 57811, win 480, options [nop,nop,TS val 4259311414 ecr 152880988], length 0
19:52:43.254454 IP (tos 0x80, ttl 123, id 9761, offset 0, flags [none], proto TCP (6), length 2072)
    142.250.183.36.443 > 192.168.1.194.49806: Flags [P.], cksum 0x1094 (incorrect -> 0xff13), seq 57811:59831, ack 2712, win 1041, options [nop,nop,TS val 152880990 ecr 4259311372], length 2020
19:52:43.254486 IP (tos 0x0, ttl 64, id 34155, offset 0, flags [DF], proto TCP (6), length 52)
    192.168.1.194.49806 > 142.250.183.36.443: Flags [.], cksum 0x08b0 (incorrect -> 0xe30c), seq 2712, ack 59831, win 511, options [nop,nop,TS val 4259311416 ecr 152880990], length 0
19:52:43.254902 IP (tos 0x0, ttl 64, id 34156, offset 0, flags [DF], proto TCP (6), length 91)
    192.168.1.194.49806 > 142.250.183.36.443: Flags [P.], cksum 0x08d7 (incorrect -> 0x99c5), seq 2712:2751, ack 59831, win 511, options [nop,nop,TS val 4259311416 ecr 152880990], length 39
19:52:43.257911 IP (tos 0x0, ttl 64, id 34157, offset 0, flags [DF], proto TCP (6), length 1441)
    192.168.1.194.49806 > 142.250.183.36.443: Flags [P.], cksum 0x0e1d (incorrect -> 0x3ecc), seq 2751:4140, ack 59831, win 511, options [nop,nop,TS val 4259311419 ecr 152880990], length 1389
19:52:43.257995 IP (tos 0x0, ttl 64, id 44269, offset 0, flags [none], proto UDP (17), length 72)
    192.168.1.194.33608 > 192.168.1.1.53: [bad udp cksum 0x8459 -> 0xd13f!] 43607+ [1au] HTTPS? www.gstatic.com. ar: . OPT UDPsize=1472 (44)
19:52:43.260164 IP (tos 0x0, ttl 64, id 34158, offset 0, flags [DF], proto TCP (6), length 331)
    192.168.1.194.49806 > 142.250.183.36.443: Flags [P.], cksum 0x09c7 (incorrect -> 0xf100), seq 4140:4419, ack 59831, win 511, options [nop,nop,TS val 4259311421 ecr 152880990], length 279
19:52:43.260866 IP (tos 0x0, ttl 64, id 34159, offset 0, flags [DF], proto TCP (6), length 83)
    192.168.1.194.49806 > 142.250.183.36.443: Flags [P.], cksum 0x08cf (incorrect -> 0x88ba), seq 4419:4450, ack 59831, win 511, options [nop,nop,TS val 4259311422 ecr 152880990], length 31
19:52:43.263127 IP (tos 0x80, ttl 123, id 0, offset 0, flags [DF], proto TCP (6), length 60)
    142.250.192.81.443 > 192.168.1.194.51056: Flags [S.], cksum 0xd321 (correct), seq 326469303, ack 1176033320, win 65535, options [mss 1412,sackOK,TS val 3873913470 ecr 1404529808,nop,wscale 8], length 0
19:52:43.263145 IP (tos 0x0, ttl 64, id 26556, offset 0, flags [DF], proto TCP (6), length 52)
    192.168.1.194.51056 > 142.250.192.81.443: Flags [.], cksum 0x11dd (incorrect -> 0xffa5), seq 1, ack 1, win 502, options [nop,nop,TS val 1404529843 ecr 3873913470], length 0
19:52:43.263543 IP (tos 0x0, ttl 64, id 26557, offset 0, flags [DF], proto TCP (6), length 1955)
    192.168.1.194.51056 > 142.250.192.81.443: Flags [P.], cksum 0x194c (incorrect -> 0x8228), seq 1:1904, ack 1, win 502, options [nop,nop,TS val 1404529844 ecr 3873913470], length 1903
19:52:43.270103 IP (tos 0x0, ttl 64, id 14405, offset 0, flags [DF], proto UDP (17), length 132)
    192.168.1.1.53 > 192.168.1.194.33608: [udp sum ok] 43607 q: HTTPS? www.gstatic.com. 0/1/1 ns: gstatic.com. [30s] SOA ns1.google.com. dns-admin.google.com. 779718432 900 900 1800 60 ar: . OPT UDPsize=1232 (104)
19:52:43.271621 IP (tos 0x0, ttl 64, id 0, offset 0, flags [DF], proto UDP (17), length 1280)
    192.168.1.194.47034 > 142.250.67.227.443: [bad udp cksum 0x9a45 -> 0x899f!] UDP, length 1252
19:52:43.271647 IP (tos 0x0, ttl 64, id 0, offset 0, flags [DF], proto UDP (17), length 1280)
    192.168.1.194.47034 > 142.250.67.227.443: [bad udp cksum 0x9a45 -> 0x0bbd!] UDP, length 1252
19:52:43.271667 IP (tos 0x0, ttl 64, id 0, offset 0, flags [DF], proto UDP (17), length 1280)
    192.168.1.194.47034 > 142.250.67.227.443: [bad udp cksum 0x9a45 -> 0x6b66!] UDP, length 1252
19:52:43.291105 IP (tos 0x80, ttl 123, id 9763, offset 0, flags [none], proto TCP (6), length 52)
    142.250.183.36.443 > 192.168.1.194.49806: Flags [.], cksum 0xe0af (correct), seq 59831, ack 2751, win 1041, options [nop,nop,TS val 152881026 ecr 4259311416], length 0
19:52:43.294385 IP (tos 0x80, ttl 123, id 9764, offset 0, flags [none], proto TCP (6), length 52)
    142.250.183.36.443 > 192.168.1.194.49806: Flags [.], cksum 0xdb40 (correct), seq 59831, ack 4140, win 1036, options [nop,nop,TS val 152881030 ecr 4259311419], length 0
19:52:43.296333 IP (tos 0x80, ttl 123, id 9765, offset 0, flags [none], proto TCP (6), length 52)
    142.250.183.36.443 > 192.168.1.194.49806: Flags [.], cksum 0xda26 (correct), seq 59831, ack 4419, win 1035, options [nop,nop,TS val 152881032 ecr 4259311421], length 0
19:52:43.296971 IP (tos 0x80, ttl 123, id 9766, offset 0, flags [none], proto TCP (6), length 52)
    142.250.183.36.443 > 192.168.1.194.49806: Flags [.], cksum 0xda05 (correct), seq 59831, ack 4450, win 1035, options [nop,nop,TS val 152881033 ecr 4259311422], length 0
19:52:43.299005 IP (tos 0x80, ttl 123, id 13083, offset 0, flags [none], proto TCP (6), length 52)
    142.250.192.81.443 > 192.168.1.194.51056: Flags [.], cksum 0xf7e9 (correct), seq 1, ack 1401, win 1045, options [nop,nop,TS val 3873913506 ecr 1404529844], length 0
19:52:43.299025 ARP, Ethernet (len 6), IPv4 (len 4), Request who-has 192.168.1.99 tell 192.168.1.1, length 28
19:52:43.299934 IP (tos 0x80, ttl 123, id 13084, offset 0, flags [none], proto TCP (6), length 52)
    142.250.192.81.443 > 192.168.1.194.51056: Flags [.], cksum 0xf5f2 (correct), seq 1, ack 1904, win 1044, options [nop,nop,TS val 3873913507 ecr 1404529844], length 0
19:52:43.301655 IP (tos 0x80, ttl 123, id 13085, offset 0, flags [none], proto TCP (6), length 1452)
    142.250.192.81.443 > 192.168.1.194.51056: Flags [.], cksum 0x7973 (correct), seq 1:1401, ack 1904, win 1044, options [nop,nop,TS val 3873913509 ecr 1404529844], length 1400
19:52:43.301695 IP (tos 0x0, ttl 64, id 26559, offset 0, flags [DF], proto TCP (6), length 52)
    192.168.1.194.51056 > 142.250.192.81.443: Flags [.], cksum 0x11dd (incorrect -> 0xf27a), seq 1904, ack 1401, win 492, options [nop,nop,TS val 1404529882 ecr 3873913509], length 0
19:52:43.302112 IP (tos 0x80, ttl 123, id 13086, offset 0, flags [none], proto TCP (6), length 1452)
    142.250.192.81.443 > 192.168.1.194.51056: Flags [P.], cksum 0xbf72 (correct), seq 1401:2801, ack 1904, win 1044, options [nop,nop,TS val 3873913509 ecr 1404529844], length 1400
19:52:43.302113 IP (tos 0x80, ttl 123, id 13087, offset 0, flags [none], proto TCP (6), length 2852)
    142.250.192.81.443 > 192.168.1.194.51056: Flags [P.], cksum 0x1ccd (incorrect -> 0xa907), seq 2801:5601, ack 1904, win 1044, options [nop,nop,TS val 3873913509 ecr 1404529844], length 2800
19:52:43.302113 IP (tos 0x80, ttl 123, id 13089, offset 0, flags [none], proto TCP (6), length 518)
    142.250.192.81.443 > 192.168.1.194.51056: Flags [P.], cksum 0x55fb (correct), seq 5601:6067, ack 1904, win 1044, options [nop,nop,TS val 3873913509 ecr 1404529844], length 466
19:52:43.302121 IP (tos 0x0, ttl 64, id 26560, offset 0, flags [DF], proto TCP (6), length 52)
    192.168.1.194.51056 > 142.250.192.81.443: Flags [.], cksum 0x11dd (incorrect -> 0xed0c), seq 1904, ack 2801, win 482, options [nop,nop,TS val 1404529882 ecr 3873913509], length 0
19:52:43.302127 IP (tos 0x0, ttl 64, id 26561, offset 0, flags [DF], proto TCP (6), length 52)
    192.168.1.194.51056 > 142.250.192.81.443: Flags [.], cksum 0x11dd (incorrect -> 0xe231), seq 1904, ack 5601, win 461, options [nop,nop,TS val 1404529882 ecr 3873913509], length 0
19:52:43.302130 IP (tos 0x0, ttl 64, id 26562, offset 0, flags [DF], proto TCP (6), length 52)
    192.168.1.194.51056 > 142.250.192.81.443: Flags [.], cksum 0x11dd (incorrect -> 0xe062), seq 1904, ack 6067, win 458, options [nop,nop,TS val 1404529882 ecr 3873913509], length 0
19:52:43.303107 IP (tos 0x0, ttl 64, id 26563, offset 0, flags [DF], proto TCP (6), length 116)
    192.168.1.194.51056 > 142.250.192.81.443: Flags [P.], cksum 0x121d (incorrect -> 0xf66a), seq 1904:1968, ack 6067, win 458, options [nop,nop,TS val 1404529883 ecr 3873913509], length 64
19:52:43.303503 IP (tos 0x0, ttl 64, id 26564, offset 0, flags [DF], proto TCP (6), length 144)
    192.168.1.194.51056 > 142.250.192.81.443: Flags [P.], cksum 0x1239 (incorrect -> 0x84ca), seq 1968:2060, ack 6067, win 458, options [nop,nop,TS val 1404529884 ecr 3873913509], length 92
19:52:43.303544 IP (tos 0x0, ttl 64, id 26565, offset 0, flags [DF], proto TCP (6), length 357)
    192.168.1.194.51056 > 142.250.192.81.443: Flags [P.], cksum 0x130e (incorrect -> 0x5cc3), seq 2060:2365, ack 6067, win 458, options [nop,nop,TS val 1404529884 ecr 3873913509], length 305
19:52:43.303808 IP (tos 0x0, ttl 64, id 26566, offset 0, flags [DF], proto TCP (6), length 614)
    192.168.1.194.51056 > 142.250.192.81.443: Flags [P.], cksum 0x140f (incorrect -> 0x5171), seq 2365:2927, ack 6067, win 458, options [nop,nop,TS val 1404529884 ecr 3873913509], length 562
19:52:43.307872 IP (tos 0x0, ttl 59, id 0, offset 0, flags [DF], proto UDP (17), length 71)
    142.250.67.227.443 > 192.168.1.194.47034: [udp sum ok] UDP, length 43
19:52:43.308274 IP (tos 0x0, ttl 59, id 0, offset 0, flags [DF], proto UDP (17), length 71)
    142.250.67.227.443 > 192.168.1.194.47034: [udp sum ok] UDP, length 43
19:52:43.309474 IP (tos 0x0, ttl 59, id 0, offset 0, flags [DF], proto UDP (17), length 1280)
    142.250.67.227.443 > 192.168.1.194.47034: [udp sum ok] UDP, length 1252
19:52:43.309474 IP (tos 0x0, ttl 59, id 0, offset 0, flags [DF], proto UDP (17), length 1280)
    142.250.67.227.443 > 192.168.1.194.47034: [udp sum ok] UDP, length 1252
19:52:43.331815 IP (tos 0x0, ttl 64, id 34160, offset 0, flags [DF], proto TCP (6), length 461)
    192.168.1.194.49806 > 142.250.183.36.443: Flags [P.], cksum 0x0a49 (incorrect -> 0xdcf2), seq 4450:4859, ack 59831, win 511, options [nop,nop,TS val 4259311493 ecr 152881033], length 409
19:52:43.332159 IP (tos 0x0, ttl 64, id 34161, offset 0, flags [DF], proto TCP (6), length 83)
    192.168.1.194.49806 > 142.250.183.36.443: Flags [P.], cksum 0x08cf (incorrect -> 0x4aa8), seq 4859:4890, ack 59831, win 511, options [nop,nop,TS val 4259311493 ecr 152881033], length 31
19:52:43.335503 IP (tos 0x20, ttl 237, id 40072, offset 0, flags [DF], proto TCP (6), length 52)
    54.81.186.169.443 > 192.168.1.194.34566: Flags [F.], cksum 0xe945 (correct), seq 157, ack 106, win 315, options [nop,nop,TS val 3995990331 ecr 3410102765], length 0
19:52:43.335529 IP (tos 0x0, ttl 64, id 59489, offset 0, flags [DF], proto TCP (6), length 64)
    192.168.1.194.34566 > 54.81.186.169.443: Flags [.], cksum 0xb397 (incorrect -> 0xeffb), seq 106, ack 95, win 501, options [nop,nop,TS val 3410102999 ecr 3995987867,nop,nop,sack 1 {157:158}], length 0
19:52:43.336487 IP (tos 0x20, ttl 237, id 40070, offset 0, flags [DF], proto TCP (6), length 83)
    54.81.186.169.443 > 192.168.1.194.34566: Flags [P.], cksum 0x5cf7 (correct), seq 95:126, ack 106, win 315, options [nop,nop,TS val 3995990331 ecr 3410102765], length 31
19:52:43.336488 IP (tos 0x20, ttl 237, id 40071, offset 0, flags [DF], proto TCP (6), length 83)
    54.81.186.169.443 > 192.168.1.194.34566: Flags [P.], cksum 0x65fe (correct), seq 126:157, ack 106, win 315, options [nop,nop,TS val 3995990331 ecr 3410102765], length 31
19:52:43.336503 IP (tos 0x0, ttl 64, id 59490, offset 0, flags [DF], proto TCP (6), length 64)
    192.168.1.194.34566 > 54.81.186.169.443: Flags [.], cksum 0xb397 (incorrect -> 0xe63b), seq 106, ack 126, win 501, options [nop,nop,TS val 3410103000 ecr 3995990331,nop,nop,sack 1 {157:158}], length 0
19:52:43.336514 IP (tos 0x0, ttl 64, id 59491, offset 0, flags [DF], proto TCP (6), length 52)
    192.168.1.194.34566 > 54.81.186.169.443: Flags [.], cksum 0xb38b (incorrect -> 0xe7a0), seq 106, ack 158, win 501, options [nop,nop,TS val 3410103000 ecr 3995990331], length 0
19:52:43.336631 IP (tos 0x0, ttl 64, id 59492, offset 0, flags [DF], proto TCP (6), length 83)
    192.168.1.194.34566 > 54.81.186.169.443: Flags [P.], cksum 0xb3aa (incorrect -> 0xcafa), seq 106:137, ack 158, win 501, options [nop,nop,TS val 3410103000 ecr 3995990331], length 31
19:52:43.336651 IP (tos 0x0, ttl 64, id 59493, offset 0, flags [DF], proto TCP (6), length 52)
    192.168.1.194.34566 > 54.81.186.169.443: Flags [F.], cksum 0xb38b (incorrect -> 0xe780), seq 137, ack 158, win 501, options [nop,nop,TS val 3410103000 ecr 3995990331], length 0
19:52:43.338961 IP (tos 0x80, ttl 123, id 13090, offset 0, flags [none], proto TCP (6), length 668)
    142.250.192.81.443 > 192.168.1.194.51056: Flags [P.], cksum 0x6487 (correct), seq 6067:6683, ack 1968, win 1044, options [nop,nop,TS val 3873913546 ecr 1404529883], length 616
19:52:43.339291 IP (tos 0x0, ttl 64, id 26567, offset 0, flags [DF], proto TCP (6), length 83)
    192.168.1.194.51056 > 142.250.192.81.443: Flags [P.], cksum 0x11fc (incorrect -> 0x66b3), seq 2927:2958, ack 6683, win 454, options [nop,nop,TS val 1404529920 ecr 3873913546], length 31
19:52:43.339869 IP (tos 0x80, ttl 123, id 13091, offset 0, flags [none], proto TCP (6), length 52)
    142.250.192.81.443 > 192.168.1.194.51056: Flags [.], cksum 0xd78c (correct), seq 6683, ack 2927, win 1041, options [nop,nop,TS val 3873913547 ecr 1404529884], length 0
19:52:43.340153 IP (tos 0x60, ttl 123, id 13092, offset 0, flags [none], proto TCP (6), length 83)
    142.250.192.81.443 > 192.168.1.194.51056: Flags [P.], cksum 0x8f2a (correct), seq 6683:6714, ack 2927, win 1041, options [nop,nop,TS val 3873913547 ecr 1404529884], length 31
19:52:43.342893 IP (tos 0x20, ttl 240, id 33328, offset 0, flags [DF], proto TCP (6), length 83)
    35.174.210.7.443 > 192.168.1.194.60328: Flags [P.], cksum 0xab71 (correct), seq 193:224, ack 903, win 27, options [nop,nop,TS val 1907042717 ecr 3348734190], length 31
19:52:43.342894 IP (tos 0x20, ttl 240, id 33329, offset 0, flags [DF], proto TCP (6), length 83)
    35.174.210.7.443 > 192.168.1.194.60328: Flags [P.], cksum 0x39ad (correct), seq 224:255, ack 903, win 27, options [nop,nop,TS val 1907042717 ecr 3348734190], length 31
19:52:43.342904 IP (tos 0x0, ttl 64, id 57231, offset 0, flags [DF], proto TCP (6), length 52)
    192.168.1.194.60328 > 35.174.210.7.443: Flags [.], cksum 0xb846 (incorrect -> 0x49d0), seq 903, ack 224, win 458, options [nop,nop,TS val 3348734431 ecr 1907042717], length 0
19:52:43.342912 IP (tos 0x0, ttl 64, id 57232, offset 0, flags [DF], proto TCP (6), length 52)
    192.168.1.194.60328 > 35.174.210.7.443: Flags [.], cksum 0xb846 (incorrect -> 0x49b1), seq 903, ack 255, win 458, options [nop,nop,TS val 3348734431 ecr 1907042717], length 0
19:52:43.342996 IP (tos 0x0, ttl 64, id 57233, offset 0, flags [DF], proto TCP (6), length 83)
    192.168.1.194.60328 > 35.174.210.7.443: Flags [P.], cksum 0xb865 (incorrect -> 0xc2f0), seq 903:934, ack 255, win 458, options [nop,nop,TS val 3348734431 ecr 1907042717], length 31
19:52:43.343010 IP (tos 0x0, ttl 64, id 57234, offset 0, flags [DF], proto TCP (6), length 52)
    192.168.1.194.60328 > 35.174.210.7.443: Flags [F.], cksum 0xb846 (incorrect -> 0x4991), seq 934, ack 255, win 458, options [nop,nop,TS val 3348734431 ecr 1907042717], length 0
19:52:43.350864 IP (tos 0x0, ttl 64, id 0, offset 0, flags [DF], proto UDP (17), length 1280)
    192.168.1.194.47034 > 142.250.67.227.443: [bad udp cksum 0x9a45 -> 0x6539!] UDP, length 1252
19:52:43.351941 IP (tos 0x0, ttl 64, id 34162, offset 0, flags [DF], proto TCP (6), length 320)
    192.168.1.194.49806 > 142.250.183.36.443: Flags [P.], cksum 0x09bc (incorrect -> 0xa817), seq 4890:5158, ack 59831, win 511, options [nop,nop,TS val 4259311513 ecr 152881033], length 268
19:52:43.354649 IP (tos 0x0, ttl 64, id 34163, offset 0, flags [DF], proto TCP (6), length 468)
    192.168.1.194.49806 > 142.250.183.36.443: Flags [P.], cksum 0x0a50 (incorrect -> 0x7912), seq 5158:5574, ack 59831, win 511, options [nop,nop,TS val 4259311516 ecr 152881033], length 416
19:52:43.355589 IP (tos 0x0, ttl 64, id 34164, offset 0, flags [DF], proto TCP (6), length 248)
    192.168.1.194.49806 > 142.250.183.36.443: Flags [P.], cksum 0x0974 (incorrect -> 0xca49), seq 5574:5770, ack 59831, win 511, options [nop,nop,TS val 4259311517 ecr 152881033], length 196
19:52:43.359804 IP (tos 0x0, ttl 64, id 34165, offset 0, flags [DF], proto TCP (6), length 87)
    192.168.1.194.49806 > 142.250.183.36.443: Flags [P.], cksum 0x08d3 (incorrect -> 0xad0c), seq 5770:5805, ack 59831, win 511, options [nop,nop,TS val 4259311521 ecr 152881033], length 35
19:52:43.360856 IP (tos 0x80, ttl 123, id 9767, offset 0, flags [none], proto TCP (6), length 294)
    142.250.183.36.443 > 192.168.1.194.49806: Flags [P.], cksum 0xee99 (correct), seq 59831:60073, ack 4450, win 1035, options [nop,nop,TS val 152881096 ecr 4259311422], length 242
19:52:43.361341 IP (tos 0x80, ttl 123, id 9768, offset 0, flags [none], proto TCP (6), length 83)
    142.250.183.36.443 > 192.168.1.194.49806: Flags [P.], cksum 0x867d (correct), seq 60073:60104, ack 4450, win 1035, options [nop,nop,TS val 152881097 ecr 4259311422], length 31
19:52:43.361341 IP (tos 0x80, ttl 123, id 9769, offset 0, flags [none], proto TCP (6), length 91)
    142.250.183.36.443 > 192.168.1.194.49806: Flags [P.], cksum 0xcae7 (correct), seq 60104:60143, ack 4450, win 1035, options [nop,nop,TS val 152881097 ecr 4259311422], length 39
19:52:43.361424 IP (tos 0x0, ttl 64, id 34166, offset 0, flags [DF], proto TCP (6), length 52)
    192.168.1.194.49806 > 142.250.183.36.443: Flags [.], cksum 0x08b0 (incorrect -> 0xd4d4), seq 5805, ack 60143, win 533, options [nop,nop,TS val 4259311523 ecr 152881096], length 0
19:52:43.361452 IP (tos 0x0, ttl 64, id 34167, offset 0, flags [DF], proto TCP (6), length 91)
    192.168.1.194.49806 > 142.250.183.36.443: Flags [P.], cksum 0x08d7 (incorrect -> 0xef02), seq 5805:5844, ack 60143, win 533, options [nop,nop,TS val 4259311523 ecr 152881096], length 39
19:52:43.363183 IP (tos 0x0, ttl 64, id 19650, offset 0, flags [DF], proto TCP (6), length 52)
    192.168.1.194.53798 > 3.6.115.64.80: Flags [.], cksum 0x38d7 (incorrect -> 0xc5fe), seq 0, ack 1, win 501, options [nop,nop,TS val 3328447590 ecr 2971011835], length 0
19:52:43.364176 IP (tos 0x0, ttl 64, id 52054, offset 0, flags [DF], proto TCP (6), length 52)
    192.168.1.194.54482 > 3.6.115.182.80: Flags [.], cksum 0x394d (incorrect -> 0x9166), seq 0, ack 1, win 501, options [nop,nop,TS val 4240579428 ecr 36384368], length 0
19:52:43.366664 IP (tos 0x0, ttl 64, id 21249, offset 0, flags [none], proto UDP (17), length 85)
    192.168.1.194.51668 > 192.168.1.1.53: [bad udp cksum 0x8466 -> 0xec14!] 46848+ [1au] HTTPS? ogads-pa.clients6.google.com. ar: . OPT UDPsize=1472 (57)
19:52:43.366734 IP (tos 0x0, ttl 64, id 42835, offset 0, flags [none], proto UDP (17), length 85)
    192.168.1.194.50034 > 192.168.1.1.53: [bad udp cksum 0x8466 -> 0xb7a3!] 61971+ [1au] A? ogads-pa.clients6.google.com. ar: . OPT UDPsize=1472 (57)
19:52:43.366783 IP (tos 0x0, ttl 64, id 38199, offset 0, flags [none], proto UDP (17), length 85)
    192.168.1.194.54298 > 192.168.1.1.53: [bad udp cksum 0x8466 -> 0x7003!] 10481+ [1au] AAAA? ogads-pa.clients6.google.com. ar: . OPT UDPsize=1472 (57)
19:52:43.367551 IP (tos 0x80, ttl 123, id 9770, offset 0, flags [none], proto TCP (6), length 52)
    142.250.183.36.443 > 192.168.1.194.49806: Flags [.], cksum 0xd6a8 (correct), seq 60143, ack 4859, win 1034, options [nop,nop,TS val 152881103 ecr 4259311493], length 0
19:52:43.369614 IP (tos 0x0, ttl 59, id 0, offset 0, flags [DF], proto UDP (17), length 1280)
    142.250.67.227.443 > 192.168.1.194.47034: [udp sum ok] UDP, length 1252
19:52:43.370257 IP (tos 0x0, ttl 64, id 0, offset 0, flags [DF], proto UDP (17), length 68)
    192.168.1.194.47034 > 142.250.67.227.443: [bad udp cksum 0x9589 -> 0x2533!] UDP, length 40
19:52:43.370870 IP (tos 0x80, ttl 123, id 9771, offset 0, flags [none], proto TCP (6), length 52)
    142.250.183.36.443 > 192.168.1.194.49806: Flags [.], cksum 0xd688 (correct), seq 60143, ack 4890, win 1034, options [nop,nop,TS val 152881104 ecr 4259311493], length 0
19:52:43.371849 IP (tos 0x0, ttl 59, id 0, offset 0, flags [DF], proto UDP (17), length 333)
    142.250.67.227.443 > 192.168.1.194.47034: [udp sum ok] UDP, length 305
19:52:43.371851 IP (tos 0x0, ttl 59, id 0, offset 0, flags [DF], proto UDP (17), length 645)
    142.250.67.227.443 > 192.168.1.194.47034: [udp sum ok] UDP, length 617
19:52:43.372185 IP (tos 0x0, ttl 59, id 0, offset 0, flags [DF], proto UDP (17), length 56)
    142.250.67.227.443 > 192.168.1.194.47034: [udp sum ok] UDP, length 28
19:52:43.373061 IP (tos 0x0, ttl 64, id 0, offset 0, flags [DF], proto UDP (17), length 141)
    192.168.1.194.47034 > 142.250.67.227.443: [bad udp cksum 0x95d2 -> 0xc5a3!] UDP, length 113
19:52:43.375550 IP (tos 0x80, ttl 123, id 9772, offset 0, flags [none], proto TCP (6), length 293)
    142.250.183.36.443 > 192.168.1.194.49806: Flags [P.], cksum 0xff7d (correct), seq 60143:60384, ack 4890, win 1034, options [nop,nop,TS val 152881111 ecr 4259311493], length 241
19:52:43.375550 IP (tos 0x80, ttl 123, id 9773, offset 0, flags [none], proto TCP (6), length 128)
    142.250.183.36.443 > 192.168.1.194.49806: Flags [P.], cksum 0xe873 (correct), seq 60384:60460, ack 4890, win 1034, options [nop,nop,TS val 152881111 ecr 4259311493], length 76
19:52:43.375551 IP (tos 0x80, ttl 123, id 9774, offset 0, flags [none], proto TCP (6), length 149)
    142.250.183.36.443 > 192.168.1.194.49806: Flags [P.], cksum 0x297f (correct), seq 60460:60557, ack 4890, win 1034, options [nop,nop,TS val 152881111 ecr 4259311493], length 97
19:52:43.375796 IP (tos 0x0, ttl 64, id 34168, offset 0, flags [DF], proto TCP (6), length 52)
    192.168.1.194.49806 > 142.250.183.36.443: Flags [.], cksum 0x08b0 (incorrect -> 0xd2dc), seq 5844, ack 60557, win 555, options [nop,nop,TS val 4259311537 ecr 152881111], length 0
19:52:43.380182 IP (tos 0x0, ttl 64, id 26568, offset 0, flags [DF], proto TCP (6), length 52)
    192.168.1.194.51056 > 142.250.192.81.443: Flags [.], cksum 0x11dd (incorrect -> 0xd94c), seq 2958, ack 6714, win 454, options [nop,nop,TS val 1404529961 ecr 3873913547], length 0
19:52:43.380795 IP (tos 0x80, ttl 123, id 9775, offset 0, flags [none], proto TCP (6), length 84)
    142.250.183.36.443 > 192.168.1.194.49806: Flags [P.], cksum 0x1865 (correct), seq 60557:60589, ack 4890, win 1034, options [nop,nop,TS val 152881117 ecr 4259311493], length 32
19:52:43.380796 IP (tos 0x80, ttl 123, id 9776, offset 0, flags [none], proto TCP (6), length 83)
    142.250.183.36.443 > 192.168.1.194.49806: Flags [P.], cksum 0xa87b (correct), seq 60589:60620, ack 4890, win 1034, options [nop,nop,TS val 152881117 ecr 4259311493], length 31
19:52:43.380891 IP (tos 0x0, ttl 64, id 34169, offset 0, flags [DF], proto TCP (6), length 52)
    192.168.1.194.49806 > 142.250.183.36.443: Flags [.], cksum 0x08b0 (incorrect -> 0xd292), seq 5844, ack 60620, win 555, options [nop,nop,TS val 4259311542 ecr 152881117], length 0
19:52:43.381149 IP (tos 0x60, ttl 123, id 13093, offset 0, flags [none], proto TCP (6), length 52)
    142.250.192.81.443 > 192.168.1.194.51056: Flags [.], cksum 0xd701 (correct), seq 6714, ack 2958, win 1041, options [nop,nop,TS val 3873913588 ecr 1404529920], length 0
19:52:43.384839 IP (tos 0x0, ttl 64, id 14476, offset 0, flags [DF], proto UDP (17), length 145)
    192.168.1.1.53 > 192.168.1.194.51668: [udp sum ok] 46848 q: HTTPS? ogads-pa.clients6.google.com. 0/1/1 ns: google.com. [35s] SOA ns1.google.com. dns-admin.google.com. 779718432 900 900 1800 60 ar: . OPT UDPsize=1232 (117)
19:52:43.385444 IP (tos 0x0, ttl 64, id 14477, offset 0, flags [DF], proto UDP (17), length 101)
    192.168.1.1.53 > 192.168.1.194.50034: [udp sum ok] 61971 q: A? ogads-pa.clients6.google.com. 1/0/1 ogads-pa.clients6.google.com. [1s] A 142.250.70.42 ar: . OPT UDPsize=1232 (73)
19:52:43.385882 IP (tos 0x0, ttl 64, id 54416, offset 0, flags [DF], proto TCP (6), length 60)
    192.168.1.194.36810 > 142.250.70.42.443: Flags [S], cksum 0x97bd (incorrect -> 0xf128), seq 3521076445, win 64240, options [mss 1460,sackOK,TS val 1135591525 ecr 0,nop,wscale 7], length 0
19:52:43.388486 IP (tos 0x0, ttl 59, id 0, offset 0, flags [DF], proto UDP (17), length 1280)
    142.250.67.227.443 > 192.168.1.194.47034: [udp sum ok] UDP, length 1252
19:52:43.388915 IP (tos 0x0, ttl 59, id 0, offset 0, flags [DF], proto UDP (17), length 55)
    142.250.67.227.443 > 192.168.1.194.47034: [udp sum ok] UDP, length 27
19:52:43.391150 IP (tos 0x0, ttl 64, id 34170, offset 0, flags [DF], proto TCP (6), length 192)
    192.168.1.194.49806 > 142.250.183.36.443: Flags [P.], cksum 0x093c (incorrect -> 0x7373), seq 5844:5984, ack 60620, win 555, options [nop,nop,TS val 4259311552 ecr 152881117], length 140
19:52:43.391420 IP (tos 0x80, ttl 123, id 9777, offset 0, flags [none], proto TCP (6), length 52)
    142.250.183.36.443 > 192.168.1.194.49806: Flags [.], cksum 0xd1d6 (correct), seq 60620, ack 5574, win 1032, options [nop,nop,TS val 152881127 ecr 4259311513], length 0
19:52:43.391432 IP (tos 0x0, ttl 64, id 34171, offset 0, flags [DF], proto TCP (6), length 83)
    192.168.1.194.49806 > 142.250.183.36.443: Flags [P.], cksum 0x08cf (incorrect -> 0xc303), seq 5984:6015, ack 60620, win 555, options [nop,nop,TS val 4259311553 ecr 152881127], length 31
19:52:43.391763 IP (tos 0x0, ttl 64, id 34172, offset 0, flags [DF], proto TCP (6), length 230)
    192.168.1.194.49806 > 142.250.183.36.443: Flags [P.], cksum 0x0962 (incorrect -> 0x6bd0), seq 6015:6193, ack 60620, win 555, options [nop,nop,TS val 4259311553 ecr 152881127], length 178
19:52:43.392847 IP (tos 0x80, ttl 123, id 9778, offset 0, flags [none], proto TCP (6), length 480)
    142.250.183.36.443 > 192.168.1.194.49806: Flags [P.], cksum 0x921e (correct), seq 60620:61048, ack 5770, win 1032, options [nop,nop,TS val 152881129 ecr 4259311517], length 428
19:52:43.392988 IP (tos 0x0, ttl 64, id 34173, offset 0, flags [DF], proto TCP (6), length 187)
    192.168.1.194.49806 > 142.250.183.36.443: Flags [P.], cksum 0x0937 (incorrect -> 0x56b9), seq 6193:6328, ack 61048, win 577, options [nop,nop,TS val 4259311554 ecr 152881129], length 135
19:52:43.393480 IP (tos 0x0, ttl 64, id 34174, offset 0, flags [DF], proto TCP (6), length 83)
    192.168.1.194.49806 > 142.250.183.36.443: Flags [P.], cksum 0x08cf (incorrect -> 0xe62d), seq 6328:6359, ack 61048, win 577, options [nop,nop,TS val 4259311555 ecr 152881129], length 31
19:52:43.393779 IP (tos 0x80, ttl 123, id 9779, offset 0, flags [none], proto TCP (6), length 1229)
    142.250.183.36.443 > 192.168.1.194.49806: Flags [P.], cksum 0xaaac (correct), seq 61048:62225, ack 5770, win 1032, options [nop,nop,TS val 152881129 ecr 4259311517], length 1177
19:52:43.395046 IP (tos 0x0, ttl 120, id 60310, offset 0, flags [DF], proto TCP (6), length 52)
    3.6.115.64.80 > 192.168.1.194.53798: Flags [.], cksum 0xdaa7 (correct), seq 1, ack 1, win 1704, options [nop,nop,TS val 2971012870 ecr 3328440062], length 0
19:52:43.396535 IP (tos 0x0, ttl 120, id 59298, offset 0, flags [DF], proto TCP (6), length 52)
    3.6.115.182.80 > 192.168.1.194.54482: Flags [.], cksum 0xa597 (correct), seq 1, ack 1, win 1769, options [nop,nop,TS val 36385403 ecr 4240571955], length 0
19:52:43.398274 IP (tos 0x80, ttl 123, id 9780, offset 0, flags [none], proto TCP (6), length 52)
    142.250.183.36.443 > 192.168.1.194.49806: Flags [.], cksum 0xca74 (correct), seq 62225, ack 5844, win 1032, options [nop,nop,TS val 152881134 ecr 4259311521], length 0
19:52:43.398435 IP (tos 0x0, ttl 64, id 34175, offset 0, flags [DF], proto TCP (6), length 1453)
    192.168.1.194.49806 > 142.250.183.36.443: Flags [P.], cksum 0x0e29 (incorrect -> 0xc253), seq 6359:7760, ack 62225, win 599, options [nop,nop,TS val 4259311560 ecr 152881129], length 1401
19:52:43.402190 IP (tos 0x0, ttl 64, id 34177, offset 0, flags [DF], proto TCP (6), length 250)
    192.168.1.194.49806 > 142.250.183.36.443: Flags [P.], cksum 0x0976 (incorrect -> 0x7a49), seq 7760:7958, ack 62225, win 599, options [nop,nop,TS val 4259311563 ecr 152881129], length 198
19:52:43.402513 IP (tos 0x0, ttl 64, id 34178, offset 0, flags [DF], proto TCP (6), length 83)
    192.168.1.194.49806 > 142.250.183.36.443: Flags [P.], cksum 0x08cf (incorrect -> 0x750f), seq 7958:7989, ack 62225, win 599, options [nop,nop,TS val 4259311564 ecr 152881129], length 31
19:52:43.408927 IP (tos 0x0, ttl 59, id 0, offset 0, flags [DF], proto UDP (17), length 339)
    142.250.67.227.443 > 192.168.1.194.47034: [udp sum ok] UDP, length 311
19:52:43.409047 IP (tos 0x0, ttl 64, id 0, offset 0, flags [DF], proto UDP (17), length 146)
    192.168.1.194.47034 > 142.250.67.227.443: [bad udp cksum 0x95d7 -> 0x74ef!] UDP, length 118
19:52:43.410010 IP (tos 0x60, ttl 123, id 13094, offset 0, flags [none], proto TCP (6), length 1262)
    142.250.192.81.443 > 192.168.1.194.51056: Flags [P.], cksum 0x66c1 (correct), seq 6714:7924, ack 2958, win 1041, options [nop,nop,TS val 3873913617 ecr 1404529920], length 1210
19:52:43.410041 IP (tos 0x0, ttl 64, id 26569, offset 0, flags [DF], proto TCP (6), length 52)
    192.168.1.194.51056 > 142.250.192.81.443: Flags [.], cksum 0x11dd (incorrect -> 0xd438), seq 2958, ack 7924, win 445, options [nop,nop,TS val 1404529990 ecr 3873913617], length 0
19:52:43.410676 IP (tos 0x0, ttl 59, id 0, offset 0, flags [DF], proto UDP (17), length 151)
    142.250.67.227.443 > 192.168.1.194.47034: [udp sum ok] UDP, length 123
19:52:43.411095 IP (tos 0x80, ttl 123, id 13096, offset 0, flags [none], proto TCP (6), length 91)
    142.250.192.81.443 > 192.168.1.194.51056: Flags [P.], cksum 0x646c (correct), seq 7955:7994, ack 2958, win 1041, options [nop,nop,TS val 3873913618 ecr 1404529920], length 39
19:52:43.411103 IP (tos 0x0, ttl 64, id 26570, offset 0, flags [DF], proto TCP (6), length 64)
    192.168.1.194.51056 > 142.250.192.81.443: Flags [.], cksum 0x11e9 (incorrect -> 0x2b7a), seq 2958, ack 7924, win 445, options [nop,nop,TS val 1404529991 ecr 3873913617,nop,nop,sack 1 {7955:7994}], length 0
19:52:43.412463 IP (tos 0x60, ttl 123, id 13095, offset 0, flags [none], proto TCP (6), length 83)
    142.250.192.81.443 > 192.168.1.194.51056: Flags [P.], cksum 0xdbc6 (correct), seq 7924:7955, ack 2958, win 1041, options [nop,nop,TS val 3873913618 ecr 1404529920], length 31
19:52:43.412474 IP (tos 0x0, ttl 64, id 26571, offset 0, flags [DF], proto TCP (6), length 52)
    192.168.1.194.51056 > 142.250.192.81.443: Flags [.], cksum 0x11dd (incorrect -> 0xd3ee), seq 2958, ack 7994, win 445, options [nop,nop,TS val 1404529993 ecr 3873913618], length 0
19:52:43.412637 IP (tos 0x0, ttl 64, id 26572, offset 0, flags [DF], proto TCP (6), length 91)
    192.168.1.194.51056 > 142.250.192.81.443: Flags [P.], cksum 0x1204 (incorrect -> 0xf13a), seq 2958:2997, ack 7994, win 445, options [nop,nop,TS val 1404529993 ecr 3873913618], length 39
19:52:43.420841 IP (tos 0x0, ttl 64, id 14502, offset 0, flags [DF], proto UDP (17), length 113)
    192.168.1.1.53 > 192.168.1.194.54298: [udp sum ok] 10481 q: AAAA? ogads-pa.clients6.google.com. 1/0/1 ogads-pa.clients6.google.com. [3m36s] AAAA 2404:6800:4009:806::200a ar: . OPT UDPsize=1232 (85)
19:52:43.422821 IP (tos 0x0, ttl 122, id 0, offset 0, flags [DF], proto TCP (6), length 60)
    142.250.70.42.443 > 192.168.1.194.36810: Flags [S.], cksum 0x7598 (correct), seq 3762229207, ack 3521076446, win 65535, options [mss 1412,sackOK,TS val 612590085 ecr 1135591525,nop,wscale 8], length 0
19:52:43.422840 IP (tos 0x0, ttl 64, id 54417, offset 0, flags [DF], proto TCP (6), length 52)
    192.168.1.194.36810 > 142.250.70.42.443: Flags [.], cksum 0x97b5 (incorrect -> 0xa21a), seq 1, ack 1, win 502, options [nop,nop,TS val 1135591562 ecr 612590085], length 0
19:52:43.423247 IP (tos 0x0, ttl 64, id 54418, offset 0, flags [DF], proto TCP (6), length 1965)
    192.168.1.194.36810 > 142.250.70.42.443: Flags [P.], cksum 0x9f2e (incorrect -> 0xff52), seq 1:1914, ack 1, win 502, options [nop,nop,TS val 1135591563 ecr 612590085], length 1913
19:52:43.427348 IP (tos 0x80, ttl 123, id 9781, offset 0, flags [none], proto TCP (6), length 52)
    142.250.183.36.443 > 192.168.1.194.49806: Flags [.], cksum 0xc8dc (correct), seq 62225, ack 6193, win 1031, options [nop,nop,TS val 152881163 ecr 4259311552], length 0
19:52:43.429765 IP (tos 0x80, ttl 123, id 9782, offset 0, flags [none], proto TCP (6), length 52)
    142.250.183.36.443 > 192.168.1.194.49806: Flags [.], cksum 0xc831 (correct), seq 62225, ack 6359, win 1031, options [nop,nop,TS val 152881166 ecr 4259311554], length 0
19:52:43.430730 IP (tos 0x0, ttl 64, id 0, offset 0, flags [DF], proto UDP (17), length 64)
    192.168.1.194.47034 > 142.250.67.227.443: [bad udp cksum 0x9585 -> 0xc7cf!] UDP, length 36
19:52:43.431922 IP (tos 0x80, ttl 123, id 9783, offset 0, flags [none], proto TCP (6), length 276)
    142.250.183.36.443 > 192.168.1.194.49806: Flags [P.], cksum 0xdd91 (correct), seq 62225:62449, ack 6359, win 1031, options [nop,nop,TS val 152881168 ecr 4259311554], length 224
19:52:43.431922 IP (tos 0x80, ttl 123, id 9784, offset 0, flags [none], proto TCP (6), length 83)
    142.250.183.36.443 > 192.168.1.194.49806: Flags [P.], cksum 0x7199 (correct), seq 62449:62480, ack 6359, win 1031, options [nop,nop,TS val 152881168 ecr 4259311554], length 31
19:52:43.431922 IP (tos 0x80, ttl 123, id 9785, offset 0, flags [none], proto TCP (6), length 91)
    142.250.183.36.443 > 192.168.1.194.49806: Flags [P.], cksum 0x2fac (correct), seq 62480:62519, ack 6359, win 1031, options [nop,nop,TS val 152881168 ecr 4259311554], length 39
19:52:43.432090 IP (tos 0x0, ttl 64, id 34179, offset 0, flags [DF], proto TCP (6), length 52)
    192.168.1.194.49806 > 142.250.183.36.443: Flags [.], cksum 0x08b0 (incorrect -> 0xc21e), seq 7989, ack 62519, win 621, options [nop,nop,TS val 4259311593 ecr 152881168], length 0
19:52:43.432107 IP (tos 0x0, ttl 64, id 34180, offset 0, flags [DF], proto TCP (6), length 91)
    192.168.1.194.49806 > 142.250.183.36.443: Flags [P.], cksum 0x08d7 (incorrect -> 0xa7b3), seq 7989:8028, ack 62519, win 621, options [nop,nop,TS val 4259311593 ecr 152881168], length 39
19:52:43.434682 IP (tos 0x80, ttl 123, id 9786, offset 0, flags [none], proto TCP (6), length 52)
    142.250.183.36.443 > 192.168.1.194.49806: Flags [.], cksum 0xc18c (correct), seq 62519, ack 7760, win 1026, options [nop,nop,TS val 152881171 ecr 4259311560], length 0
19:52:43.438685 IP (tos 0x80, ttl 123, id 9787, offset 0, flags [none], proto TCP (6), length 52)
    142.250.183.36.443 > 192.168.1.194.49806: Flags [.], cksum 0xc0a0 (correct), seq 62519, ack 7989, win 1026, options [nop,nop,TS val 152881175 ecr 4259311563], length 0
19:52:43.452800 IP (tos 0x80, ttl 123, id 13097, offset 0, flags [none], proto TCP (6), length 52)
    142.250.192.81.443 > 192.168.1.194.51056: Flags [.], cksum 0xd149 (correct), seq 7994, ack 2997, win 1041, options [nop,nop,TS val 3873913660 ecr 1404529993], length 0
19:52:43.452839 IP (tos 0x0, ttl 64, id 34181, offset 0, flags [DF], proto TCP (6), length 263)
    192.168.1.194.49806 > 142.250.183.36.443: Flags [P.], cksum 0x0983 (incorrect -> 0x3ba1), seq 8028:8239, ack 62519, win 621, options [nop,nop,TS val 4259311614 ecr 152881175], length 211
19:52:43.459548 IP (tos 0x0, ttl 122, id 48237, offset 0, flags [none], proto TCP (6), length 52)
    142.250.70.42.443 > 192.168.1.194.36810: Flags [.], cksum 0x985e (correct), seq 1, ack 1914, win 1043, options [nop,nop,TS val 612590122 ecr 1135591563], length 0
19:52:43.461605 IP (tos 0x0, ttl 122, id 48238, offset 0, flags [none], proto TCP (6), length 1452)
    142.250.70.42.443 > 192.168.1.194.36810: Flags [.], cksum 0x4394 (correct), seq 1:1401, ack 1914, win 1043, options [nop,nop,TS val 612590124 ecr 1135591563], length 1400
19:52:43.461649 IP (tos 0x0, ttl 64, id 54420, offset 0, flags [DF], proto TCP (6), length 52)
    192.168.1.194.36810 > 142.250.70.42.443: Flags [.], cksum 0x97b5 (incorrect -> 0x94e5), seq 1914, ack 1401, win 492, options [nop,nop,TS val 1135591601 ecr 612590124], length 0
19:52:43.463126 IP (tos 0x0, ttl 122, id 48239, offset 0, flags [none], proto TCP (6), length 1452)
    142.250.70.42.443 > 192.168.1.194.36810: Flags [P.], cksum 0xba87 (correct), seq 1401:2801, ack 1914, win 1043, options [nop,nop,TS val 612590124 ecr 1135591563], length 1400
19:52:43.463127 IP (tos 0x0, ttl 122, id 48240, offset 0, flags [none], proto TCP (6), length 2852)
    142.250.70.42.443 > 192.168.1.194.36810: Flags [P.], cksum 0xa2a5 (incorrect -> 0x991e), seq 2801:5601, ack 1914, win 1043, options [nop,nop,TS val 612590124 ecr 1135591563], length 2800
19:52:43.463128 IP (tos 0x0, ttl 122, id 48242, offset 0, flags [none], proto TCP (6), length 2852)
    142.250.70.42.443 > 192.168.1.194.36810: Flags [P.], cksum 0xa2a5 (incorrect -> 0xda62), seq 5601:8401, ack 1914, win 1043, options [nop,nop,TS val 612590124 ecr 1135591563], length 2800
19:52:43.463128 IP (tos 0x0, ttl 122, id 48244, offset 0, flags [none], proto TCP (6), length 2398)
    142.250.70.42.443 > 192.168.1.194.36810: Flags [P.], cksum 0xa0df (incorrect -> 0x09c1), seq 8401:10747, ack 1914, win 1043, options [nop,nop,TS val 612590124 ecr 1135591563], length 2346
19:52:43.463138 IP (tos 0x0, ttl 64, id 54421, offset 0, flags [DF], proto TCP (6), length 52)
    192.168.1.194.36810 > 142.250.70.42.443: Flags [.], cksum 0x97b5 (incorrect -> 0x8f76), seq 1914, ack 2801, win 482, options [nop,nop,TS val 1135591602 ecr 612590124], length 0
19:52:43.463147 IP (tos 0x0, ttl 64, id 54422, offset 0, flags [DF], proto TCP (6), length 52)
    192.168.1.194.36810 > 142.250.70.42.443: Flags [.], cksum 0x97b5 (incorrect -> 0x849b), seq 1914, ack 5601, win 461, options [nop,nop,TS val 1135591602 ecr 612590124], length 0
19:52:43.463151 IP (tos 0x0, ttl 64, id 54423, offset 0, flags [DF], proto TCP (6), length 52)
    192.168.1.194.36810 > 142.250.70.42.443: Flags [.], cksum 0x97b5 (incorrect -> 0x79c0), seq 1914, ack 8401, win 440, options [nop,nop,TS val 1135591602 ecr 612590124], length 0
19:52:43.463155 IP (tos 0x0, ttl 64, id 54424, offset 0, flags [DF], proto TCP (6), length 52)
    192.168.1.194.36810 > 142.250.70.42.443: Flags [.], cksum 0x97b5 (incorrect -> 0x70a8), seq 1914, ack 10747, win 422, options [nop,nop,TS val 1135591602 ecr 612590124], length 0
19:52:43.463977 IP (tos 0x0, ttl 64, id 54425, offset 0, flags [DF], proto TCP (6), length 116)
    192.168.1.194.36810 > 142.250.70.42.443: Flags [P.], cksum 0x97f5 (incorrect -> 0x5bbc), seq 1914:1978, ack 10747, win 422, options [nop,nop,TS val 1135591603 ecr 612590124], length 64
19:52:43.464253 IP (tos 0x0, ttl 64, id 54426, offset 0, flags [DF], proto TCP (6), length 144)
    192.168.1.194.36810 > 142.250.70.42.443: Flags [P.], cksum 0x9811 (incorrect -> 0x8858), seq 1978:2070, ack 10747, win 422, options [nop,nop,TS val 1135591604 ecr 612590124], length 92
19:52:43.464386 IP (tos 0x80, ttl 123, id 9788, offset 0, flags [none], proto TCP (6), length 366)
    142.250.183.36.443 > 192.168.1.194.49806: Flags [P.], cksum 0x58ab (correct), seq 62519:62833, ack 7989, win 1026, options [nop,nop,TS val 152881201 ecr 4259311563], length 314
19:52:43.464807 IP (tos 0x0, ttl 64, id 54427, offset 0, flags [DF], proto TCP (6), length 856)
    192.168.1.194.36810 > 142.250.70.42.443: Flags [P.], cksum 0x9ad9 (incorrect -> 0xb6f5), seq 2070:2874, ack 10747, win 422, options [nop,nop,TS val 1135591604 ecr 612590124], length 804
19:52:43.465084 IP (tos 0x80, ttl 123, id 9789, offset 0, flags [none], proto TCP (6), length 83)
    142.250.183.36.443 > 192.168.1.194.49806: Flags [P.], cksum 0xc370 (correct), seq 62833:62864, ack 7989, win 1026, options [nop,nop,TS val 152881201 ecr 4259311563], length 31
19:52:43.465938 IP (tos 0x0, ttl 64, id 34182, offset 0, flags [DF], proto TCP (6), length 52)
    192.168.1.194.49806 > 142.250.183.36.443: Flags [.], cksum 0x08b0 (incorrect -> 0xbf72), seq 8239, ack 62864, win 643, options [nop,nop,TS val 4259311627 ecr 152881201], length 0
19:52:43.473442 IP (tos 0x0, ttl 58, id 32113, offset 0, flags [DF], proto TCP (6), length 112)
    172.65.251.78.443 > 192.168.1.194.46058: Flags [P.], cksum 0x93c1 (correct), seq 120:180, ack 1, win 17, options [nop,nop,TS val 4260529158 ecr 3510422377], length 60
19:52:43.473455 IP (tos 0x0, ttl 64, id 28241, offset 0, flags [DF], proto TCP (6), length 52)
    192.168.1.194.46058 > 172.65.251.78.443: Flags [.], cksum 0x6a21 (incorrect -> 0xe4b4), seq 1, ack 180, win 440, options [nop,nop,TS val 3510425415 ecr 4260529158], length 0
19:52:43.474092 IP (tos 0x80, ttl 123, id 9790, offset 0, flags [none], proto TCP (6), length 52)
    142.250.183.36.443 > 192.168.1.194.49806: Flags [.], cksum 0xbedf (correct), seq 62864, ack 8028, win 1026, options [nop,nop,TS val 152881210 ecr 4259311593], length 0
19:52:43.488402 IP (tos 0x80, ttl 123, id 9791, offset 0, flags [none], proto TCP (6), length 52)
    142.250.183.36.443 > 192.168.1.194.49806: Flags [.], cksum 0xbde9 (correct), seq 62864, ack 8239, win 1026, options [nop,nop,TS val 152881224 ecr 4259311614], length 0
19:52:43.491945 IP (tos 0x80, ttl 123, id 9792, offset 0, flags [none], proto TCP (6), length 276)
    142.250.183.36.443 > 192.168.1.194.49806: Flags [P.], cksum 0x2a2f (correct), seq 62864:63088, ack 8239, win 1026, options [nop,nop,TS val 152881228 ecr 4259311614], length 224
19:52:43.491947 IP (tos 0x80, ttl 123, id 9793, offset 0, flags [none], proto TCP (6), length 83)
    142.250.183.36.443 > 192.168.1.194.49806: Flags [P.], cksum 0xdf7b (correct), seq 63088:63119, ack 8239, win 1026, options [nop,nop,TS val 152881228 ecr 4259311614], length 31
19:52:43.491948 IP (tos 0x80, ttl 123, id 9794, offset 0, flags [none], proto TCP (6), length 292)
    142.250.183.36.443 > 192.168.1.194.49806: Flags [P.], cksum 0x1213 (correct), seq 63119:63359, ack 8239, win 1026, options [nop,nop,TS val 152881228 ecr 4259311614], length 240
19:52:43.492717 IP (tos 0x0, ttl 64, id 34183, offset 0, flags [DF], proto TCP (6), length 52)
    192.168.1.194.49806 > 142.250.183.36.443: Flags [.], cksum 0x08b0 (incorrect -> 0xbd21), seq 8239, ack 63359, win 687, options [nop,nop,TS val 4259311654 ecr 152881228], length 0
19:52:43.492795 IP (tos 0x0, ttl 64, id 34184, offset 0, flags [DF], proto TCP (6), length 91)
    192.168.1.194.49806 > 142.250.183.36.443: Flags [P.], cksum 0x08d7 (incorrect -> 0x420e), seq 8239:8278, ack 63359, win 687, options [nop,nop,TS val 4259311654 ecr 152881228], length 39
19:52:43.494490 IP (tos 0x80, ttl 123, id 9795, offset 0, flags [none], proto TCP (6), length 274)
    142.250.183.36.443 > 192.168.1.194.49806: Flags [P.], cksum 0x5264 (correct), seq 63359:63581, ack 8239, win 1026, options [nop,nop,TS val 152881230 ecr 4259311614], length 222
19:52:43.495653 IP (tos 0x80, ttl 123, id 9796, offset 0, flags [none], proto TCP (6), length 83)
    142.250.183.36.443 > 192.168.1.194.49806: Flags [P.], cksum 0x82df (correct), seq 63581:63612, ack 8239, win 1026, options [nop,nop,TS val 152881231 ecr 4259311614], length 31
19:52:43.495760 IP (tos 0x0, ttl 64, id 34185, offset 0, flags [DF], proto TCP (6), length 52)
    192.168.1.194.49806 > 142.250.183.36.443: Flags [.], cksum 0x08b0 (incorrect -> 0xbbe2), seq 8278, ack 63612, win 709, options [nop,nop,TS val 4259311657 ecr 152881230], length 0
19:52:43.496012 IP (tos 0x0, ttl 117, id 41663, offset 0, flags [DF], proto TCP (6), length 52)
    3.6.115.64.80 > 192.168.1.194.49294: Flags [.], cksum 0xa964 (correct), seq 0, ack 1, win 442, options [nop,nop,TS val 2971012971 ecr 3328432365], length 0
19:52:43.496044 IP (tos 0x0, ttl 64, id 8091, offset 0, flags [DF], proto TCP (6), length 52)
    192.168.1.194.49294 > 3.6.115.64.80: Flags [.], cksum 0x38d7 (incorrect -> 0x6e42), seq 1, ack 1, win 501, options [nop,nop,TS val 3328447722 ecr 2971012692], length 0
19:52:43.501025 IP (tos 0x0, ttl 122, id 48246, offset 0, flags [none], proto TCP (6), length 668)
    142.250.70.42.443 > 192.168.1.194.36810: Flags [P.], cksum 0x9fb7 (correct), seq 10747:11363, ack 1978, win 1043, options [nop,nop,TS val 612590163 ecr 1135591603], length 616
19:52:43.501536 IP (tos 0x0, ttl 122, id 48247, offset 0, flags [none], proto TCP (6), length 83)
    142.250.70.42.443 > 192.168.1.194.36810: Flags [P.], cksum 0x549b (correct), seq 11363:11394, ack 2070, win 1043, options [nop,nop,TS val 612590164 ecr 1135591604], length 31
19:52:43.502299 IP (tos 0x0, ttl 64, id 54428, offset 0, flags [DF], proto TCP (6), length 83)
    192.168.1.194.36810 > 142.250.70.42.443: Flags [P.], cksum 0x97d4 (incorrect -> 0xffbe), seq 2874:2905, ack 11394, win 417, options [nop,nop,TS val 1135591642 ecr 612590163], length 31
19:52:43.507152 IP (tos 0x80, ttl 123, id 9797, offset 0, flags [none], proto TCP (6), length 274)
    142.250.183.36.443 > 192.168.1.194.49806: Flags [P.], cksum 0xaffa (correct), seq 63612:63834, ack 8239, win 1026, options [nop,nop,TS val 152881239 ecr 4259311627], length 222
19:52:43.508255 IP (tos 0x0, ttl 122, id 48248, offset 0, flags [none], proto TCP (6), length 52)
    142.250.70.42.443 > 192.168.1.194.36810: Flags [.], cksum 0x67c7 (correct), seq 11394, ack 2874, win 1040, options [nop,nop,TS val 612590170 ecr 1135591604], length 0
19:52:43.532070 IP (tos 0x80, ttl 123, id 9799, offset 0, flags [none], proto TCP (6), length 52)
    142.250.183.36.443 > 192.168.1.194.49806: Flags [.], cksum 0xb985 (correct), seq 63865, ack 8278, win 1026, options [nop,nop,TS val 152881268 ecr 4259311654], length 0
19:52:43.535280 IP (tos 0x80, ttl 123, id 9800, offset 0, flags [none], proto TCP (6), length 122)
    142.250.183.36.443 > 192.168.1.194.49806: Flags [P.], cksum 0xba44 (correct), seq 63865:63935, ack 8278, win 1026, options [nop,nop,TS val 152881271 ecr 4259311654], length 70
19:52:43.535282 IP (tos 0x80, ttl 123, id 9801, offset 0, flags [none], proto TCP (6), length 128)
    142.250.183.36.443 > 192.168.1.194.49806: Flags [P.], cksum 0x66cb (correct), seq 63935:64011, ack 8278, win 1026, options [nop,nop,TS val 152881271 ecr 4259311654], length 76
19:52:43.535283 IP (tos 0x80, ttl 123, id 9802, offset 0, flags [none], proto TCP (6), length 149)
    142.250.183.36.443 > 192.168.1.194.49806: Flags [P.], cksum 0xc9f1 (correct), seq 64011:64108, ack 8278, win 1026, options [nop,nop,TS val 152881271 ecr 4259311654], length 97
19:52:43.535332 IP (tos 0x0, ttl 64, id 34186, offset 0, flags [DF], proto TCP (6), length 64)
    192.168.1.194.49806 > 142.250.183.36.443: Flags [.], cksum 0x08bc (incorrect -> 0x7d5d), seq 8278, ack 63834, win 753, options [nop,nop,TS val 4259311697 ecr 152881239,nop,nop,sack 1 {63865:63935}], length 0
19:52:43.535368 IP (tos 0x0, ttl 64, id 34187, offset 0, flags [DF], proto TCP (6), length 64)
    192.168.1.194.49806 > 142.250.183.36.443: Flags [.], cksum 0x08bc (incorrect -> 0x7cfc), seq 8278, ack 63834, win 774, options [nop,nop,TS val 4259311697 ecr 152881239,nop,nop,sack 1 {63865:64011}], length 0
19:52:43.535380 IP (tos 0x0, ttl 64, id 34188, offset 0, flags [DF], proto TCP (6), length 64)
    192.168.1.194.49806 > 142.250.183.36.443: Flags [.], cksum 0x08bc (incorrect -> 0x7c85), seq 8278, ack 63834, win 796, options [nop,nop,TS val 4259311697 ecr 152881239,nop,nop,sack 1 {63865:64108}], length 0
19:52:43.537235 IP (tos 0x80, ttl 123, id 9803, offset 0, flags [none], proto TCP (6), length 84)
    142.250.183.36.443 > 192.168.1.194.49806: Flags [P.], cksum 0x3cae (correct), seq 64108:64140, ack 8278, win 1026, options [nop,nop,TS val 152881273 ecr 4259311654], length 32
19:52:43.537237 IP (tos 0x80, ttl 123, id 9804, offset 0, flags [none], proto TCP (6), length 83)
    142.250.183.36.443 > 192.168.1.194.49806: Flags [P.], cksum 0x4a49 (correct), seq 64140:64171, ack 8278, win 1026, options [nop,nop,TS val 152881273 ecr 4259311654], length 31
19:52:43.537237 IP (tos 0x80, ttl 123, id 9805, offset 0, flags [none], proto TCP (6), length 91)
    142.250.183.36.443 > 192.168.1.194.49806: Flags [P.], cksum 0x7acb (correct), seq 64171:64210, ack 8278, win 1026, options [nop,nop,TS val 152881273 ecr 4259311654], length 39
19:52:43.538386 IP (tos 0x0, ttl 64, id 34189, offset 0, flags [DF], proto TCP (6), length 64)
    192.168.1.194.49806 > 142.250.183.36.443: Flags [.], cksum 0x08bc (incorrect -> 0x7bdb), seq 8278, ack 63834, win 862, options [nop,nop,TS val 4259311699 ecr 152881239,nop,nop,sack 1 {63865:64210}], length 0
19:52:43.539091 IP (tos 0x0, ttl 122, id 48249, offset 0, flags [none], proto TCP (6), length 52)
    142.250.70.42.443 > 192.168.1.194.36810: Flags [.], cksum 0x6762 (correct), seq 11394, ack 2905, win 1040, options [nop,nop,TS val 612590202 ecr 1135591642], length 0
19:52:43.557972 IP (tos 0x80, ttl 123, id 9806, offset 0, flags [none], proto TCP (6), length 275)
    142.250.183.36.443 > 192.168.1.194.49806: Flags [P.], cksum 0x91d2 (correct), seq 64210:64433, ack 8278, win 1026, options [nop,nop,TS val 152881294 ecr 4259311654], length 223
19:52:43.558782 IP (tos 0x80, ttl 123, id 9807, offset 0, flags [none], proto TCP (6), length 83)
    142.250.183.36.443 > 192.168.1.194.49806: Flags [P.], cksum 0xb575 (correct), seq 64433:64464, ack 8278, win 1026, options [nop,nop,TS val 152881295 ecr 4259311654], length 31
19:52:43.559121 IP (tos 0x0, ttl 64, id 34190, offset 0, flags [DF], proto TCP (6), length 64)
    192.168.1.194.49806 > 142.250.183.36.443: Flags [.], cksum 0x08bc (incorrect -> 0x7ab2), seq 8278, ack 63834, win 884, options [nop,nop,TS val 4259311720 ecr 152881239,nop,nop,sack 1 {63865:64464}], length 0
19:52:43.568875 IP (tos 0x20, ttl 237, id 0, offset 0, flags [DF], proto TCP (6), length 40)
    54.81.186.169.443 > 192.168.1.194.34566: Flags [R], cksum 0x0e03 (correct), seq 2506936394, win 0, length 0
19:52:43.569300 IP (tos 0x20, ttl 237, id 0, offset 0, flags [DF], proto TCP (6), length 40)
    54.81.186.169.443 > 192.168.1.194.34566: Flags [R], cksum 0x0e03 (correct), seq 2506936394, win 0, length 0
19:52:43.572616 IP (tos 0x80, ttl 123, id 9808, offset 0, flags [none], proto TCP (6), length 83)
    142.250.183.36.443 > 192.168.1.194.49806: Flags [P.], cksum 0x7b06 (correct), seq 63834:63865, ack 8278, win 1026, options [nop,nop,TS val 152881309 ecr 4259311697], length 31
19:52:43.572633 IP (tos 0x0, ttl 64, id 34191, offset 0, flags [DF], proto TCP (6), length 52)
    192.168.1.194.49806 > 142.250.183.36.443: Flags [.], cksum 0x08b0 (incorrect -> 0xb743), seq 8278, ack 64464, win 884, options [nop,nop,TS val 4259311734 ecr 152881309], length 0
19:52:43.572986 IP (tos 0x0, ttl 64, id 34192, offset 0, flags [DF], proto TCP (6), length 91)
    192.168.1.194.49806 > 142.250.183.36.443: Flags [P.], cksum 0x08d7 (incorrect -> 0xe48e), seq 8278:8317, ack 64464, win 884, options [nop,nop,TS val 4259311734 ecr 152881309], length 39
19:52:43.577949 IP (tos 0x0, ttl 122, id 48250, offset 0, flags [none], proto TCP (6), length 452)
    142.250.70.42.443 > 192.168.1.194.36810: Flags [P.], cksum 0x59b3 (correct), seq 11394:11794, ack 2905, win 1040, options [nop,nop,TS val 612590240 ecr 1135591642], length 400
19:52:43.577950 IP (tos 0x0, ttl 122, id 48251, offset 0, flags [none], proto TCP (6), length 152)
    142.250.70.42.443 > 192.168.1.194.36810: Flags [P.], cksum 0x0cce (correct), seq 11794:11894, ack 2905, win 1040, options [nop,nop,TS val 612590240 ecr 1135591642], length 100
19:52:43.577950 IP (tos 0x0, ttl 122, id 48252, offset 0, flags [none], proto TCP (6), length 83)
    142.250.70.42.443 > 192.168.1.194.36810: Flags [P.], cksum 0x411f (correct), seq 11894:11925, ack 2905, win 1040, options [nop,nop,TS val 612590240 ecr 1135591642], length 31
19:52:43.577950 IP (tos 0x0, ttl 122, id 48253, offset 0, flags [none], proto TCP (6), length 91)
    142.250.70.42.443 > 192.168.1.194.36810: Flags [P.], cksum 0x923d (correct), seq 11925:11964, ack 2905, win 1040, options [nop,nop,TS val 612590240 ecr 1135591642], length 39
19:52:43.578320 IP (tos 0x0, ttl 64, id 54429, offset 0, flags [DF], proto TCP (6), length 52)
    192.168.1.194.36810 > 142.250.70.42.443: Flags [.], cksum 0x97b5 (incorrect -> 0x6729), seq 2905, ack 11964, win 413, options [nop,nop,TS val 1135591718 ecr 612590240], length 0
19:52:43.578350 IP (tos 0x0, ttl 64, id 54430, offset 0, flags [DF], proto TCP (6), length 91)
    192.168.1.194.36810 > 142.250.70.42.443: Flags [P.], cksum 0x97dc (incorrect -> 0x1e92), seq 2905:2944, ack 11964, win 413, options [nop,nop,TS val 1135591718 ecr 612590240], length 39
19:52:43.579677 IP (tos 0x0, ttl 64, id 34193, offset 0, flags [DF], proto TCP (6), length 192)
    192.168.1.194.49806 > 142.250.183.36.443: Flags [P.], cksum 0x093c (incorrect -> 0x8d5c), seq 8317:8457, ack 64464, win 884, options [nop,nop,TS val 4259311741 ecr 152881309], length 140
19:52:43.582329 IP (tos 0x20, ttl 240, id 33330, offset 0, flags [DF], proto TCP (6), length 52)
    35.174.210.7.443 > 192.168.1.194.60328: Flags [F.], cksum 0x4a4f (correct), seq 255, ack 935, win 27, options [nop,nop,TS val 1907042957 ecr 3348734431], length 0
19:52:43.582340 IP (tos 0x0, ttl 64, id 57235, offset 0, flags [DF], proto TCP (6), length 52)
    192.168.1.194.60328 > 35.174.210.7.443: Flags [.], cksum 0xb846 (incorrect -> 0x47b0), seq 935, ack 256, win 458, options [nop,nop,TS val 3348734671 ecr 1907042957], length 0
19:52:43.597052 IP (tos 0x80, ttl 123, id 9809, offset 0, flags [none], proto TCP (6), length 345)
    142.250.183.36.443 > 192.168.1.194.49806: Flags [P.], cksum 0x5b34 (correct), seq 64464:64757, ack 8278, win 1026, options [nop,nop,TS val 152881333 ecr 4259311720], length 293
19:52:43.597053 IP (tos 0x80, ttl 123, id 9810, offset 0, flags [none], proto TCP (6), length 445)
    142.250.183.36.443 > 192.168.1.194.49806: Flags [P.], cksum 0x7b3d (correct), seq 64757:65150, ack 8278, win 1026, options [nop,nop,TS val 152881333 ecr 4259311720], length 393
19:52:43.597053 IP (tos 0x80, ttl 123, id 9811, offset 0, flags [none], proto TCP (6), length 84)
    142.250.183.36.443 > 192.168.1.194.49806: Flags [P.], cksum 0x739f (correct), seq 65150:65182, ack 8278, win 1026, options [nop,nop,TS val 152881333 ecr 4259311720], length 32
19:52:43.597292 IP (tos 0x0, ttl 64, id 34194, offset 0, flags [DF], proto TCP (6), length 52)
    192.168.1.194.49806 > 142.250.183.36.443: Flags [.], cksum 0x08b0 (incorrect -> 0xb365), seq 8457, ack 65182, win 928, options [nop,nop,TS val 4259311759 ecr 152881333], length 0
19:52:43.598092 IP (tos 0x80, ttl 123, id 9812, offset 0, flags [none], proto TCP (6), length 83)
    142.250.183.36.443 > 192.168.1.194.49806: Flags [P.], cksum 0xa912 (correct), seq 65182:65213, ack 8278, win 1026, options [nop,nop,TS val 152881334 ecr 4259311720], length 31
19:52:43.610206 IP (tos 0x0, ttl 64, id 2164, offset 0, flags [DF], proto TCP (6), length 52)
    192.168.1.194.57330 > 3.6.98.232.80: Flags [.], cksum 0x287f (incorrect -> 0x5db3), seq 0, ack 1, win 501, options [nop,nop,TS val 4263799859 ecr 3144055080], length 0
19:52:43.611207 IP (tos 0x0, ttl 64, id 37360, offset 0, flags [DF], proto TCP (6), length 52)
    192.168.1.194.41786 > 3.6.30.85.80: Flags [.], cksum 0xe3eb (incorrect -> 0x25da), seq 0, ack 1, win 501, options [nop,nop,TS val 3269357990 ecr 1456751580], length 0
19:52:43.615727 IP (tos 0x80, ttl 123, id 9813, offset 0, flags [none], proto TCP (6), length 52)
    142.250.183.36.443 > 192.168.1.194.49806: Flags [.], cksum 0xb2eb (correct), seq 65213, ack 8457, win 1026, options [nop,nop,TS val 152881351 ecr 4259311734], length 0
19:52:43.622296 IP (tos 0x0, ttl 122, id 48254, offset 0, flags [none], proto TCP (6), length 52)
    142.250.70.42.443 > 192.168.1.194.36810: Flags [.], cksum 0x6463 (correct), seq 11964, ack 2944, win 1040, options [nop,nop,TS val 612590284 ecr 1135591718], length 0
19:52:43.638225 IP (tos 0x0, ttl 64, id 34195, offset 0, flags [DF], proto TCP (6), length 52)
    192.168.1.194.49806 > 142.250.183.36.443: Flags [.], cksum 0x08b0 (incorrect -> 0xb31c), seq 8457, ack 65213, win 928, options [nop,nop,TS val 4259311800 ecr 152881334], length 0
19:52:43.645949 IP (tos 0x0, ttl 120, id 61071, offset 0, flags [DF], proto TCP (6), length 52)
    3.6.98.232.80 > 192.168.1.194.57330: Flags [.], cksum 0x7741 (correct), seq 1, ack 1, win 442, options [nop,nop,TS val 3144056124 ecr 4263792331], length 0
19:52:43.648562 IP (tos 0x0, ttl 120, id 18061, offset 0, flags [DF], proto TCP (6), length 52)
    3.6.30.85.80 > 192.168.1.194.41786: Flags [.], cksum 0x2ca4 (correct), seq 1, ack 1, win 2098, options [nop,nop,TS val 1456752623 ecr 3269353611], length 0
19:52:43.679905 IP (tos 0x80, ttl 123, id 9814, offset 0, flags [none], proto TCP (6), length 275)
    142.250.183.36.443 > 192.168.1.194.49806: Flags [P.], cksum 0xfb36 (correct), seq 65213:65436, ack 8457, win 1026, options [nop,nop,TS val 152881415 ecr 4259311800], length 223
19:52:43.679907 IP (tos 0x80, ttl 123, id 9815, offset 0, flags [none], proto TCP (6), length 83)
    142.250.183.36.443 > 192.168.1.194.49806: Flags [P.], cksum 0xc78e (correct), seq 65436:65467, ack 8457, win 1026, options [nop,nop,TS val 152881416 ecr 4259311800], length 31
19:52:43.679907 IP (tos 0x80, ttl 123, id 9816, offset 0, flags [none], proto TCP (6), length 91)
    142.250.183.36.443 > 192.168.1.194.49806: Flags [P.], cksum 0x6cce (correct), seq 65467:65506, ack 8457, win 1026, options [nop,nop,TS val 152881416 ecr 4259311800], length 39
19:52:43.679951 IP (tos 0x0, ttl 64, id 34196, offset 0, flags [DF], proto TCP (6), length 52)
    192.168.1.194.49806 > 142.250.183.36.443: Flags [.], cksum 0x08b0 (incorrect -> 0xb1ae), seq 8457, ack 65436, win 949, options [nop,nop,TS val 4259311841 ecr 152881415], length 0
19:52:43.680425 IP (tos 0x0, ttl 64, id 34197, offset 0, flags [DF], proto TCP (6), length 52)
    192.168.1.194.49806 > 142.250.183.36.443: Flags [.], cksum 0x08b0 (incorrect -> 0xb166), seq 8457, ack 65506, win 949, options [nop,nop,TS val 4259311842 ecr 152881416], length 0
19:52:43.680492 IP (tos 0x0, ttl 64, id 34198, offset 0, flags [DF], proto TCP (6), length 91)
    192.168.1.194.49806 > 142.250.183.36.443: Flags [P.], cksum 0x08d7 (incorrect -> 0xa499), seq 8457:8496, ack 65506, win 949, options [nop,nop,TS val 4259311842 ecr 152881416], length 39
19:52:43.722877 IP (tos 0x80, ttl 123, id 9817, offset 0, flags [none], proto TCP (6), length 52)
    142.250.183.36.443 > 192.168.1.194.49806: Flags [.], cksum 0xb0c7 (correct), seq 65506, ack 8496, win 1026, options [nop,nop,TS val 152881459 ecr 4259311842], length 0
19:52:43.797280 IP (tos 0x0, ttl 64, id 29066, offset 0, flags [DF], proto TCP (6), length 52)
    192.168.1.194.59792 > 3.6.122.107.80: Flags [.], cksum 0x4002 (incorrect -> 0xed32), seq 0, ack 1, win 501, options [nop,nop,TS val 216316993 ecr 1119266592], length 0
19:52:43.807285 IP (tos 0x0, ttl 64, id 30130, offset 0, flags [DF], proto TCP (6), length 52)
    192.168.1.194.38390 > 3.6.115.64.80: Flags [.], cksum 0x38d7 (incorrect -> 0xa669), seq 0, ack 1, win 501, options [nop,nop,TS val 3328448034 ecr 2971012281], length 0
19:52:43.819212 IP (tos 0x0, ttl 64, id 18393, offset 0, flags [DF], proto TCP (6), length 52)
    192.168.1.194.34916 > 3.6.30.85.80: Flags [.], cksum 0xe3eb (incorrect -> 0x643c), seq 0, ack 1, win 501, options [nop,nop,TS val 3269358198 ecr 1456751792], length 0
19:52:43.830386 IP (tos 0x0, ttl 114, id 61868, offset 0, flags [DF], proto TCP (6), length 52)
    3.6.122.107.80 > 192.168.1.194.59792: Flags [.], cksum 0xfdb4 (correct), seq 1, ack 1, win 448, options [nop,nop,TS val 1119267627 ecr 216311784], length 0
19:52:43.841147 IP (tos 0x0, ttl 120, id 3804, offset 0, flags [DF], proto TCP (6), length 52)
    3.6.115.64.80 > 192.168.1.194.38390: Flags [.], cksum 0xd339 (correct), seq 1, ack 1, win 2383, options [nop,nop,TS val 2971013316 ecr 3328433644], length 0
19:52:43.858274 IP (tos 0x0, ttl 120, id 57345, offset 0, flags [DF], proto TCP (6), length 52)
    3.6.30.85.80 > 192.168.1.194.34916: Flags [.], cksum 0x92c6 (correct), seq 1, ack 1, win 442, options [nop,nop,TS val 1456752833 ecr 3269345301], length 0
19:52:43.995228 IP (tos 0x0, ttl 64, id 6766, offset 0, flags [DF], proto TCP (6), length 52)
    192.168.1.194.60774 > 3.6.30.85.80: Flags [.], cksum 0xe3eb (incorrect -> 0x4c28), seq 0, ack 1, win 501, options [nop,nop,TS val 3269358374 ecr 1456751969], length 0
19:52:43.996176 IP (tos 0x0, ttl 64, id 43344, offset 0, flags [DF], proto TCP (6), length 52)
    192.168.1.194.57250 > 3.6.115.182.80: Flags [.], cksum 0x394d (incorrect -> 0x74a2), seq 0, ack 1, win 501, options [nop,nop,TS val 4240580060 ecr 36385001], length 0
19:52:44.005184 IP (tos 0x0, ttl 64, id 42242, offset 0, flags [DF], proto TCP (6), length 52)
    192.168.1.194.53220 > 3.6.115.182.80: Flags [.], cksum 0x394d (incorrect -> 0xd705), seq 0, ack 1, win 501, options [nop,nop,TS val 4240580069 ecr 36385008], length 0
19:52:44.030088 IP (tos 0x0, ttl 120, id 8871, offset 0, flags [DF], proto TCP (6), length 52)
    3.6.115.182.80 > 192.168.1.194.57250: Flags [.], cksum 0x8dc7 (correct), seq 1, ack 1, win 3646, options [nop,nop,TS val 36386037 ecr 4240569441], length 0
19:52:44.040629 IP (tos 0x0, ttl 120, id 52626, offset 0, flags [DF], proto TCP (6), length 52)
    3.6.115.182.80 > 192.168.1.194.53220: Flags [.], cksum 0xdf5d (correct), seq 1, ack 1, win 2239, options [nop,nop,TS val 36386047 ecr 4240575155], length 0
19:52:44.127881 IP (tos 0x0, ttl 255, id 54863, offset 0, flags [none], proto UDP (17), length 108)
    192.168.1.163.5353 > 224.0.0.251.5353: [udp sum ok] 0 [3q] PTR (QM)? _rdlink._tcp.local. PTR (QM)? _companion-link._tcp.local. PTR (QM)? lb._dns-sd._udp.local. (80)
19:52:44.127899 IP6 (flowlabel 0xc0800, hlim 255, next-header UDP (17) payload length: 88) fe80::401:5441:5ba9:7d4b.5353 > ff02::fb.5353: [udp sum ok] 0 [3q] PTR (QM)? _rdlink._tcp.local. PTR (QM)? _companion-link._tcp.local. PTR (QM)? lb._dns-sd._udp.local. (80)
19:52:44.127920 ARP, Ethernet (len 6), IPv4 (len 4), Request who-has 192.168.1.99 tell 192.168.1.1, length 28
19:52:44.221102 IP (tos 0x0, ttl 120, id 59737, offset 0, flags [DF], proto TCP (6), length 52)
    3.6.30.85.80 > 192.168.1.194.60774: Flags [.], cksum 0x6d29 (correct), seq 1, ack 1, win 2168, options [nop,nop,TS val 1456753004 ecr 3269347222], length 0
19:52:44.234220 IP (tos 0x0, ttl 64, id 8092, offset 0, flags [DF], proto TCP (6), length 52)
    192.168.1.194.49294 > 3.6.115.64.80: Flags [.], cksum 0x38d7 (incorrect -> 0x6b60), seq 0, ack 1, win 501, options [nop,nop,TS val 3328448461 ecr 2971012692], length 0
19:52:44.270427 IP (tos 0x0, ttl 117, id 41664, offset 0, flags [DF], proto TCP (6), length 52)
    3.6.115.64.80 > 192.168.1.194.49294: Flags [.], cksum 0x6a60 (correct), seq 1, ack 1, win 442, options [nop,nop,TS val 2971013745 ecr 3328447722], length 0
19:52:44.395947 IP (tos 0x0, ttl 64, id 9480, offset 0, flags [DF], proto TCP (6), length 171)
    192.168.1.194.41516 > 20.189.173.2.443: Flags [P.], cksum 0x84c7 (incorrect -> 0x9104), seq 119191:119310, ack 338, win 450, options [nop,nop,TS val 989473708 ecr 7305920], length 119
19:52:44.396197 IP (tos 0x0, ttl 64, id 9481, offset 0, flags [DF], proto TCP (6), length 4336)
    192.168.1.194.41516 > 20.189.173.2.443: Flags [P.], cksum 0x950c (incorrect -> 0x2572), seq 119310:123594, ack 338, win 450, options [nop,nop,TS val 989473708 ecr 7305920], length 4284
19:52:44.396237 IP (tos 0x0, ttl 64, id 9484, offset 0, flags [DF], proto TCP (6), length 4336)
    192.168.1.194.41516 > 20.189.173.2.443: Flags [P.], cksum 0x950c (incorrect -> 0x7091), seq 123594:127878, ack 338, win 450, options [nop,nop,TS val 989473708 ecr 7305920], length 4284
19:52:44.399385 IP (tos 0x0, ttl 64, id 9487, offset 0, flags [DF], proto TCP (6), length 4336)
    192.168.1.194.41516 > 20.189.173.2.443: Flags [P.], cksum 0x950c (incorrect -> 0x54db), seq 127878:132162, ack 338, win 450, options [nop,nop,TS val 989473712 ecr 7305920], length 4284
19:52:44.426220 IP (tos 0x0, ttl 64, id 52055, offset 0, flags [DF], proto TCP (6), length 52)
    192.168.1.194.54482 > 3.6.115.182.80: Flags [.], cksum 0x394d (incorrect -> 0x8935), seq 0, ack 1, win 501, options [nop,nop,TS val 4240580490 ecr 36385403], length 0
19:52:44.427256 IP (tos 0x0, ttl 64, id 19651, offset 0, flags [DF], proto TCP (6), length 52)
    192.168.1.194.53798 > 3.6.115.64.80: Flags [.], cksum 0x38d7 (incorrect -> 0xbdcb), seq 0, ack 1, win 501, options [nop,nop,TS val 3328448654 ecr 2971012870], length 0
19:52:44.458361 IP (tos 0x0, ttl 120, id 59299, offset 0, flags [DF], proto TCP (6), length 52)
    3.6.115.182.80 > 192.168.1.194.54482: Flags [.], cksum 0xa171 (correct), seq 1, ack 1, win 1769, options [nop,nop,TS val 36386465 ecr 4240571955], length 0
19:52:44.459725 IP (tos 0x0, ttl 120, id 60311, offset 0, flags [DF], proto TCP (6), length 52)
    3.6.115.64.80 > 192.168.1.194.53798: Flags [.], cksum 0xd67e (correct), seq 1, ack 1, win 1704, options [nop,nop,TS val 2971013935 ecr 3328440062], length 0
19:52:44.471879 IP (tos 0x0, ttl 64, id 33630, offset 0, flags [none], proto UDP (17), length 72)
    192.168.1.194.60927 > 192.168.1.1.53: [bad udp cksum 0x8459 -> 0x999f!] 2766+ [1au] HTTPS? play.google.com. ar: . OPT UDPsize=1472 (44)
19:52:44.471959 IP (tos 0x0, ttl 64, id 8719, offset 0, flags [none], proto UDP (17), length 72)
    192.168.1.194.40243 > 192.168.1.1.53: [bad udp cksum 0x8459 -> 0x569e!] 56987+ [1au] A? play.google.com. ar: . OPT UDPsize=1472 (44)
19:52:44.472009 IP (tos 0x0, ttl 64, id 25698, offset 0, flags [none], proto UDP (17), length 72)
    192.168.1.194.39408 > 192.168.1.1.53: [bad udp cksum 0x8459 -> 0xbdb5!] 24519+ [1au] AAAA? play.google.com. ar: . OPT UDPsize=1472 (44)
19:52:44.472512 IP (tos 0x0, ttl 64, id 34199, offset 0, flags [DF], proto TCP (6), length 290)
    192.168.1.194.49806 > 142.250.183.36.443: Flags [P.], cksum 0x099e (incorrect -> 0xb45b), seq 8496:8734, ack 65506, win 949, options [nop,nop,TS val 4259312634 ecr 152881459], length 238
19:52:44.473218 IP (tos 0x0, ttl 64, id 34200, offset 0, flags [DF], proto TCP (6), length 83)
    192.168.1.194.49806 > 142.250.183.36.443: Flags [P.], cksum 0x08cf (incorrect -> 0x7f11), seq 8734:8765, ack 65506, win 949, options [nop,nop,TS val 4259312635 ecr 152881459], length 31
19:52:44.484848 IP (tos 0x0, ttl 64, id 15126, offset 0, flags [DF], proto UDP (17), length 122)
    192.168.1.1.53 > 192.168.1.194.60927: [udp sum ok] 2766 q: HTTPS? play.google.com. 0/1/1 ns: google.com. [39s] SOA ns1.google.com. dns-admin.google.com. 779718432 900 900 1800 60 ar: . OPT UDPsize=1232 (94)
19:52:44.485231 IP (tos 0x0, ttl 64, id 15128, offset 0, flags [DF], proto UDP (17), length 100)
    192.168.1.1.53 > 192.168.1.194.39408: [udp sum ok] 24519 q: AAAA? play.google.com. 1/0/1 play.google.com. [2m8s] AAAA 2404:6800:4009:82f::200e ar: . OPT UDPsize=1232 (72)
19:52:44.485246 IP (tos 0x0, ttl 64, id 15127, offset 0, flags [DF], proto UDP (17), length 88)
    192.168.1.1.53 > 192.168.1.194.40243: [udp sum ok] 56987 q: A? play.google.com. 1/0/1 play.google.com. [8s] A 142.251.220.78 ar: . OPT UDPsize=1232 (60)
19:52:44.485795 IP (tos 0x0, ttl 64, id 36023, offset 0, flags [DF], proto TCP (6), length 60)
    192.168.1.194.52294 > 142.251.220.78.443: Flags [S], cksum 0x2de3 (incorrect -> 0xfd78), seq 1768878657, win 64240, options [mss 1460,sackOK,TS val 2502714115 ecr 0,nop,wscale 7], length 0
19:52:44.492670 IP (tos 0x0, ttl 64, id 20826, offset 0, flags [DF], proto TCP (6), length 145)
    192.168.1.194.49804 > 142.250.183.36.443: Flags [P.], cksum 0x090d (incorrect -> 0x46a6), seq 2634:2727, ack 11050, win 420, options [nop,nop,TS val 4259312654 ecr 36251184], length 93
19:52:44.519638 IP (tos 0x80, ttl 123, id 9818, offset 0, flags [none], proto TCP (6), length 52)
    142.250.183.36.443 > 192.168.1.194.49806: Flags [.], cksum 0xa9af (correct), seq 65506, ack 8734, win 1026, options [nop,nop,TS val 152882245 ecr 4259312634], length 0
19:52:44.520042 IP (tos 0x80, ttl 123, id 9819, offset 0, flags [none], proto TCP (6), length 52)
    142.250.183.36.443 > 192.168.1.194.49806: Flags [.], cksum 0xa98f (correct), seq 65506, ack 8765, win 1026, options [nop,nop,TS val 152882245 ecr 4259312635], length 0
19:52:44.522049 IP (tos 0x0, ttl 122, id 0, offset 0, flags [DF], proto TCP (6), length 60)
    142.251.220.78.443 > 192.168.1.194.52294: Flags [S.], cksum 0x30a7 (correct), seq 361703458, ack 1768878658, win 65535, options [mss 1412,sackOK,TS val 4088501885 ecr 2502714115,nop,wscale 8], length 0
19:52:44.522069 IP (tos 0x0, ttl 64, id 36024, offset 0, flags [DF], proto TCP (6), length 52)
    192.168.1.194.52294 > 142.251.220.78.443: Flags [.], cksum 0x2ddb (incorrect -> 0x5d2a), seq 1, ack 1, win 502, options [nop,nop,TS val 2502714151 ecr 4088501885], length 0
19:52:44.522621 IP (tos 0x0, ttl 64, id 36025, offset 0, flags [DF], proto TCP (6), length 1952)
    192.168.1.194.52294 > 142.251.220.78.443: Flags [P.], cksum 0x3547 (incorrect -> 0xcc72), seq 1:1901, ack 1, win 502, options [nop,nop,TS val 2502714152 ecr 4088501885], length 1900
19:52:44.529290 IP (tos 0x80, ttl 123, id 6265, offset 0, flags [none], proto TCP (6), length 52)
    142.250.183.36.443 > 192.168.1.194.49804: Flags [.], cksum 0x2608 (correct), seq 11050, ack 2727, win 1044, options [nop,nop,TS val 36253040 ecr 4259312654], length 0
19:52:44.559045 IP (tos 0x0, ttl 122, id 24606, offset 0, flags [none], proto TCP (6), length 52)
    142.251.220.78.443 > 192.168.1.194.52294: Flags [.], cksum 0x537c (correct), seq 1, ack 1901, win 1043, options [nop,nop,TS val 4088501921 ecr 2502714152], length 0
19:52:44.560034 IP (tos 0x0, ttl 122, id 24607, offset 0, flags [none], proto TCP (6), length 1452)
    142.251.220.78.443 > 192.168.1.194.52294: Flags [.], cksum 0x3cba (correct), seq 1:1401, ack 1901, win 1043, options [nop,nop,TS val 4088501923 ecr 2502714152], length 1400
19:52:44.560074 IP (tos 0x0, ttl 64, id 36027, offset 0, flags [DF], proto TCP (6), length 52)
    192.168.1.194.52294 > 142.251.220.78.443: Flags [.], cksum 0x2ddb (incorrect -> 0x5004), seq 1901, ack 1401, win 492, options [nop,nop,TS val 2502714189 ecr 4088501923], length 0
19:52:44.560527 IP (tos 0x0, ttl 122, id 24608, offset 0, flags [none], proto TCP (6), length 1452)
    142.251.220.78.443 > 192.168.1.194.52294: Flags [P.], cksum 0x6ff2 (correct), seq 1401:2801, ack 1901, win 1043, options [nop,nop,TS val 4088501923 ecr 2502714152], length 1400
19:52:44.560531 IP (tos 0x0, ttl 122, id 24609, offset 0, flags [none], proto TCP (6), length 2852)
    142.251.220.78.443 > 192.168.1.194.52294: Flags [P.], cksum 0x38cb (incorrect -> 0xb0de), seq 2801:5601, ack 1901, win 1043, options [nop,nop,TS val 4088501923 ecr 2502714152], length 2800
19:52:44.560558 IP (tos 0x0, ttl 64, id 36028, offset 0, flags [DF], proto TCP (6), length 52)
    192.168.1.194.52294 > 142.251.220.78.443: Flags [.], cksum 0x2ddb (incorrect -> 0x4a95), seq 1901, ack 2801, win 482, options [nop,nop,TS val 2502714190 ecr 4088501923], length 0
19:52:44.560582 IP (tos 0x0, ttl 64, id 36029, offset 0, flags [DF], proto TCP (6), length 52)
    192.168.1.194.52294 > 142.251.220.78.443: Flags [.], cksum 0x2ddb (incorrect -> 0x3fba), seq 1901, ack 5601, win 461, options [nop,nop,TS val 2502714190 ecr 4088501923], length 0
19:52:44.561774 IP (tos 0x0, ttl 122, id 24611, offset 0, flags [none], proto TCP (6), length 2159)
    142.251.220.78.443 > 192.168.1.194.52294: Flags [P.], cksum 0x3616 (incorrect -> 0x43cf), seq 5601:7708, ack 1901, win 1043, options [nop,nop,TS val 4088501923 ecr 2502714152], length 2107
19:52:44.561803 IP (tos 0x0, ttl 64, id 36030, offset 0, flags [DF], proto TCP (6), length 52)
    192.168.1.194.52294 > 142.251.220.78.443: Flags [.], cksum 0x2ddb (incorrect -> 0x378e), seq 1901, ack 7708, win 445, options [nop,nop,TS val 2502714191 ecr 4088501923], length 0
19:52:44.564387 IP (tos 0x0, ttl 64, id 36031, offset 0, flags [DF], proto TCP (6), length 116)
    192.168.1.194.52294 > 142.251.220.78.443: Flags [P.], cksum 0x2e1b (incorrect -> 0x4263), seq 1901:1965, ack 7708, win 445, options [nop,nop,TS val 2502714194 ecr 4088501923], length 64
19:52:44.565595 IP (tos 0x0, ttl 64, id 36032, offset 0, flags [DF], proto TCP (6), length 144)
    192.168.1.194.52294 > 142.251.220.78.443: Flags [P.], cksum 0x2e37 (incorrect -> 0x5ebc), seq 1965:2057, ack 7708, win 445, options [nop,nop,TS val 2502714195 ecr 4088501923], length 92
19:52:44.565667 IP (tos 0x0, ttl 64, id 36033, offset 0, flags [DF], proto TCP (6), length 638)
    192.168.1.194.52294 > 142.251.220.78.443: Flags [P.], cksum 0x3025 (incorrect -> 0x1e70), seq 2057:2643, ack 7708, win 445, options [nop,nop,TS val 2502714195 ecr 4088501923], length 586
19:52:44.566434 IP (tos 0x0, ttl 64, id 36034, offset 0, flags [DF], proto TCP (6), length 381)
    192.168.1.194.52294 > 142.251.220.78.443: Flags [P.], cksum 0x2f24 (incorrect -> 0xbc41), seq 2643:2972, ack 7708, win 445, options [nop,nop,TS val 2502714196 ecr 4088501923], length 329
19:52:44.572037 IP (tos 0x80, ttl 123, id 9820, offset 0, flags [none], proto TCP (6), length 275)
    142.250.183.36.443 > 192.168.1.194.49806: Flags [P.], cksum 0x8b0e (correct), seq 65506:65729, ack 8765, win 1026, options [nop,nop,TS val 152882308 ecr 4259312635], length 223
19:52:44.572529 IP (tos 0x80, ttl 123, id 9821, offset 0, flags [none], proto TCP (6), length 83)
    142.250.183.36.443 > 192.168.1.194.49806: Flags [P.], cksum 0x2689 (correct), seq 65729:65760, ack 8765, win 1026, options [nop,nop,TS val 152882309 ecr 4259312635], length 31
19:52:44.572531 IP (tos 0x80, ttl 123, id 9822, offset 0, flags [none], proto TCP (6), length 91)
    142.250.183.36.443 > 192.168.1.194.49806: Flags [P.], cksum 0x7efd (correct), seq 65760:65799, ack 8765, win 1026, options [nop,nop,TS val 152882309 ecr 4259312635], length 39
19:52:44.572818 IP (tos 0x0, ttl 64, id 34201, offset 0, flags [DF], proto TCP (6), length 52)
    192.168.1.194.49806 > 142.250.183.36.443: Flags [.], cksum 0x08b0 (incorrect -> 0xa7ff), seq 8765, ack 65799, win 971, options [nop,nop,TS val 4259312734 ecr 152882308], length 0
19:52:44.572915 IP (tos 0x0, ttl 64, id 34202, offset 0, flags [DF], proto TCP (6), length 91)
    192.168.1.194.49806 > 142.250.183.36.443: Flags [P.], cksum 0x08d7 (incorrect -> 0xd733), seq 8765:8804, ack 65799, win 971, options [nop,nop,TS val 4259312734 ecr 152882308], length 39
19:52:44.601161 IP (tos 0x0, ttl 122, id 24613, offset 0, flags [none], proto TCP (6), length 668)
    142.251.220.78.443 > 192.168.1.194.52294: Flags [P.], cksum 0x2b59 (correct), seq 7708:8324, ack 1965, win 1043, options [nop,nop,TS val 4088501963 ecr 2502714194], length 616
19:52:44.601743 IP (tos 0x0, ttl 64, id 36035, offset 0, flags [DF], proto TCP (6), length 83)
    192.168.1.194.52294 > 142.251.220.78.443: Flags [P.], cksum 0x2dfa (incorrect -> 0x89f4), seq 2972:3003, ack 8324, win 441, options [nop,nop,TS val 2502714231 ecr 4088501963], length 31
19:52:44.603632 IP (tos 0x0, ttl 122, id 24614, offset 0, flags [none], proto TCP (6), length 52)
    142.251.220.78.443 > 192.168.1.194.52294: Flags [.], cksum 0x2e75 (correct), seq 8324, ack 2972, win 1040, options [nop,nop,TS val 4088501966 ecr 2502714195], length 0
19:52:44.604165 IP (tos 0x0, ttl 122, id 24615, offset 0, flags [none], proto TCP (6), length 83)
    142.251.220.78.443 > 192.168.1.194.52294: Flags [P.], cksum 0xf412 (correct), seq 8324:8355, ack 2972, win 1040, options [nop,nop,TS val 4088501967 ecr 2502714195], length 31
19:52:44.609293 IP (tos 0x80, ttl 123, id 9823, offset 0, flags [none], proto TCP (6), length 52)
    142.250.183.36.443 > 192.168.1.194.49806: Flags [.], cksum 0xa77c (correct), seq 65799, ack 8804, win 1026, options [nop,nop,TS val 152882345 ecr 4259312734], length 0
19:52:44.611558 IP (tos 0x80, ttl 123, id 6266, offset 0, flags [none], proto TCP (6), length 280)
    142.250.183.36.443 > 192.168.1.194.49804: Flags [P.], cksum 0x84de (correct), seq 11050:11278, ack 2727, win 1044, options [nop,nop,TS val 36253122 ecr 4259312654], length 228
19:52:44.611560 IP (tos 0x80, ttl 123, id 6267, offset 0, flags [none], proto TCP (6), length 408)
    142.250.183.36.443 > 192.168.1.194.49804: Flags [P.], cksum 0xec04 (correct), seq 11278:11634, ack 2727, win 1044, options [nop,nop,TS val 36253122 ecr 4259312654], length 356
19:52:44.611560 IP (tos 0x80, ttl 123, id 6268, offset 0, flags [none], proto TCP (6), length 84)
    142.250.183.36.443 > 192.168.1.194.49804: Flags [P.], cksum 0x9494 (correct), seq 11634:11666, ack 2727, win 1044, options [nop,nop,TS val 36253122 ecr 4259312654], length 32
19:52:44.611633 IP (tos 0x80, ttl 123, id 6269, offset 0, flags [none], proto TCP (6), length 122)
    142.250.183.36.443 > 192.168.1.194.49804: Flags [P.], cksum 0x4261 (correct), seq 11666:11736, ack 2727, win 1044, options [nop,nop,TS val 36253122 ecr 4259312654], length 70
19:52:44.611915 IP (tos 0x0, ttl 64, id 20827, offset 0, flags [DF], proto TCP (6), length 52)
    192.168.1.194.49804 > 142.250.183.36.443: Flags [.], cksum 0x08b0 (incorrect -> 0x2506), seq 2727, ack 11736, win 415, options [nop,nop,TS val 4259312773 ecr 36253122], length 0
19:52:44.611954 IP (tos 0x0, ttl 64, id 20828, offset 0, flags [DF], proto TCP (6), length 91)
    192.168.1.194.49804 > 142.250.183.36.443: Flags [P.], cksum 0x08d7 (incorrect -> 0x0c4e), seq 2727:2766, ack 11736, win 415, options [nop,nop,TS val 4259312773 ecr 36253122], length 39
19:52:44.642270 IP (tos 0x0, ttl 122, id 24616, offset 0, flags [none], proto TCP (6), length 52)
    142.251.220.78.443 > 192.168.1.194.52294: Flags [.], cksum 0x2dec (correct), seq 8355, ack 3003, win 1040, options [nop,nop,TS val 4088502005 ecr 2502714231], length 0
19:52:44.645248 IP (tos 0x0, ttl 64, id 36036, offset 0, flags [DF], proto TCP (6), length 52)
    192.168.1.194.52294 > 142.251.220.78.443: Flags [.], cksum 0x2ddb (incorrect -> 0x303d), seq 3003, ack 8355, win 441, options [nop,nop,TS val 2502714275 ecr 4088501967], length 0
19:52:44.647277 IP (tos 0x0, ttl 64, id 2165, offset 0, flags [DF], proto TCP (6), length 52)
    192.168.1.194.57330 > 3.6.98.232.80: Flags [.], cksum 0x287f (incorrect -> 0x5592), seq 0, ack 1, win 501, options [nop,nop,TS val 4263800896 ecr 3144056124], length 0
19:52:44.648032 IP (tos 0x80, ttl 123, id 6270, offset 0, flags [none], proto TCP (6), length 52)
    142.250.183.36.443 > 192.168.1.194.49804: Flags [.], cksum 0x2246 (correct), seq 11736, ack 2766, win 1044, options [nop,nop,TS val 36253158 ecr 4259312773], length 0
19:52:44.649209 IP (tos 0x0, ttl 64, id 37361, offset 0, flags [DF], proto TCP (6), length 52)
    192.168.1.194.41786 > 3.6.30.85.80: Flags [.], cksum 0xe3eb (incorrect -> 0x1db9), seq 0, ack 1, win 501, options [nop,nop,TS val 3269359028 ecr 1456752623], length 0
19:52:44.653134 IP (tos 0x0, ttl 108, id 61257, offset 0, flags [DF], proto TCP (6), length 52)
    20.189.173.2.443 > 192.168.1.194.41516: Flags [.], cksum 0xac59 (correct), seq 338, ack 120738, win 16386, options [nop,nop,TS val 7307797 ecr 989473708], length 0
19:52:44.653193 IP (tos 0x0, ttl 64, id 9490, offset 0, flags [DF], proto TCP (6), length 2908)
    192.168.1.194.41516 > 20.189.173.2.443: Flags [P.], cksum 0x8f78 (incorrect -> 0x5b56), seq 132162:135018, ack 338, win 450, options [nop,nop,TS val 989473965 ecr 7307797], length 2856
19:52:44.653232 IP (tos 0x0, ttl 64, id 9492, offset 0, flags [DF], proto TCP (6), length 2908)
    192.168.1.194.41516 > 20.189.173.2.443: Flags [P.], cksum 0x8f78 (incorrect -> 0x5024), seq 135018:137874, ack 338, win 450, options [nop,nop,TS val 989473965 ecr 7307797], length 2856
19:52:44.654144 IP (tos 0x0, ttl 108, id 61258, offset 0, flags [DF], proto TCP (6), length 52)
    20.189.173.2.443 > 192.168.1.194.41516: Flags [.], cksum 0xa130 (correct), seq 338, ack 123594, win 16386, options [nop,nop,TS val 7307798 ecr 989473708], length 0
19:52:44.654196 IP (tos 0x0, ttl 64, id 9494, offset 0, flags [DF], proto TCP (6), length 2908)
    192.168.1.194.41516 > 20.189.173.2.443: Flags [P.], cksum 0x8f78 (incorrect -> 0xaedd), seq 137874:140730, ack 338, win 450, options [nop,nop,TS val 989473967 ecr 7307798], length 2856
19:52:44.654233 IP (tos 0x0, ttl 64, id 9496, offset 0, flags [DF], proto TCP (6), length 2908)
    192.168.1.194.41516 > 20.189.173.2.443: Flags [P.], cksum 0x8f78 (incorrect -> 0x024f), seq 140730:143586, ack 338, win 450, options [nop,nop,TS val 989473967 ecr 7307798], length 2856
19:52:44.655270 IP (tos 0x0, ttl 108, id 61259, offset 0, flags [DF], proto TCP (6), length 52)
    20.189.173.2.443 > 192.168.1.194.41516: Flags [.], cksum 0x9607 (correct), seq 338, ack 126450, win 16386, options [nop,nop,TS val 7307799 ecr 989473708], length 0
19:52:44.655272 IP (tos 0x0, ttl 108, id 61260, offset 0, flags [DF], proto TCP (6), length 52)
    20.189.173.2.443 > 192.168.1.194.41516: Flags [.], cksum 0x8adf (correct), seq 338, ack 129306, win 16386, options [nop,nop,TS val 7307799 ecr 989473708], length 0
19:52:44.655272 IP (tos 0x0, ttl 108, id 61261, offset 0, flags [DF], proto TCP (6), length 52)
    20.189.173.2.443 > 192.168.1.194.41516: Flags [.], cksum 0x7fb3 (correct), seq 338, ack 132162, win 16386, options [nop,nop,TS val 7307799 ecr 989473712], length 0
19:52:44.655309 IP (tos 0x0, ttl 64, id 9498, offset 0, flags [DF], proto TCP (6), length 2908)
    192.168.1.194.41516 > 20.189.173.2.443: Flags [P.], cksum 0x8f78 (incorrect -> 0xd31e), seq 143586:146442, ack 338, win 450, options [nop,nop,TS val 989473968 ecr 7307799], length 2856
19:52:44.655344 IP (tos 0x0, ttl 64, id 9500, offset 0, flags [DF], proto TCP (6), length 2908)
    192.168.1.194.41516 > 20.189.173.2.443: Flags [P.], cksum 0x8f78 (incorrect -> 0x73e7), seq 146442:149298, ack 338, win 450, options [nop,nop,TS val 989473968 ecr 7307799], length 2856
19:52:44.656300 IP (tos 0x0, ttl 64, id 9502, offset 0, flags [DF], proto TCP (6), length 2908)
    192.168.1.194.41516 > 20.189.173.2.443: Flags [P.], cksum 0x8f78 (incorrect -> 0xfd54), seq 149298:152154, ack 338, win 450, options [nop,nop,TS val 989473969 ecr 7307799], length 2856
19:52:44.656345 IP (tos 0x0, ttl 64, id 9504, offset 0, flags [DF], proto TCP (6), length 2908)
    192.168.1.194.41516 > 20.189.173.2.443: Flags [P.], cksum 0x8f78 (incorrect -> 0xd480), seq 152154:155010, ack 338, win 450, options [nop,nop,TS val 989473969 ecr 7307799], length 2856
19:52:44.656846 IP (tos 0x0, ttl 64, id 9506, offset 0, flags [DF], proto TCP (6), length 2908)
    192.168.1.194.41516 > 20.189.173.2.443: Flags [P.], cksum 0x8f78 (incorrect -> 0xcb5f), seq 155010:157866, ack 338, win 450, options [nop,nop,TS val 989473969 ecr 7307799], length 2856
19:52:44.656875 IP (tos 0x0, ttl 64, id 9508, offset 0, flags [DF], proto TCP (6), length 2908)
    192.168.1.194.41516 > 20.189.173.2.443: Flags [P.], cksum 0x8f78 (incorrect -> 0xf4ff), seq 157866:160722, ack 338, win 450, options [nop,nop,TS val 989473969 ecr 7307799], length 2856
19:52:44.679311 IP (tos 0x0, ttl 120, id 61072, offset 0, flags [DF], proto TCP (6), length 52)
    3.6.98.232.80 > 192.168.1.194.57330: Flags [.], cksum 0x7338 (correct), seq 1, ack 1, win 442, options [nop,nop,TS val 3144057157 ecr 4263792331], length 0
19:52:44.682855 IP (tos 0x0, ttl 120, id 18062, offset 0, flags [DF], proto TCP (6), length 52)
    3.6.30.85.80 > 192.168.1.194.41786: Flags [.], cksum 0x2899 (correct), seq 1, ack 1, win 2098, options [nop,nop,TS val 1456753658 ecr 3269353611], length 0
19:52:44.709286 IP (tos 0x0, ttl 122, id 24617, offset 0, flags [none], proto TCP (6), length 681)
    142.251.220.78.443 > 192.168.1.194.52294: Flags [P.], cksum 0x510e (correct), seq 8355:8984, ack 3003, win 1040, options [nop,nop,TS val 4088502071 ecr 2502714275], length 629
19:52:44.709288 IP (tos 0x0, ttl 122, id 24618, offset 0, flags [none], proto TCP (6), length 299)
    142.251.220.78.443 > 192.168.1.194.52294: Flags [P.], cksum 0xeecf (correct), seq 8984:9231, ack 3003, win 1040, options [nop,nop,TS val 4088502071 ecr 2502714275], length 247
19:52:44.709361 IP (tos 0x0, ttl 64, id 36037, offset 0, flags [DF], proto TCP (6), length 52)
    192.168.1.194.52294 > 142.251.220.78.443: Flags [.], cksum 0x2ddb (incorrect -> 0x2d24), seq 3003, ack 8984, win 437, options [nop,nop,TS val 2502714339 ecr 4088502071], length 0
19:52:44.709403 IP (tos 0x0, ttl 64, id 36038, offset 0, flags [DF], proto TCP (6), length 52)
    192.168.1.194.52294 > 142.251.220.78.443: Flags [.], cksum 0x2ddb (incorrect -> 0x2c2e), seq 3003, ack 9231, win 436, options [nop,nop,TS val 2502714339 ecr 4088502071], length 0
19:52:44.713160 IP (tos 0x0, ttl 122, id 24619, offset 0, flags [none], proto TCP (6), length 83)
    142.251.220.78.443 > 192.168.1.194.52294: Flags [P.], cksum 0xedfc (correct), seq 9231:9262, ack 3003, win 1040, options [nop,nop,TS val 4088502075 ecr 2502714275], length 31
19:52:44.713207 IP (tos 0x0, ttl 64, id 36039, offset 0, flags [DF], proto TCP (6), length 52)
    192.168.1.194.52294 > 142.251.220.78.443: Flags [.], cksum 0x2ddb (incorrect -> 0x2c07), seq 3003, ack 9262, win 436, options [nop,nop,TS val 2502714343 ecr 4088502075], length 0
19:52:44.714011 IP (tos 0x0, ttl 122, id 24620, offset 0, flags [none], proto TCP (6), length 91)
    142.251.220.78.443 > 192.168.1.194.52294: Flags [P.], cksum 0x1b34 (correct), seq 9262:9301, ack 3003, win 1040, options [nop,nop,TS val 4088502075 ecr 2502714275], length 39
19:52:44.714047 IP (tos 0x0, ttl 64, id 36040, offset 0, flags [DF], proto TCP (6), length 52)
    192.168.1.194.52294 > 142.251.220.78.443: Flags [.], cksum 0x2ddb (incorrect -> 0x2be0), seq 3003, ack 9301, win 436, options [nop,nop,TS val 2502714343 ecr 4088502075], length 0
19:52:44.714099 IP (tos 0x0, ttl 64, id 36041, offset 0, flags [DF], proto TCP (6), length 91)
    192.168.1.194.52294 > 142.251.220.78.443: Flags [P.], cksum 0x2e02 (incorrect -> 0xc5a6), seq 3003:3042, ack 9301, win 436, options [nop,nop,TS val 2502714343 ecr 4088502075], length 39
19:52:44.750015 IP (tos 0x0, ttl 122, id 24621, offset 0, flags [none], proto TCP (6), length 52)
    142.251.220.78.443 > 192.168.1.194.52294: Flags [.], cksum 0x2938 (correct), seq 9301, ack 3042, win 1040, options [nop,nop,TS val 4088502112 ecr 2502714343], length 0
19:52:44.775587 IP (tos 0x0, ttl 120, id 3805, offset 0, flags [DF], proto TCP (6), length 52)
    3.6.115.64.80 > 192.168.1.194.38390: Flags [.], cksum 0xcf93 (correct), seq 0, ack 1, win 2383, options [nop,nop,TS val 2971014251 ecr 3328433644], length 0
19:52:44.775606 IP (tos 0x0, ttl 64, id 30131, offset 0, flags [DF], proto TCP (6), length 52)
    192.168.1.194.38390 > 3.6.115.64.80: Flags [.], cksum 0x38d7 (incorrect -> 0x9e95), seq 1, ack 1, win 501, options [nop,nop,TS val 3328449002 ecr 2971013316], length 0
19:52:44.831260 IP (tos 0x0, ttl 64, id 29067, offset 0, flags [DF], proto TCP (6), length 52)
    192.168.1.194.59792 > 3.6.122.107.80: Flags [.], cksum 0x4002 (incorrect -> 0xe51d), seq 0, ack 1, win 501, options [nop,nop,TS val 216318027 ecr 1119267627], length 0
19:52:44.842244 IP (tos 0x0, ttl 64, id 30132, offset 0, flags [DF], proto TCP (6), length 52)
    192.168.1.194.38390 > 3.6.115.64.80: Flags [.], cksum 0x38d7 (incorrect -> 0x9e53), seq 0, ack 1, win 501, options [nop,nop,TS val 3328449069 ecr 2971013316], length 0
19:52:44.864462 IP (tos 0x0, ttl 114, id 61869, offset 0, flags [DF], proto TCP (6), length 52)
    3.6.122.107.80 > 192.168.1.194.59792: Flags [.], cksum 0xf9aa (correct), seq 1, ack 1, win 448, options [nop,nop,TS val 1119268661 ecr 216311784], length 0
19:52:44.874250 IP (tos 0x0, ttl 64, id 18394, offset 0, flags [DF], proto TCP (6), length 52)
    192.168.1.194.34916 > 3.6.30.85.80: Flags [.], cksum 0xe3eb (incorrect -> 0x5c0c), seq 0, ack 1, win 501, options [nop,nop,TS val 3269359253 ecr 1456752833], length 0
19:52:44.876067 IP (tos 0x0, ttl 120, id 3806, offset 0, flags [DF], proto TCP (6), length 52)
    3.6.115.64.80 > 192.168.1.194.38390: Flags [.], cksum 0x9330 (correct), seq 1, ack 1, win 2383, options [nop,nop,TS val 2971014351 ecr 3328449002], length 0
19:52:44.908287 IP (tos 0x0, ttl 108, id 61262, offset 0, flags [DF], proto TCP (6), length 52)
    20.189.173.2.443 > 192.168.1.194.41516: Flags [.], cksum 0x7291 (correct), seq 338, ack 135018, win 16386, options [nop,nop,TS val 7308052 ecr 989473965], length 0
19:52:44.908342 IP (tos 0x0, ttl 64, id 9510, offset 0, flags [DF], proto TCP (6), length 2908)
    192.168.1.194.41516 > 20.189.173.2.443: Flags [P.], cksum 0x8f78 (incorrect -> 0xf1c6), seq 160722:163578, ack 338, win 450, options [nop,nop,TS val 989474221 ecr 7308052], length 2856
19:52:44.908397 IP (tos 0x0, ttl 64, id 9512, offset 0, flags [DF], proto TCP (6), length 2356)
    192.168.1.194.41516 > 20.189.173.2.443: Flags [P.], cksum 0x8d50 (incorrect -> 0x03e5), seq 163578:165882, ack 338, win 450, options [nop,nop,TS val 989474221 ecr 7308052], length 2304
19:52:44.909120 IP (tos 0x0, ttl 108, id 61263, offset 0, flags [DF], proto TCP (6), length 52)
    20.189.173.2.443 > 192.168.1.194.41516: Flags [.], cksum 0x6768 (correct), seq 338, ack 137874, win 16386, options [nop,nop,TS val 7308053 ecr 989473965], length 0
19:52:44.910707 IP (tos 0x0, ttl 108, id 61264, offset 0, flags [DF], proto TCP (6), length 87)
    20.189.173.2.443 > 192.168.1.194.41516: Flags [P.], cksum 0xa0c0 (correct), seq 338:373, ack 137874, win 16386, options [nop,nop,TS val 7308053 ecr 989473965], length 35
19:52:44.910708 IP (tos 0x0, ttl 108, id 61265, offset 0, flags [DF], proto TCP (6), length 52)
    20.189.173.2.443 > 192.168.1.194.41516: Flags [.], cksum 0x5c1b (correct), seq 373, ack 140730, win 16386, options [nop,nop,TS val 7308053 ecr 989473967], length 0
19:52:44.910709 IP (tos 0x0, ttl 108, id 61266, offset 0, flags [DF], proto TCP (6), length 52)
    20.189.173.2.443 > 192.168.1.194.41516: Flags [.], cksum 0x50f3 (correct), seq 373, ack 143586, win 16386, options [nop,nop,TS val 7308053 ecr 989473967], length 0
19:52:44.910709 IP (tos 0x0, ttl 108, id 61267, offset 0, flags [DF], proto TCP (6), length 52)
    20.189.173.2.443 > 192.168.1.194.41516: Flags [.], cksum 0x45c9 (correct), seq 373, ack 146442, win 16386, options [nop,nop,TS val 7308054 ecr 989473968], length 0
19:52:44.910739 IP (tos 0x0, ttl 64, id 9514, offset 0, flags [DF], proto TCP (6), length 52)
    192.168.1.194.41516 > 20.189.173.2.443: Flags [.], cksum 0x8450 (incorrect -> 0x371b), seq 165882, ack 373, win 450, options [nop,nop,TS val 989474223 ecr 7308053], length 0
19:52:44.911970 IP (tos 0x0, ttl 108, id 61268, offset 0, flags [DF], proto TCP (6), length 52)
    20.189.173.2.443 > 192.168.1.194.41516: Flags [.], cksum 0x350c (correct), seq 373, ack 150726, win 16386, options [nop,nop,TS val 7308055 ecr 989473968], length 0
19:52:44.911971 IP (tos 0x0, ttl 108, id 61269, offset 0, flags [DF], proto TCP (6), length 52)
    20.189.173.2.443 > 192.168.1.194.41516: Flags [.], cksum 0x29e3 (correct), seq 373, ack 153582, win 16386, options [nop,nop,TS val 7308055 ecr 989473969], length 0
19:52:44.911972 IP (tos 0x0, ttl 108, id 61270, offset 0, flags [DF], proto TCP (6), length 52)
    20.189.173.2.443 > 192.168.1.194.41516: Flags [.], cksum 0x1ebb (correct), seq 373, ack 156438, win 16386, options [nop,nop,TS val 7308055 ecr 989473969], length 0
19:52:44.911972 IP (tos 0x0, ttl 108, id 61271, offset 0, flags [DF], proto TCP (6), length 52)
    20.189.173.2.443 > 192.168.1.194.41516: Flags [.], cksum 0x192d (correct), seq 373, ack 157866, win 16380, options [nop,nop,TS val 7308055 ecr 989473969], length 0
19:52:44.912496 IP (tos 0x0, ttl 108, id 61272, offset 0, flags [DF], proto TCP (6), length 52)
    20.189.173.2.443 > 192.168.1.194.41516: Flags [.], cksum 0x1392 (correct), seq 373, ack 159294, win 16386, options [nop,nop,TS val 7308056 ecr 989473969], length 0
19:52:44.912497 IP (tos 0x0, ttl 108, id 61273, offset 0, flags [DF], proto TCP (6), length 52)
    20.189.173.2.443 > 192.168.1.194.41516: Flags [.], cksum 0x0e04 (correct), seq 373, ack 160722, win 16380, options [nop,nop,TS val 7308056 ecr 989473969], length 0
19:52:44.914465 IP (tos 0x0, ttl 120, id 57346, offset 0, flags [DF], proto TCP (6), length 52)
    3.6.30.85.80 > 192.168.1.194.34916: Flags [.], cksum 0x8ea6 (correct), seq 1, ack 1, win 442, options [nop,nop,TS val 1456753889 ecr 3269345301], length 0
19:52:45.024474 IP (tos 0x0, ttl 64, id 20829, offset 0, flags [DF], proto TCP (6), length 146)
    192.168.1.194.49804 > 142.250.183.36.443: Flags [P.], cksum 0x090e (incorrect -> 0x4110), seq 2766:2860, ack 11736, win 415, options [nop,nop,TS val 4259313186 ecr 36253158], length 94
19:52:45.030220 IP (tos 0x0, ttl 64, id 43345, offset 0, flags [DF], proto TCP (6), length 52)
    192.168.1.194.57250 > 3.6.115.182.80: Flags [.], cksum 0x394d (incorrect -> 0x6c8c), seq 0, ack 1, win 501, options [nop,nop,TS val 4240581094 ecr 36386037], length 0
19:52:45.062571 IP (tos 0x80, ttl 123, id 6271, offset 0, flags [none], proto TCP (6), length 52)
    142.250.183.36.443 > 192.168.1.194.49804: Flags [.], cksum 0x1eac (correct), seq 11736, ack 2860, win 1044, options [nop,nop,TS val 36253573 ecr 4259313186], length 0
19:52:45.063108 IP (tos 0x0, ttl 120, id 8872, offset 0, flags [DF], proto TCP (6), length 52)
    3.6.115.182.80 > 192.168.1.194.57250: Flags [.], cksum 0x89bf (correct), seq 1, ack 1, win 3646, options [nop,nop,TS val 36387069 ecr 4240569441], length 0
19:52:45.066187 IP (tos 0x0, ttl 64, id 42243, offset 0, flags [DF], proto TCP (6), length 52)
    192.168.1.194.53220 > 3.6.115.182.80: Flags [.], cksum 0x394d (incorrect -> 0xced1), seq 0, ack 1, win 501, options [nop,nop,TS val 4240581130 ecr 36386047], length 0
19:52:45.100502 IP (tos 0x0, ttl 120, id 52627, offset 0, flags [DF], proto TCP (6), length 52)
    3.6.115.182.80 > 192.168.1.194.53220: Flags [.], cksum 0xdb39 (correct), seq 1, ack 1, win 2239, options [nop,nop,TS val 36387107 ecr 4240575155], length 0
19:52:45.154821 IP (tos 0x80, ttl 123, id 6272, offset 0, flags [none], proto TCP (6), length 280)
    142.250.183.36.443 > 192.168.1.194.49804: Flags [P.], cksum 0xdb7e (correct), seq 11736:11964, ack 2860, win 1044, options [nop,nop,TS val 36253665 ecr 4259313186], length 228
19:52:45.154824 IP (tos 0x80, ttl 123, id 6273, offset 0, flags [none], proto TCP (6), length 1135)
    142.250.183.36.443 > 192.168.1.194.49804: Flags [P.], cksum 0x2af9 (correct), seq 11964:13047, ack 2860, win 1044, options [nop,nop,TS val 36253665 ecr 4259313186], length 1083
19:52:45.155477 IP (tos 0x0, ttl 64, id 20830, offset 0, flags [DF], proto TCP (6), length 52)
    192.168.1.194.49804 > 142.250.183.36.443: Flags [.], cksum 0x08b0 (incorrect -> 0x1b2d), seq 2860, ack 13047, win 405, options [nop,nop,TS val 4259313317 ecr 36253665], length 0
19:52:45.155564 IP (tos 0x80, ttl 123, id 6274, offset 0, flags [none], proto TCP (6), length 84)
    142.250.183.36.443 > 192.168.1.194.49804: Flags [P.], cksum 0x6d96 (correct), seq 13047:13079, ack 2860, win 1044, options [nop,nop,TS val 36253666 ecr 4259313186], length 32
19:52:45.155566 IP (tos 0x80, ttl 123, id 6275, offset 0, flags [none], proto TCP (6), length 83)
    142.250.183.36.443 > 192.168.1.194.49804: Flags [P.], cksum 0x1670 (correct), seq 13079:13110, ack 2860, win 1044, options [nop,nop,TS val 36253666 ecr 4259313186], length 31
19:52:45.155566 IP (tos 0x80, ttl 123, id 6276, offset 0, flags [none], proto TCP (6), length 91)
    142.250.183.36.443 > 192.168.1.194.49804: Flags [P.], cksum 0x62c3 (correct), seq 13110:13149, ack 2860, win 1044, options [nop,nop,TS val 36253666 ecr 4259313186], length 39
19:52:45.155767 IP (tos 0x0, ttl 64, id 20831, offset 0, flags [DF], proto TCP (6), length 52)
    192.168.1.194.49804 > 142.250.183.36.443: Flags [.], cksum 0x08b0 (incorrect -> 0x1ac6), seq 2860, ack 13149, win 405, options [nop,nop,TS val 4259313317 ecr 36253666], length 0
19:52:45.155894 IP (tos 0x0, ttl 64, id 20832, offset 0, flags [DF], proto TCP (6), length 91)
    192.168.1.194.49804 > 142.250.183.36.443: Flags [P.], cksum 0x08d7 (incorrect -> 0x6baf), seq 2860:2899, ack 13149, win 405, options [nop,nop,TS val 4259313317 ecr 36253666], length 39
19:52:45.166839 IP (tos 0x0, ttl 108, id 61274, offset 0, flags [DF], proto TCP (6), length 52)
    20.189.173.2.443 > 192.168.1.194.41516: Flags [.], cksum 0x0671 (correct), seq 373, ack 162150, win 16386, options [nop,nop,TS val 7308309 ecr 989474221], length 0
19:52:45.166840 IP (tos 0x0, ttl 108, id 61275, offset 0, flags [DF], proto TCP (6), length 52)
    20.189.173.2.443 > 192.168.1.194.41516: Flags [.], cksum 0x00e3 (correct), seq 373, ack 163578, win 16380, options [nop,nop,TS val 7308309 ecr 989474221], length 0
19:52:45.167194 IP (tos 0x0, ttl 108, id 61276, offset 0, flags [DF], proto TCP (6), length 52)
    20.189.173.2.443 > 192.168.1.194.41516: Flags [.], cksum 0xfb47 (correct), seq 373, ack 165006, win 16386, options [nop,nop,TS val 7308310 ecr 989474221], length 0
19:52:45.167195 IP (tos 0x0, ttl 108, id 61277, offset 0, flags [DF], proto TCP (6), length 52)
    20.189.173.2.443 > 192.168.1.194.41516: Flags [.], cksum 0xf7df (correct), seq 373, ack 165882, win 16382, options [nop,nop,TS val 7308310 ecr 989474221], length 0
19:52:45.171018 IP (tos 0x0, ttl 108, id 61278, offset 0, flags [DF], proto TCP (6), length 152)
    20.189.173.2.443 > 192.168.1.194.41516: Flags [P.], cksum 0x019e (correct), seq 373:473, ack 165882, win 16382, options [nop,nop,TS val 7308312 ecr 989474221], length 100
19:52:45.171058 IP (tos 0x0, ttl 64, id 9515, offset 0, flags [DF], proto TCP (6), length 52)
    192.168.1.194.41516 > 20.189.173.2.443: Flags [.], cksum 0x8450 (incorrect -> 0x34b0), seq 165882, ack 473, win 450, options [nop,nop,TS val 989474483 ecr 7308312], length 0
19:52:45.185804 IP (tos 0x0, ttl 64, id 36095, offset 0, flags [DF], proto TCP (6), length 60)
    192.168.1.194.46350 > 142.251.221.238.443: Flags [S], cksum 0x2f83 (incorrect -> 0x5b3a), seq 2577795090, win 64240, options [mss 1460,sackOK,TS val 526797464 ecr 0,nop,wscale 7], length 0
19:52:45.193353 IP (tos 0x80, ttl 123, id 6277, offset 0, flags [none], proto TCP (6), length 52)
    142.250.183.36.443 > 192.168.1.194.49804: Flags [.], cksum 0x17fb (correct), seq 13149, ack 2899, win 1044, options [nop,nop,TS val 36253703 ecr 4259313317], length 0
19:52:45.226183 IP (tos 0x0, ttl 64, id 6767, offset 0, flags [DF], proto TCP (6), length 52)
    192.168.1.194.60774 > 3.6.30.85.80: Flags [.], cksum 0xe3eb (incorrect -> 0x434e), seq 0, ack 1, win 501, options [nop,nop,TS val 3269359605 ecr 1456753004], length 0
19:52:45.234696 IP (tos 0x0, ttl 122, id 0, offset 0, flags [DF], proto TCP (6), length 60)
    142.251.221.238.443 > 192.168.1.194.46350: Flags [S.], cksum 0xa42f (correct), seq 3816419178, ack 2577795091, win 65535, options [mss 1412,sackOK,TS val 1117494425 ecr 526797464,nop,wscale 8], length 0
19:52:45.234721 IP (tos 0x0, ttl 64, id 36096, offset 0, flags [DF], proto TCP (6), length 52)
    192.168.1.194.46350 > 142.251.221.238.443: Flags [.], cksum 0x2f7b (incorrect -> 0xd0a5), seq 1, ack 1, win 502, options [nop,nop,TS val 526797513 ecr 1117494425], length 0
19:52:45.235165 IP (tos 0x0, ttl 64, id 36097, offset 0, flags [DF], proto TCP (6), length 1963)
    192.168.1.194.46350 > 142.251.221.238.443: Flags [P.], cksum 0x36f2 (incorrect -> 0x0929), seq 1:1912, ack 1, win 502, options [nop,nop,TS val 526797513 ecr 1117494425], length 1911
19:52:45.257947 IP (tos 0x0, ttl 120, id 59738, offset 0, flags [DF], proto TCP (6), length 52)
    3.6.30.85.80 > 192.168.1.194.60774: Flags [.], cksum 0x685d (correct), seq 1, ack 1, win 2168, options [nop,nop,TS val 1456754232 ecr 3269347222], length 0
19:52:45.259478 IP (tos 0x0, ttl 64, id 20833, offset 0, flags [DF], proto TCP (6), length 147)
    192.168.1.194.49804 > 142.250.183.36.443: Flags [P.], cksum 0x090f (incorrect -> 0x44e9), seq 2899:2994, ack 13149, win 405, options [nop,nop,TS val 4259313421 ecr 36253703], length 95
19:52:45.271299 IP (tos 0x0, ttl 64, id 8093, offset 0, flags [DF], proto TCP (6), length 52)
    192.168.1.194.49294 > 3.6.115.64.80: Flags [.], cksum 0x38d7 (incorrect -> 0x6336), seq 0, ack 1, win 501, options [nop,nop,TS val 3328449498 ecr 2971013745], length 0
19:52:45.281969 IP (tos 0x0, ttl 122, id 12678, offset 0, flags [none], proto TCP (6), length 52)
    142.251.221.238.443 > 192.168.1.194.46350: Flags [.], cksum 0xc8df (correct), seq 1, ack 1401, win 1045, options [nop,nop,TS val 1117494472 ecr 526797513], length 0
19:52:45.282323 IP (tos 0x0, ttl 122, id 12679, offset 0, flags [none], proto TCP (6), length 52)
    142.251.221.238.443 > 192.168.1.194.46350: Flags [.], cksum 0xc6e1 (correct), seq 1, ack 1912, win 1044, options [nop,nop,TS val 1117494472 ecr 526797513], length 0
19:52:45.283470 IP (tos 0x0, ttl 122, id 12680, offset 0, flags [none], proto TCP (6), length 1452)
    142.251.221.238.443 > 192.168.1.194.46350: Flags [.], cksum 0x2a6b (correct), seq 1:1401, ack 1912, win 1044, options [nop,nop,TS val 1117494473 ecr 526797513], length 1400
19:52:45.283481 IP (tos 0x0, ttl 64, id 36099, offset 0, flags [DF], proto TCP (6), length 52)
    192.168.1.194.46350 > 142.251.221.238.443: Flags [.], cksum 0x2f7b (incorrect -> 0xc35f), seq 1912, ack 1401, win 492, options [nop,nop,TS val 526797562 ecr 1117494473], length 0
19:52:45.285135 IP (tos 0x0, ttl 122, id 12681, offset 0, flags [none], proto TCP (6), length 1452)
    142.251.221.238.443 > 192.168.1.194.46350: Flags [P.], cksum 0x3d94 (correct), seq 1401:2801, ack 1912, win 1044, options [nop,nop,TS val 1117494473 ecr 526797513], length 1400
19:52:45.285154 IP (tos 0x0, ttl 64, id 36100, offset 0, flags [DF], proto TCP (6), length 52)
    192.168.1.194.46350 > 142.251.221.238.443: Flags [.], cksum 0x2f7b (incorrect -> 0xbdf0), seq 1912, ack 2801, win 482, options [nop,nop,TS val 526797563 ecr 1117494473], length 0
19:52:45.285175 IP (tos 0x0, ttl 122, id 12682, offset 0, flags [none], proto TCP (6), length 2471)
    142.251.221.238.443 > 192.168.1.194.46350: Flags [P.], cksum 0x38ee (incorrect -> 0x1027), seq 2801:5220, ack 1912, win 1044, options [nop,nop,TS val 1117494473 ecr 526797513], length 2419
19:52:45.285179 IP (tos 0x0, ttl 64, id 36101, offset 0, flags [DF], proto TCP (6), length 52)
    192.168.1.194.46350 > 142.251.221.238.443: Flags [.], cksum 0x2f7b (incorrect -> 0xb48e), seq 1912, ack 5220, win 464, options [nop,nop,TS val 526797564 ecr 1117494473], length 0
19:52:45.286248 IP (tos 0x0, ttl 64, id 36102, offset 0, flags [DF], proto TCP (6), length 116)
    192.168.1.194.46350 > 142.251.221.238.443: Flags [P.], cksum 0x2fbb (incorrect -> 0x1b5c), seq 1912:1976, ack 5220, win 464, options [nop,nop,TS val 526797565 ecr 1117494473], length 64
19:52:45.286462 IP (tos 0x0, ttl 64, id 36103, offset 0, flags [DF], proto TCP (6), length 144)
    192.168.1.194.46350 > 142.251.221.238.443: Flags [P.], cksum 0x2fd7 (incorrect -> 0x3f45), seq 1976:2068, ack 5220, win 464, options [nop,nop,TS val 526797565 ecr 1117494473], length 92
19:52:45.294942 IP (tos 0x80, ttl 123, id 6278, offset 0, flags [none], proto TCP (6), length 52)
    142.250.183.36.443 > 192.168.1.194.49804: Flags [.], cksum 0x16ce (correct), seq 13149, ack 2994, win 1044, options [nop,nop,TS val 36253805 ecr 4259313421], length 0
19:52:45.306306 IP (tos 0x0, ttl 117, id 41665, offset 0, flags [DF], proto TCP (6), length 52)
    3.6.115.64.80 > 192.168.1.194.49294: Flags [.], cksum 0x6654 (correct), seq 1, ack 1, win 442, options [nop,nop,TS val 2971014781 ecr 3328447722], length 0
19:52:45.334325 IP (tos 0x0, ttl 122, id 12684, offset 0, flags [none], proto TCP (6), length 668)
    142.251.221.238.443 > 192.168.1.194.46350: Flags [P.], cksum 0x996e (correct), seq 5220:5836, ack 1976, win 1044, options [nop,nop,TS val 1117494524 ecr 526797565], length 616
19:52:45.334671 IP (tos 0x0, ttl 122, id 12685, offset 0, flags [none], proto TCP (6), length 83)
    142.251.221.238.443 > 192.168.1.194.46350: Flags [P.], cksum 0x9c7b (correct), seq 5836:5867, ack 2068, win 1044, options [nop,nop,TS val 1117494525 ecr 526797565], length 31
19:52:45.334805 IP (tos 0x0, ttl 64, id 36104, offset 0, flags [DF], proto TCP (6), length 83)
    192.168.1.194.46350 > 142.251.221.238.443: Flags [P.], cksum 0x2f9a (incorrect -> 0xa990), seq 2068:2099, ack 5867, win 459, options [nop,nop,TS val 526797613 ecr 1117494524], length 31
19:52:45.387685 IP (tos 0x0, ttl 122, id 12686, offset 0, flags [none], proto TCP (6), length 52)
    142.251.221.238.443 > 192.168.1.194.46350: Flags [.], cksum 0xae6f (correct), seq 5867, ack 2099, win 1044, options [nop,nop,TS val 1117494577 ecr 526797613], length 0
19:52:45.405567 IP (tos 0x80, ttl 123, id 6279, offset 0, flags [none], proto TCP (6), length 279)
    142.250.183.36.443 > 192.168.1.194.49804: Flags [P.], cksum 0x2c53 (correct), seq 13149:13376, ack 2994, win 1044, options [nop,nop,TS val 36253914 ecr 4259313421], length 227
19:52:45.405569 IP (tos 0x80, ttl 123, id 6280, offset 0, flags [none], proto TCP (6), length 1452)
    142.250.183.36.443 > 192.168.1.194.49804: Flags [P.], cksum 0x34fa (correct), seq 13376:14776, ack 2994, win 1044, options [nop,nop,TS val 36253914 ecr 4259313421], length 1400
19:52:45.405726 IP (tos 0x0, ttl 64, id 20834, offset 0, flags [DF], proto TCP (6), length 52)
    192.168.1.194.49804 > 142.250.183.36.443: Flags [.], cksum 0x08b0 (incorrect -> 0x11ff), seq 2994, ack 14776, win 393, options [nop,nop,TS val 4259313567 ecr 36253914], length 0
19:52:45.407318 IP (tos 0x80, ttl 123, id 6281, offset 0, flags [none], proto TCP (6), length 203)
    142.250.183.36.443 > 192.168.1.194.49804: Flags [P.], cksum 0x257e (correct), seq 14776:14927, ack 2994, win 1044, options [nop,nop,TS val 36253915 ecr 4259313421], length 151
19:52:45.407320 IP (tos 0x80, ttl 123, id 6282, offset 0, flags [none], proto TCP (6), length 91)
    142.250.183.36.443 > 192.168.1.194.49804: Flags [P.], cksum 0x45bb (correct), seq 14927:14966, ack 2994, win 1044, options [nop,nop,TS val 36253915 ecr 4259313421], length 39
19:52:45.407768 IP (tos 0x0, ttl 64, id 20835, offset 0, flags [DF], proto TCP (6), length 52)
    192.168.1.194.49804 > 142.250.183.36.443: Flags [.], cksum 0x08b0 (incorrect -> 0x113f), seq 2994, ack 14966, win 392, options [nop,nop,TS val 4259313569 ecr 36253915], length 0
19:52:45.407848 IP (tos 0x0, ttl 64, id 20836, offset 0, flags [DF], proto TCP (6), length 91)
    192.168.1.194.49804 > 142.250.183.36.443: Flags [P.], cksum 0x08d7 (incorrect -> 0xd6e6), seq 2994:3033, ack 14966, win 392, options [nop,nop,TS val 4259313569 ecr 36253915], length 39
19:52:45.422283 IP (tos 0x0, ttl 64, id 28775, offset 0, flags [DF], proto TCP (6), length 1137)
    192.168.1.194.49726 > 162.247.243.29.443: Flags [P.], cksum 0x5ce3 (incorrect -> 0x5777), seq 2882749278:2882750363, ack 2652739593, win 501, options [nop,nop,TS val 2750646625 ecr 2989441704], length 1085
19:52:45.425354 IP (tos 0x20, ttl 58, id 46518, offset 0, flags [DF], proto TCP (6), length 52)
    162.247.243.29.443 > 192.168.1.194.49726: Flags [.], cksum 0xe722 (correct), seq 1, ack 1085, win 363, options [nop,nop,TS val 2989451419 ecr 2750646625], length 0
19:52:45.427083 IP (tos 0x0, ttl 64, id 44961, offset 0, flags [none], proto UDP (17), length 82)
    192.168.1.194.37265 > 192.168.1.1.53: [bad udp cksum 0x8463 -> 0x084e!] 29733+ [1au] A? lh3.googleusercontent.com. ar: . OPT UDPsize=1472 (54)
19:52:45.427304 IP (tos 0x0, ttl 64, id 63894, offset 0, flags [none], proto UDP (17), length 82)
    192.168.1.194.57118 > 192.168.1.1.53: [bad udp cksum 0x8463 -> 0x836b!] 36986+ [1au] AAAA? lh3.googleusercontent.com. ar: . OPT UDPsize=1472 (54)
19:52:45.437857 IP (tos 0x0, ttl 64, id 16024, offset 0, flags [DF], proto UDP (17), length 148)
    192.168.1.1.53 > 192.168.1.194.37265: [udp sum ok] 29733 q: A? lh3.googleusercontent.com. 2/0/1 lh3.googleusercontent.com. [1m55s] CNAME googlehosted.l.googleusercontent.com., googlehosted.l.googleusercontent.com. [2m44s] A 142.251.222.65 ar: . OPT UDPsize=1232 (120)
19:52:45.439727 IP (tos 0x0, ttl 64, id 16026, offset 0, flags [DF], proto UDP (17), length 160)
    192.168.1.1.53 > 192.168.1.194.57118: [udp sum ok] 36986 q: AAAA? lh3.googleusercontent.com. 2/0/1 lh3.googleusercontent.com. [1m55s] CNAME googlehosted.l.googleusercontent.com., googlehosted.l.googleusercontent.com. [1m17s] AAAA 2404:6800:4009:81d::2001 ar: . OPT UDPsize=1232 (132)
19:52:45.445303 IP (tos 0x80, ttl 123, id 6283, offset 0, flags [none], proto TCP (6), length 52)
    142.250.183.36.443 > 192.168.1.194.49804: Flags [.], cksum 0x0e63 (correct), seq 14966, ack 3033, win 1044, options [nop,nop,TS val 36253956 ecr 4259313569], length 0
19:52:45.459295 IP (tos 0x0, ttl 64, id 52056, offset 0, flags [DF], proto TCP (6), length 52)
    192.168.1.194.54482 > 3.6.115.182.80: Flags [.], cksum 0x394d (incorrect -> 0x8106), seq 0, ack 1, win 501, options [nop,nop,TS val 4240581523 ecr 36386465], length 0
19:52:45.460203 IP (tos 0x0, ttl 64, id 19652, offset 0, flags [DF], proto TCP (6), length 52)
    192.168.1.194.53798 > 3.6.115.64.80: Flags [.], cksum 0x38d7 (incorrect -> 0xb599), seq 0, ack 1, win 501, options [nop,nop,TS val 3328449687 ecr 2971013935], length 0
19:52:45.491667 IP (tos 0x0, ttl 120, id 59300, offset 0, flags [DF], proto TCP (6), length 52)
    3.6.115.182.80 > 192.168.1.194.54482: Flags [.], cksum 0x9d68 (correct), seq 1, ack 1, win 1769, options [nop,nop,TS val 36387498 ecr 4240571955], length 0
19:52:45.491688 IP (tos 0x0, ttl 120, id 60312, offset 0, flags [DF], proto TCP (6), length 52)
    3.6.115.64.80 > 192.168.1.194.53798: Flags [.], cksum 0xd276 (correct), seq 1, ack 1, win 1704, options [nop,nop,TS val 2971014967 ecr 3328440062], length 0
19:52:45.508016 IP (tos 0x0, ttl 64, id 48279, offset 0, flags [DF], proto TCP (6), length 91)
    192.168.1.194.55846 > 104.18.32.47.443: Flags [P.], cksum 0x4af9 (incorrect -> 0x215d), seq 1649024525:1649024564, ack 3424964049, win 1046, options [nop,nop,TS val 1255212406 ecr 2082794760], length 39
19:52:45.545980 IP (tos 0x0, ttl 58, id 25337, offset 0, flags [DF], proto TCP (6), length 91)
    104.18.32.47.443 > 192.168.1.194.55846: Flags [P.], cksum 0x85b4 (correct), seq 1:40, ack 39, win 17, options [nop,nop,TS val 2082853078 ecr 1255212406], length 39
19:52:45.546041 IP (tos 0x0, ttl 64, id 48280, offset 0, flags [DF], proto TCP (6), length 52)
    192.168.1.194.55846 > 104.18.32.47.443: Flags [.], cksum 0x4ad2 (incorrect -> 0x9414), seq 39, ack 40, win 1046, options [nop,nop,TS val 1255212444 ecr 2082853078], length 0
19:52:45.706206 IP (tos 0x0, ttl 64, id 2166, offset 0, flags [DF], proto TCP (6), length 52)
    192.168.1.194.57330 > 3.6.98.232.80: Flags [.], cksum 0x287f (incorrect -> 0x4d66), seq 0, ack 1, win 501, options [nop,nop,TS val 4263801955 ecr 3144057157], length 0
19:52:45.706245 IP (tos 0x0, ttl 64, id 37362, offset 0, flags [DF], proto TCP (6), length 52)
    192.168.1.194.41786 > 3.6.30.85.80: Flags [.], cksum 0xe3eb (incorrect -> 0x158d), seq 0, ack 1, win 501, options [nop,nop,TS val 3269360085 ecr 1456753658], length 0
19:52:45.709251 IP (tos 0x20, ttl 58, id 46519, offset 0, flags [DF], proto TCP (6), length 390)
    162.247.243.29.443 > 192.168.1.194.49726: Flags [P.], cksum 0x112a (correct), seq 1:339, ack 1085, win 363, options [nop,nop,TS val 2989451697 ecr 2750646625], length 338
19:52:45.709253 IP (tos 0x20, ttl 58, id 46520, offset 0, flags [DF], proto TCP (6), length 98)
    162.247.243.29.443 > 192.168.1.194.49726: Flags [P.], cksum 0xf102 (correct), seq 339:385, ack 1085, win 363, options [nop,nop,TS val 2989451697 ecr 2750646625], length 46
19:52:45.709307 IP (tos 0x0, ttl 64, id 28776, offset 0, flags [DF], proto TCP (6), length 52)
    192.168.1.194.49726 > 162.247.243.29.443: Flags [.], cksum 0x58a6 (incorrect -> 0xe313), seq 1085, ack 339, win 499, options [nop,nop,TS val 2750646912 ecr 2989451697], length 0
19:52:45.709337 IP (tos 0x0, ttl 64, id 28777, offset 0, flags [DF], proto TCP (6), length 52)
    192.168.1.194.49726 > 162.247.243.29.443: Flags [.], cksum 0x58a6 (incorrect -> 0xe2e5), seq 1085, ack 385, win 499, options [nop,nop,TS val 2750646912 ecr 2989451697], length 0
19:52:45.734117 IP (tos 0x0, ttl 64, id 4506, offset 0, flags [none], proto UDP (17), length 67)
    192.168.1.194.43981 > 192.168.1.1.53: [bad udp cksum 0x8454 -> 0xab2a!] 12134+ [1au] AAAA? github.com. ar: . OPT UDPsize=1472 (39)
19:52:45.741528 IP (tos 0x0, ttl 120, id 61073, offset 0, flags [DF], proto TCP (6), length 52)
    3.6.98.232.80 > 192.168.1.194.57330: Flags [.], cksum 0x6f12 (correct), seq 1, ack 1, win 442, options [nop,nop,TS val 3144058219 ecr 4263792331], length 0
19:52:45.743198 IP (tos 0x0, ttl 120, id 18063, offset 0, flags [DF], proto TCP (6), length 52)
    3.6.30.85.80 > 192.168.1.194.41786: Flags [.], cksum 0x2475 (correct), seq 1, ack 1, win 2098, options [nop,nop,TS val 1456754718 ecr 3269353611], length 0
19:52:45.745983 IP (tos 0x0, ttl 64, id 16312, offset 0, flags [DF], proto UDP (17), length 141)
    192.168.1.1.53 > 192.168.1.194.43981: [udp sum ok] 12134 q: AAAA? github.com. 0/1/1 ns: github.com. [23m21s] SOA dns1.p08.nsone.net. hostmaster.nsone.net. 1656468023 43200 7200 1209600 3600 ar: . OPT UDPsize=1232 (113)
19:52:45.749574 IP (tos 0x0, ttl 64, id 35267, offset 0, flags [DF], proto TCP (6), length 1829)
    192.168.1.194.42680 > 20.207.73.82.443: Flags [P.], cksum 0x27a3 (incorrect -> 0xc401), seq 2254:4031, ack 3712, win 474, options [nop,nop,TS val 2445892063 ecr 4286644653], length 1777
19:52:45.749990 IP (tos 0x0, ttl 64, id 24445, offset 0, flags [none], proto UDP (17), length 80)
    192.168.1.194.37106 > 192.168.1.1.53: [bad udp cksum 0x8461 -> 0x71cb!] 3286+ [1au] AAAA? github.githubassets.com. ar: . OPT UDPsize=1472 (52)
19:52:45.750233 IP (tos 0x0, ttl 64, id 59378, offset 0, flags [none], proto UDP (17), length 86)
    192.168.1.194.40794 > 192.168.1.1.53: [bad udp cksum 0x8467 -> 0xcbf1!] 38570+ [1au] AAAA? avatars.githubusercontent.com. ar: . OPT UDPsize=1472 (58)
19:52:45.762428 IP (tos 0x0, ttl 64, id 16323, offset 0, flags [DF], proto UDP (17), length 165)
    192.168.1.1.53 > 192.168.1.194.37106: [udp sum ok] 3286 q: AAAA? github.githubassets.com. 0/1/1 ns: githubassets.com. [10m24s] SOA ns-1354.awsdns-41.org. awsdns-hostmaster.amazon.com. 1 7200 900 1209600 86400 ar: . OPT UDPsize=1232 (137)
19:52:45.762428 IP6 (flowlabel 0x10a00, hlim 255, next-header UDP (17) payload length: 199) fe80::86d:f15a:13b4:fd2c.5353 > ff02::fb.5353: [udp sum ok] 0*- [0q] 2/0/2 C.2.D.F.4.B.3.1.A.5.1.F.D.6.8.0.0.0.0.0.0.0.0.0.0.0.0.0.0.8.E.F.ip6.arpa. (Cache flush) [1h15m] PTR Vasus-iPhone-13.local., 168.1.168.192.in-addr.arpa. (Cache flush) [1h15m] PTR Vasus-iPhone-13.local. ar: C.2.D.F.4.B.3.1.A.5.1.F.D.6.8.0.0.0.0.0.0.0.0.0.0.0.0.0.0.8.E.F.ip6.arpa. (Cache flush) [1h15m] NSEC, 168.1.168.192.in-addr.arpa. (Cache flush) [1h15m] NSEC (191)
19:52:45.762428 IP (tos 0x0, ttl 1, id 22594, offset 0, flags [none], proto IGMP (2), length 32, options (RA))
    192.168.1.168 > 224.0.0.251: igmp v2 report 224.0.0.251
19:52:45.783936 IP (tos 0x0, ttl 58, id 13741, offset 0, flags [DF], proto TCP (6), length 52)
    172.65.251.78.443 > 192.168.1.194.34006: Flags [.], cksum 0xcf2e (correct), seq 303225164, ack 1873389179, win 19, options [nop,nop,TS val 669849509 ecr 3510412444], length 0
19:52:45.783951 IP (tos 0x0, ttl 64, id 26767, offset 0, flags [DF], proto TCP (6), length 52)
    192.168.1.194.34006 > 172.65.251.78.443: Flags [.], cksum 0x6a21 (incorrect -> 0xd34b), seq 1, ack 1, win 14005, options [nop,nop,TS val 3510427725 ecr 669819188], length 0
19:52:45.787492 IP (tos 0x0, ttl 51, id 43613, offset 0, flags [DF], proto TCP (6), length 52)
    20.207.73.82.443 > 192.168.1.194.42680: Flags [.], cksum 0x55fe (correct), seq 3712, ack 4031, win 74, options [nop,nop,TS val 4286648440 ecr 2445892063], length 0
19:52:45.797579 IP (tos 0x0, ttl 64, id 16329, offset 0, flags [DF], proto UDP (17), length 198)
    192.168.1.1.53 > 192.168.1.194.40794: [udp sum ok] 38570 q: AAAA? avatars.githubusercontent.com. 4/0/1 avatars.githubusercontent.com. [49m29s] AAAA 2606:50c0:8001::154, avatars.githubusercontent.com. [49m29s] AAAA 2606:50c0:8000::154, avatars.githubusercontent.com. [49m29s] AAAA 2606:50c0:8003::154, avatars.githubusercontent.com. [49m29s] AAAA 2606:50c0:8002::154 ar: . OPT UDPsize=1232 (170)
19:52:45.865281 IP (tos 0x0, ttl 64, id 29068, offset 0, flags [DF], proto TCP (6), length 52)
    192.168.1.194.59792 > 3.6.122.107.80: Flags [.], cksum 0x4002 (incorrect -> 0xdd09), seq 0, ack 1, win 501, options [nop,nop,TS val 216319061 ecr 1119268661], length 0
19:52:45.898213 IP (tos 0x0, ttl 64, id 30133, offset 0, flags [DF], proto TCP (6), length 52)
    192.168.1.194.38390 > 3.6.115.64.80: Flags [.], cksum 0x38d7 (incorrect -> 0x9628), seq 0, ack 1, win 501, options [nop,nop,TS val 3328450125 ecr 2971014351], length 0
19:52:45.900613 IP (tos 0x0, ttl 114, id 61870, offset 0, flags [DF], proto TCP (6), length 52)
    3.6.122.107.80 > 192.168.1.194.59792: Flags [.], cksum 0xf59f (correct), seq 1, ack 1, win 448, options [nop,nop,TS val 1119269696 ecr 216311784], length 0
19:52:45.915212 IP (tos 0x0, ttl 64, id 18395, offset 0, flags [DF], proto TCP (6), length 52)
    192.168.1.194.34916 > 3.6.30.85.80: Flags [.], cksum 0xe3eb (incorrect -> 0x53db), seq 0, ack 1, win 501, options [nop,nop,TS val 3269360294 ecr 1456753889], length 0
19:52:45.933326 IP (tos 0x0, ttl 120, id 3807, offset 0, flags [DF], proto TCP (6), length 52)
    3.6.115.64.80 > 192.168.1.194.38390: Flags [.], cksum 0x8f0f (correct), seq 1, ack 1, win 2383, options [nop,nop,TS val 2971015408 ecr 3328449002], length 0
19:52:45.959056 IP (tos 0x0, ttl 120, id 57347, offset 0, flags [DF], proto TCP (6), length 52)
    3.6.30.85.80 > 192.168.1.194.34916: Flags [.], cksum 0x8a91 (correct), seq 1, ack 1, win 442, options [nop,nop,TS val 1456754934 ecr 3269345301], length 0
19:52:45.963016 IP (tos 0x0, ttl 255, id 40290, offset 0, flags [none], proto UDP (17), length 108)
    192.168.1.168.5353 > 224.0.0.251.5353: [udp sum ok] 0 [3q] PTR (QU)? _rdlink._tcp.local. PTR (QU)? _companion-link._tcp.local. PTR (QU)? lb._dns-sd._udp.local. (80)
19:52:45.963024 IP6 (flowlabel 0x10a00, hlim 255, next-header UDP (17) payload length: 88) fe80::86d:f15a:13b4:fd2c.5353 > ff02::fb.5353: [udp sum ok] 0 [3q] PTR (QU)? _rdlink._tcp.local. PTR (QU)? _companion-link._tcp.local. PTR (QU)? lb._dns-sd._udp.local. (80)
19:52:46.090261 IP (tos 0x0, ttl 64, id 43346, offset 0, flags [DF], proto TCP (6), length 52)
    192.168.1.194.57250 > 3.6.115.182.80: Flags [.], cksum 0x394d (incorrect -> 0x6460), seq 0, ack 1, win 501, options [nop,nop,TS val 4240582154 ecr 36387069], length 0
19:52:46.101296 IP (tos 0x0, ttl 64, id 42244, offset 0, flags [DF], proto TCP (6), length 52)
    192.168.1.194.53220 > 3.6.115.182.80: Flags [.], cksum 0x394d (incorrect -> 0xc6a2), seq 0, ack 1, win 501, options [nop,nop,TS val 4240582165 ecr 36387107], length 0
19:52:46.127214 IP (tos 0x0, ttl 120, id 8873, offset 0, flags [DF], proto TCP (6), length 52)
    3.6.115.182.80 > 192.168.1.194.57250: Flags [.], cksum 0x8597 (correct), seq 1, ack 1, win 3646, options [nop,nop,TS val 36388133 ecr 4240569441], length 0
19:52:46.136442 IP (tos 0x0, ttl 120, id 52628, offset 0, flags [DF], proto TCP (6), length 52)
    3.6.115.182.80 > 192.168.1.194.53220: Flags [.], cksum 0xd72d (correct), seq 1, ack 1, win 2239, options [nop,nop,TS val 36388143 ecr 4240575155], length 0
19:52:46.176074 IP (tos 0x0, ttl 255, id 38480, offset 0, flags [none], proto UDP (17), length 194)
    192.168.1.168.5353 > 224.0.0.251.5353: [udp sum ok] 0 [2q] [3n] ANY (QU)? 4004CBC1-0278-4E14-B589-35CE60842C39._remotepairing._tcp.local. ANY (QU)? Vasus-iPhone-13.local. ns: 4004CBC1-0278-4E14-B589-35CE60842C39._remotepairing._tcp.local. [1h15m] SRV Vasus-iPhone-13.local.:49152 0 0, Vasus-iPhone-13.local. [1h15m] AAAA fe80::86d:f15a:13b4:fd2c, Vasus-iPhone-13.local. [1h15m] A 192.168.1.168 (166)
19:52:46.176075 IP6 (flowlabel 0x10a00, hlim 255, next-header UDP (17) payload length: 174) fe80::86d:f15a:13b4:fd2c.5353 > ff02::fb.5353: [udp sum ok] 0 [2q] [3n] ANY (QU)? 4004CBC1-0278-4E14-B589-35CE60842C39._remotepairing._tcp.local. ANY (QU)? Vasus-iPhone-13.local. ns: 4004CBC1-0278-4E14-B589-35CE60842C39._remotepairing._tcp.local. [1h15m] SRV Vasus-iPhone-13.local.:49152 0 0, Vasus-iPhone-13.local. [1h15m] AAAA fe80::86d:f15a:13b4:fd2c, Vasus-iPhone-13.local. [1h15m] A 192.168.1.168 (166)
19:52:46.225453 IP (tos 0x0, ttl 64, id 26768, offset 0, flags [DF], proto TCP (6), length 1426)
    192.168.1.194.34006 > 172.65.251.78.443: Flags [P.], cksum 0x6f7f (incorrect -> 0x240b), seq 1:1375, ack 1, win 14005, options [nop,nop,TS val 3510428167 ecr 669819188], length 1374
19:52:46.225534 IP (tos 0x0, ttl 64, id 26769, offset 0, flags [DF], proto TCP (6), length 2023)
    192.168.1.194.34006 > 172.65.251.78.443: Flags [P.], cksum 0x71d4 (incorrect -> 0x5103), seq 1375:3346, ack 1, win 14005, options [nop,nop,TS val 3510428167 ecr 669819188], length 1971
19:52:46.274056 IP (tos 0x0, ttl 120, id 57348, offset 0, flags [DF], proto TCP (6), length 52)
    3.6.30.85.80 > 192.168.1.194.34916: Flags [.], cksum 0x8959 (correct), seq 0, ack 1, win 442, options [nop,nop,TS val 1456755247 ecr 3269345301], length 0
19:52:46.274091 IP (tos 0x0, ttl 64, id 18396, offset 0, flags [DF], proto TCP (6), length 52)
    192.168.1.194.34916 > 3.6.30.85.80: Flags [.], cksum 0xe3eb (incorrect -> 0x4e5f), seq 1, ack 1, win 501, options [nop,nop,TS val 3269360652 ecr 1456754934], length 0
19:52:46.282242 IP (tos 0x0, ttl 64, id 6768, offset 0, flags [DF], proto TCP (6), length 52)
    192.168.1.194.60774 > 3.6.30.85.80: Flags [.], cksum 0xe3eb (incorrect -> 0x3a62), seq 0, ack 1, win 501, options [nop,nop,TS val 3269360661 ecr 1456754232], length 0
19:52:46.308251 IP (tos 0x0, ttl 64, id 8094, offset 0, flags [DF], proto TCP (6), length 52)
    192.168.1.194.49294 > 3.6.115.64.80: Flags [.], cksum 0x38d7 (incorrect -> 0x5b1d), seq 0, ack 1, win 501, options [nop,nop,TS val 3328450535 ecr 2971014781], length 0
19:52:46.313922 IP (tos 0x0, ttl 120, id 59739, offset 0, flags [DF], proto TCP (6), length 52)
    3.6.30.85.80 > 192.168.1.194.60774: Flags [.], cksum 0x643d (correct), seq 1, ack 1, win 2168, options [nop,nop,TS val 1456755288 ecr 3269347222], length 0
19:52:46.314206 IP (tos 0x0, ttl 64, id 26771, offset 0, flags [DF], proto TCP (6), length 635)
    192.168.1.194.34006 > 172.65.251.78.443: Flags [P.], cksum 0x6c68 (incorrect -> 0x34ca), seq 2763:3346, ack 1, win 14005, options [nop,nop,TS val 3510428256 ecr 669819188], length 583
19:52:46.334724 IP (tos 0x0, ttl 58, id 13742, offset 0, flags [DF], proto TCP (6), length 52)
    172.65.251.78.443 > 192.168.1.194.34006: Flags [.], cksum 0x8a85 (correct), seq 1, ack 1375, win 19, options [nop,nop,TS val 669849988 ecr 3510428167], length 0
19:52:46.335447 IP (tos 0x0, ttl 58, id 13743, offset 0, flags [DF], proto TCP (6), length 52)
    172.65.251.78.443 > 192.168.1.194.34006: Flags [.], cksum 0x82d2 (correct), seq 1, ack 3346, win 19, options [nop,nop,TS val 669849988 ecr 3510428167], length 0
19:52:46.343659 IP (tos 0x0, ttl 117, id 41666, offset 0, flags [DF], proto TCP (6), length 52)
    3.6.115.64.80 > 192.168.1.194.49294: Flags [.], cksum 0x6246 (correct), seq 1, ack 1, win 442, options [nop,nop,TS val 2971015819 ecr 3328447722], length 0
19:52:46.350376 IP (tos 0x0, ttl 58, id 13744, offset 0, flags [DF], proto TCP (6), length 64)
    172.65.251.78.443 > 192.168.1.194.34006: Flags [.], cksum 0x07e5 (correct), seq 1, ack 3346, win 19, options [nop,nop,TS val 669850076 ecr 3510428256,nop,nop,sack 1 {2763:3346}], length 0
19:52:46.380714 IP (tos 0x0, ttl 255, id 52126, offset 0, flags [none], proto UDP (17), length 194)
    192.168.1.168.5353 > 224.0.0.251.5353: [udp sum ok] 0 [2q] [3n] ANY (QM)? 4004CBC1-0278-4E14-B589-35CE60842C39._remotepairing._tcp.local. ANY (QM)? Vasus-iPhone-13.local. ns: 4004CBC1-0278-4E14-B589-35CE60842C39._remotepairing._tcp.local. [1h15m] SRV Vasus-iPhone-13.local.:49152 0 0, Vasus-iPhone-13.local. [1h15m] AAAA fe80::86d:f15a:13b4:fd2c, Vasus-iPhone-13.local. [1h15m] A 192.168.1.168 (166)
19:52:46.417681 IP (tos 0x0, ttl 51, id 43614, offset 0, flags [DF], proto TCP (6), length 1476)
    20.207.73.82.443 > 192.168.1.194.42680: Flags [.], cksum 0xa51c (correct), seq 3712:5136, ack 4031, win 74, options [nop,nop,TS val 4286649069 ecr 2445892063], length 1424
19:52:46.420062 IP (tos 0x0, ttl 51, id 43615, offset 0, flags [DF], proto TCP (6), length 7172)
    20.207.73.82.443 > 192.168.1.194.42680: Flags [.], cksum 0x3c82 (incorrect -> 0x9a64), seq 5136:12256, ack 4031, win 74, options [nop,nop,TS val 4286649069 ecr 2445892063], length 7120
19:52:46.420066 IP (tos 0x0, ttl 51, id 43620, offset 0, flags [DF], proto TCP (6), length 5748)
    20.207.73.82.443 > 192.168.1.194.42680: Flags [.], cksum 0x36f2 (incorrect -> 0x5f01), seq 12256:17952, ack 4031, win 74, options [nop,nop,TS val 4286649070 ecr 2445892063], length 5696
19:52:46.420228 IP (tos 0x0, ttl 64, id 35269, offset 0, flags [DF], proto TCP (6), length 52)
    192.168.1.194.42680 > 20.207.73.82.443: Flags [.], cksum 0x20b2 (incorrect -> 0x1829), seq 4031, ack 17952, win 363, options [nop,nop,TS val 2445892734 ecr 4286649069], length 0
19:52:46.432684 IP (tos 0x0, ttl 64, id 34203, offset 0, flags [DF], proto TCP (6), length 245)
    192.168.1.194.49806 > 142.250.183.36.443: Flags [P.], cksum 0x0971 (incorrect -> 0xa65c), seq 8804:8997, ack 65799, win 971, options [nop,nop,TS val 4259314594 ecr 152882345], length 193
19:52:46.433024 IP (tos 0x0, ttl 64, id 34204, offset 0, flags [DF], proto TCP (6), length 83)
    192.168.1.194.49806 > 142.250.183.36.443: Flags [P.], cksum 0x08cf (incorrect -> 0xddf4), seq 8997:9028, ack 65799, win 971, options [nop,nop,TS val 4259314594 ecr 152882345], length 31
19:52:46.450162 IP (tos 0x0, ttl 64, id 53155, offset 0, flags [none], proto UDP (17), length 80)
    192.168.1.194.54033 > 192.168.1.1.53: [bad udp cksum 0x8461 -> 0x8da8!] 44761+ [1au] AAAA? github.githubassets.com. ar: . OPT UDPsize=1472 (52)
19:52:46.450292 IP (tos 0x0, ttl 64, id 276, offset 0, flags [DF], proto TCP (6), length 60)
    192.168.1.194.49370 > 185.199.108.154.443: Flags [S], cksum 0xe8fa (incorrect -> 0xde28), seq 504516868, win 64240, options [mss 1460,sackOK,TS val 688270184 ecr 0,nop,wscale 7], length 0
19:52:46.450758 IP (tos 0x0, ttl 64, id 48589, offset 0, flags [DF], proto TCP (6), length 60)
    192.168.1.194.50660 > 185.199.111.133.443: Flags [S], cksum 0xebe5 (incorrect -> 0x8e00), seq 736334741, win 64240, options [mss 1460,sackOK,TS val 1749476344 ecr 0,nop,wscale 7], length 0
19:52:46.451138 IP (tos 0x0, ttl 64, id 63540, offset 0, flags [none], proto UDP (17), length 86)
    192.168.1.194.34517 > 192.168.1.1.53: [bad udp cksum 0x8467 -> 0x8296!] 13405+ [1au] A? github-cloud.s3.amazonaws.com. ar: . OPT UDPsize=1472 (58)
19:52:46.451226 IP (tos 0x0, ttl 64, id 10357, offset 0, flags [none], proto UDP (17), length 86)
    192.168.1.194.40143 > 192.168.1.1.53: [bad udp cksum 0x8467 -> 0x8472!] 391+ [1au] AAAA? github-cloud.s3.amazonaws.com. ar: . OPT UDPsize=1472 (58)
19:52:46.451417 IP (tos 0x0, ttl 64, id 23761, offset 0, flags [none], proto UDP (17), length 90)
    192.168.1.194.46907 > 192.168.1.1.53: [bad udp cksum 0x846b -> 0x2c39!] 25025+ [1au] AAAA? user-images.githubusercontent.com. ar: . OPT UDPsize=1472 (62)
19:52:46.451594 IP (tos 0x0, ttl 58, id 32114, offset 0, flags [DF], proto TCP (6), length 112)
    172.65.251.78.443 > 192.168.1.194.46058: Flags [P.], cksum 0xca93 (correct), seq 180:240, ack 1, win 17, options [nop,nop,TS val 4260532137 ecr 3510425415], length 60
19:52:46.451604 IP (tos 0x0, ttl 64, id 28242, offset 0, flags [DF], proto TCP (6), length 52)
    192.168.1.194.46058 > 172.65.251.78.443: Flags [.], cksum 0x6a21 (incorrect -> 0xcd33), seq 1, ack 240, win 440, options [nop,nop,TS val 3510428393 ecr 4260532137], length 0
19:52:46.454379 IP (tos 0x20, ttl 58, id 0, offset 0, flags [DF], proto TCP (6), length 60)
    185.199.108.154.443 > 192.168.1.194.49370: Flags [S.], cksum 0x8adb (correct), seq 1958400442, ack 504516869, win 65535, options [mss 1460,sackOK,TS val 1762041519 ecr 688270184,nop,wscale 9], length 0
19:52:46.454391 IP (tos 0x0, ttl 64, id 277, offset 0, flags [DF], proto TCP (6), length 52)
    192.168.1.194.49370 > 185.199.108.154.443: Flags [.], cksum 0xe8f2 (incorrect -> 0xb7af), seq 1, ack 1, win 502, options [nop,nop,TS val 688270188 ecr 1762041519], length 0
19:52:46.454853 IP (tos 0x0, ttl 64, id 278, offset 0, flags [DF], proto TCP (6), length 2403)
    192.168.1.194.49370 > 185.199.108.154.443: Flags [P.], cksum 0xf221 (incorrect -> 0x438b), seq 1:2352, ack 1, win 502, options [nop,nop,TS val 688270188 ecr 1762041519], length 2351
19:52:46.455645 IP (tos 0x20, ttl 58, id 0, offset 0, flags [DF], proto TCP (6), length 60)
    185.199.111.133.443 > 192.168.1.194.50660: Flags [S.], cksum 0x9814 (correct), seq 3494233790, ack 736334742, win 65535, options [mss 1460,sackOK,TS val 2985273301 ecr 1749476344,nop,wscale 9], length 0
19:52:46.455659 IP (tos 0x0, ttl 64, id 48590, offset 0, flags [DF], proto TCP (6), length 52)
    192.168.1.194.50660 > 185.199.111.133.443: Flags [.], cksum 0xebdd (incorrect -> 0xc4e7), seq 1, ack 1, win 502, options [nop,nop,TS val 1749476349 ecr 2985273301], length 0
19:52:46.456157 IP (tos 0x0, ttl 64, id 48591, offset 0, flags [DF], proto TCP (6), length 2409)
    192.168.1.194.50660 > 185.199.111.133.443: Flags [P.], cksum 0xf512 (incorrect -> 0x8aca), seq 1:2358, ack 1, win 502, options [nop,nop,TS val 1749476349 ecr 2985273301], length 2357
19:52:46.457567 IP (tos 0x20, ttl 58, id 22287, offset 0, flags [DF], proto TCP (6), length 52)
    185.199.108.154.443 > 192.168.1.194.49370: Flags [.], cksum 0xaf4f (correct), seq 1, ack 2352, win 292, options [nop,nop,TS val 1762041522 ecr 688270188], length 0
19:52:46.459161 IP (tos 0x20, ttl 58, id 22288, offset 0, flags [DF], proto TCP (6), length 1593)
    185.199.108.154.443 > 192.168.1.194.49370: Flags [P.], cksum 0xeef7 (incorrect -> 0xbfeb), seq 1:1542, ack 2352, win 292, options [nop,nop,TS val 1762041522 ecr 688270188], length 1541
19:52:46.459189 IP (tos 0x0, ttl 64, id 280, offset 0, flags [DF], proto TCP (6), length 52)
    192.168.1.194.49370 > 185.199.108.154.443: Flags [.], cksum 0xe8f2 (incorrect -> 0xa87f), seq 2352, ack 1542, win 490, options [nop,nop,TS val 688270193 ecr 1762041522], length 0
19:52:46.459891 IP (tos 0x0, ttl 64, id 281, offset 0, flags [DF], proto TCP (6), length 116)
    192.168.1.194.49370 > 185.199.108.154.443: Flags [P.], cksum 0xe932 (incorrect -> 0x0cdc), seq 2352:2416, ack 1542, win 490, options [nop,nop,TS val 688270193 ecr 1762041522], length 64
19:52:46.459898 IP (tos 0x20, ttl 58, id 43088, offset 0, flags [DF], proto TCP (6), length 52)
    185.199.111.133.443 > 192.168.1.194.50660: Flags [.], cksum 0xbc80 (correct), seq 1, ack 2358, win 293, options [nop,nop,TS val 2985273304 ecr 1749476349], length 0
19:52:46.460229 IP (tos 0x0, ttl 64, id 282, offset 0, flags [DF], proto TCP (6), length 144)
    192.168.1.194.49370 > 185.199.108.154.443: Flags [P.], cksum 0xe94e (incorrect -> 0x530d), seq 2416:2508, ack 1542, win 490, options [nop,nop,TS val 688270194 ecr 1762041522], length 92
19:52:46.461791 IP (tos 0x0, ttl 51, id 43624, offset 0, flags [DF], proto TCP (6), length 2900)
    20.207.73.82.443 > 192.168.1.194.42680: Flags [P.], cksum 0x2bd2 (incorrect -> 0x917a), seq 17952:20800, ack 4031, win 74, options [nop,nop,TS val 4286649112 ecr 2445892734], length 2848
19:52:46.461792 IP (tos 0x0, ttl 51, id 43626, offset 0, flags [DF], proto TCP (6), length 2900)
    20.207.73.82.443 > 192.168.1.194.42680: Flags [P.], cksum 0x2bd2 (incorrect -> 0xda87), seq 20800:23648, ack 4031, win 74, options [nop,nop,TS val 4286649112 ecr 2445892734], length 2848
19:52:46.461792 IP (tos 0x0, ttl 51, id 43628, offset 0, flags [DF], proto TCP (6), length 2900)
    20.207.73.82.443 > 192.168.1.194.42680: Flags [P.], cksum 0x2bd2 (incorrect -> 0x8039), seq 23648:26496, ack 4031, win 74, options [nop,nop,TS val 4286649112 ecr 2445892734], length 2848
19:52:46.461793 IP (tos 0x0, ttl 51, id 43630, offset 0, flags [DF], proto TCP (6), length 2900)
    20.207.73.82.443 > 192.168.1.194.42680: Flags [P.], cksum 0x2bd2 (incorrect -> 0x1515), seq 26496:29344, ack 4031, win 74, options [nop,nop,TS val 4286649112 ecr 2445892734], length 2848
19:52:46.461815 IP (tos 0x0, ttl 51, id 43632, offset 0, flags [DF], proto TCP (6), length 2900)
    20.207.73.82.443 > 192.168.1.194.42680: Flags [P.], cksum 0x2bd2 (incorrect -> 0x0ae9), seq 29344:32192, ack 4031, win 74, options [nop,nop,TS val 4286649112 ecr 2445892734], length 2848
19:52:46.461816 IP (tos 0x0, ttl 51, id 43634, offset 0, flags [DF], proto TCP (6), length 2900)
    20.207.73.82.443 > 192.168.1.194.42680: Flags [P.], cksum 0x2bd2 (incorrect -> 0xda52), seq 32192:35040, ack 4031, win 74, options [nop,nop,TS val 4286649112 ecr 2445892734], length 2848
19:52:46.461817 IP (tos 0x0, ttl 51, id 43636, offset 0, flags [DF], proto TCP (6), length 2900)
    20.207.73.82.443 > 192.168.1.194.42680: Flags [P.], cksum 0x2bd2 (incorrect -> 0xe2c7), seq 35040:37888, ack 4031, win 74, options [nop,nop,TS val 4286649113 ecr 2445892734], length 2848
19:52:46.461817 IP (tos 0x0, ttl 64, id 35270, offset 0, flags [DF], proto TCP (6), length 52)
    192.168.1.194.42680 > 20.207.73.82.443: Flags [.], cksum 0x20b2 (incorrect -> 0xeb83), seq 4031, ack 29344, win 316, options [nop,nop,TS val 2445892775 ecr 4286649112], length 0
19:52:46.461817 IP (tos 0x0, ttl 51, id 43638, offset 0, flags [DF], proto TCP (6), length 2900)
    20.207.73.82.443 > 192.168.1.194.42680: Flags [P.], cksum 0x2bd2 (incorrect -> 0x34c7), seq 37888:40736, ack 4031, win 74, options [nop,nop,TS val 4286649113 ecr 2445892734], length 2848
19:52:46.461825 IP (tos 0x0, ttl 64, id 35271, offset 0, flags [DF], proto TCP (6), length 52)
    192.168.1.194.42680 > 20.207.73.82.443: Flags [.], cksum 0x20b2 (incorrect -> 0xbe51), seq 4031, ack 40736, win 494, options [nop,nop,TS val 2445892775 ecr 4286649112], length 0
19:52:46.463574 IP (tos 0x0, ttl 51, id 43640, offset 0, flags [DF], proto TCP (6), length 2900)
    20.207.73.82.443 > 192.168.1.194.42680: Flags [P.], cksum 0x2bd2 (incorrect -> 0xcf98), seq 40736:43584, ack 4031, win 74, options [nop,nop,TS val 4286649113 ecr 2445892734], length 2848
19:52:46.463575 IP (tos 0x0, ttl 51, id 43642, offset 0, flags [DF], proto TCP (6), length 2900)
    20.207.73.82.443 > 192.168.1.194.42680: Flags [P.], cksum 0x2bd2 (incorrect -> 0xbaae), seq 43584:46432, ack 4031, win 74, options [nop,nop,TS val 4286649113 ecr 2445892734], length 2848
19:52:46.463582 IP (tos 0x0, ttl 64, id 35272, offset 0, flags [DF], proto TCP (6), length 52)
    192.168.1.194.42680 > 20.207.73.82.443: Flags [.], cksum 0x20b2 (incorrect -> 0xb301), seq 4031, ack 43584, win 539, options [nop,nop,TS val 2445892777 ecr 4286649113], length 0
19:52:46.463589 IP (tos 0x0, ttl 64, id 35273, offset 0, flags [DF], proto TCP (6), length 52)
    192.168.1.194.42680 > 20.207.73.82.443: Flags [.], cksum 0x20b2 (incorrect -> 0xa7b5), seq 4031, ack 46432, win 583, options [nop,nop,TS val 2445892777 ecr 4286649113], length 0
19:52:46.463751 IP (tos 0x20, ttl 58, id 43089, offset 0, flags [DF], proto TCP (6), length 1593)
    185.199.111.133.443 > 192.168.1.194.50660: Flags [P.], cksum 0xf1e2 (incorrect -> 0x3547), seq 1:1542, ack 2358, win 293, options [nop,nop,TS val 2985273305 ecr 1749476349], length 1541
19:52:46.463758 IP (tos 0x0, ttl 64, id 48593, offset 0, flags [DF], proto TCP (6), length 52)
    192.168.1.194.50660 > 185.199.111.133.443: Flags [.], cksum 0xebdd (incorrect -> 0xb5ad), seq 2358, ack 1542, win 490, options [nop,nop,TS val 1749476357 ecr 2985273305], length 0
19:52:46.464135 IP (tos 0x0, ttl 64, id 48594, offset 0, flags [DF], proto TCP (6), length 116)
    192.168.1.194.50660 > 185.199.111.133.443: Flags [P.], cksum 0xec1d (incorrect -> 0x1500), seq 2358:2422, ack 1542, win 490, options [nop,nop,TS val 1749476357 ecr 2985273305], length 64
19:52:46.464423 IP (tos 0x0, ttl 64, id 48595, offset 0, flags [DF], proto TCP (6), length 144)
    192.168.1.194.50660 > 185.199.111.133.443: Flags [P.], cksum 0xec39 (incorrect -> 0x3e50), seq 2422:2514, ack 1542, win 490, options [nop,nop,TS val 1749476358 ecr 2985273305], length 92
19:52:46.465841 IP (tos 0x0, ttl 64, id 9516, offset 0, flags [DF], proto TCP (6), length 171)
    192.168.1.194.41516 > 20.189.173.2.443: Flags [P.], cksum 0x84c7 (incorrect -> 0xc087), seq 165882:166001, ack 473, win 450, options [nop,nop,TS val 989475778 ecr 7308312], length 119
19:52:46.465885 IP (tos 0x0, ttl 64, id 9517, offset 0, flags [DF], proto TCP (6), length 2908)
    192.168.1.194.41516 > 20.189.173.2.443: Flags [P.], cksum 0x8f78 (incorrect -> 0x1752), seq 166001:168857, ack 473, win 450, options [nop,nop,TS val 989475778 ecr 7308312], length 2856
19:52:46.465897 IP (tos 0x0, ttl 64, id 9519, offset 0, flags [DF], proto TCP (6), length 2908)
    192.168.1.194.41516 > 20.189.173.2.443: Flags [P.], cksum 0x8f78 (incorrect -> 0xf259), seq 168857:171713, ack 473, win 450, options [nop,nop,TS val 989475778 ecr 7308312], length 2856
19:52:46.466026 IP (tos 0x20, ttl 58, id 22290, offset 0, flags [DF], proto TCP (6), length 52)
    185.199.108.154.443 > 192.168.1.194.49370: Flags [.], cksum 0xa8fe (correct), seq 1542, ack 2416, win 292, options [nop,nop,TS val 1762041529 ecr 688270193], length 0
19:52:46.466657 IP (tos 0x0, ttl 64, id 9521, offset 0, flags [DF], proto TCP (6), length 2908)
    192.168.1.194.41516 > 20.189.173.2.443: Flags [P.], cksum 0x8f78 (incorrect -> 0x4f6b), seq 171713:174569, ack 473, win 450, options [nop,nop,TS val 989475779 ecr 7308312], length 2856
19:52:46.466666 IP (tos 0x0, ttl 64, id 9523, offset 0, flags [DF], proto TCP (6), length 2908)
    192.168.1.194.41516 > 20.189.173.2.443: Flags [P.], cksum 0x8f78 (incorrect -> 0xe233), seq 174569:177425, ack 473, win 450, options [nop,nop,TS val 989475779 ecr 7308312], length 2856
19:52:46.467426 IP (tos 0x0, ttl 64, id 9525, offset 0, flags [DF], proto TCP (6), length 1480)
    192.168.1.194.41516 > 20.189.173.2.443: Flags [.], cksum 0x89e4 (incorrect -> 0xc91c), seq 177425:178853, ack 473, win 450, options [nop,nop,TS val 989475780 ecr 7308312], length 1428
19:52:46.467942 IP (tos 0x20, ttl 58, id 43092, offset 0, flags [DF], proto TCP (6), length 52)
    185.199.111.133.443 > 192.168.1.194.50660: Flags [.], cksum 0xb5ce (correct), seq 1542, ack 2514, win 293, options [nop,nop,TS val 2985273312 ecr 1749476358], length 0
19:52:46.467942 IP (tos 0x20, ttl 58, id 22291, offset 0, flags [DF], proto TCP (6), length 52)
    185.199.108.154.443 > 192.168.1.194.49370: Flags [.], cksum 0xa8a1 (correct), seq 1542, ack 2508, win 292, options [nop,nop,TS val 1762041529 ecr 688270194], length 0
19:52:46.467942 IP (tos 0x20, ttl 58, id 43093, offset 0, flags [DF], proto TCP (6), length 117)
    185.199.111.133.443 > 192.168.1.194.50660: Flags [P.], cksum 0xde20 (correct), seq 1542:1607, ack 2514, win 293, options [nop,nop,TS val 2985273312 ecr 1749476358], length 65
19:52:46.467942 IP (tos 0x20, ttl 58, id 22292, offset 0, flags [DF], proto TCP (6), length 117)
    185.199.108.154.443 > 192.168.1.194.49370: Flags [P.], cksum 0x1d14 (correct), seq 1542:1607, ack 2508, win 292, options [nop,nop,TS val 1762041529 ecr 688270194], length 65
19:52:46.467991 IP (tos 0x0, ttl 64, id 283, offset 0, flags [DF], proto TCP (6), length 83)
    192.168.1.194.49370 > 185.199.108.154.443: Flags [P.], cksum 0xe911 (incorrect -> 0x7973), seq 2508:2539, ack 1607, win 490, options [nop,nop,TS val 688270201 ecr 1762041529], length 31
19:52:46.468013 IP (tos 0x0, ttl 64, id 48596, offset 0, flags [DF], proto TCP (6), length 83)
    192.168.1.194.50660 > 185.199.111.133.443: Flags [P.], cksum 0xebfc (incorrect -> 0x338b), seq 2514:2545, ack 1607, win 490, options [nop,nop,TS val 1749476361 ecr 2985273312], length 31
19:52:46.468086 IP (tos 0x0, ttl 64, id 16981, offset 0, flags [DF], proto UDP (17), length 246)
    192.168.1.1.53 > 192.168.1.194.40143: [udp sum ok] 391 q: AAAA? github-cloud.s3.amazonaws.com. 2/1/1 github-cloud.s3.amazonaws.com. [2h27m19s] CNAME s3-1-w.amazonaws.com., s3-1-w.amazonaws.com. [1m55s] CNAME s3-w.us-east-1.amazonaws.com. ns: s3-w.us-east-1.amazonaws.com. [19m26s] SOA ns-328.awsdns-41.com. awsdns-hostmaster.amazon.com. 1 7200 900 1209600 293 ar: . OPT UDPsize=1232 (218)
19:52:46.468090 IP (tos 0x0, ttl 64, id 16980, offset 0, flags [DF], proto UDP (17), length 165)
    192.168.1.1.53 > 192.168.1.194.54033: [udp sum ok] 44761 q: AAAA? github.githubassets.com. 0/1/1 ns: githubassets.com. [10m23s] SOA ns-1354.awsdns-41.org. awsdns-hostmaster.amazon.com. 1 7200 900 1209600 86400 ar: . OPT UDPsize=1232 (137)
19:52:46.468354 IP (tos 0x0, ttl 64, id 19878, offset 0, flags [none], proto UDP (17), length 85)
    192.168.1.194.37136 > 192.168.1.1.53: [bad udp cksum 0x8466 -> 0xa529!] 11095+ [1au] AAAA? s3-w.us-east-1.amazonaws.com. ar: . OPT UDPsize=1472 (57)
19:52:46.468771 IP (tos 0x80, ttl 123, id 9824, offset 0, flags [none], proto TCP (6), length 52)
    142.250.183.36.443 > 192.168.1.194.49806: Flags [.], cksum 0x9833 (correct), seq 65799, ack 8997, win 1026, options [nop,nop,TS val 152884205 ecr 4259314594], length 0
19:52:46.469929 IP (tos 0x80, ttl 123, id 9825, offset 0, flags [none], proto TCP (6), length 52)
    142.250.183.36.443 > 192.168.1.194.49806: Flags [.], cksum 0x9813 (correct), seq 65799, ack 9028, win 1026, options [nop,nop,TS val 152884206 ecr 4259314594], length 0
19:52:46.471945 IP (tos 0x20, ttl 58, id 22293, offset 0, flags [DF], proto TCP (6), length 52)
    185.199.108.154.443 > 192.168.1.194.49370: Flags [.], cksum 0xa833 (correct), seq 1607, ack 2539, win 292, options [nop,nop,TS val 1762041536 ecr 688270201], length 0
19:52:46.474649 IP (tos 0x20, ttl 58, id 43094, offset 0, flags [DF], proto TCP (6), length 52)
    185.199.111.133.443 > 192.168.1.194.50660: Flags [.], cksum 0xb566 (correct), seq 1607, ack 2545, win 293, options [nop,nop,TS val 2985273317 ecr 1749476361], length 0
19:52:46.479512 IP (tos 0x0, ttl 64, id 284, offset 0, flags [DF], proto TCP (6), length 376)
    192.168.1.194.49370 > 185.199.108.154.443: Flags [P.], cksum 0xea36 (incorrect -> 0xcf46), seq 2539:2863, ack 1607, win 490, options [nop,nop,TS val 688270213 ecr 1762041536], length 324
19:52:46.479885 IP (tos 0x0, ttl 64, id 285, offset 0, flags [DF], proto TCP (6), length 87)
    192.168.1.194.49370 > 185.199.108.154.443: Flags [P.], cksum 0xe915 (incorrect -> 0xffd9), seq 2863:2898, ack 1607, win 490, options [nop,nop,TS val 688270213 ecr 1762041536], length 35
19:52:46.480794 IP (tos 0x0, ttl 64, id 16993, offset 0, flags [DF], proto UDP (17), length 169)
    192.168.1.1.53 > 192.168.1.194.37136: [udp sum ok] 11095 q: AAAA? s3-w.us-east-1.amazonaws.com. 0/1/1 ns: s3-w.us-east-1.amazonaws.com. [19m26s] SOA ns-328.awsdns-41.com. awsdns-hostmaster.amazon.com. 1 7200 900 1209600 293 ar: . OPT UDPsize=1232 (141)
19:52:46.481910 IP (tos 0x20, ttl 58, id 22294, offset 0, flags [DF], proto TCP (6), length 52)
    185.199.108.154.443 > 192.168.1.194.49370: Flags [.], cksum 0xa6d2 (correct), seq 1607, ack 2863, win 298, options [nop,nop,TS val 1762041547 ecr 688270213], length 0
19:52:46.482278 IP (tos 0x20, ttl 58, id 22295, offset 0, flags [DF], proto TCP (6), length 52)
    185.199.108.154.443 > 192.168.1.194.49370: Flags [.], cksum 0xa6af (correct), seq 1607, ack 2898, win 298, options [nop,nop,TS val 1762041547 ecr 688270213], length 0
19:52:46.491196 IP (tos 0x0, ttl 64, id 286, offset 0, flags [DF], proto TCP (6), length 154)
    192.168.1.194.49370 > 185.199.108.154.443: Flags [P.], cksum 0xe958 (incorrect -> 0xa950), seq 2898:3000, ack 1607, win 490, options [nop,nop,TS val 688270225 ecr 1762041547], length 102
19:52:46.491411 IP (tos 0x0, ttl 64, id 287, offset 0, flags [DF], proto TCP (6), length 163)
    192.168.1.194.49370 > 185.199.108.154.443: Flags [P.], cksum 0xe961 (incorrect -> 0xa1e2), seq 3000:3111, ack 1607, win 490, options [nop,nop,TS val 688270225 ecr 1762041547], length 111
19:52:46.491540 IP (tos 0x0, ttl 64, id 288, offset 0, flags [DF], proto TCP (6), length 87)
    192.168.1.194.49370 > 185.199.108.154.443: Flags [P.], cksum 0xe915 (incorrect -> 0xbcbf), seq 3111:3146, ack 1607, win 490, options [nop,nop,TS val 688270225 ecr 1762041547], length 35
19:52:46.491964 IP (tos 0x0, ttl 64, id 289, offset 0, flags [DF], proto TCP (6), length 87)
    192.168.1.194.49370 > 185.199.108.154.443: Flags [P.], cksum 0xe915 (incorrect -> 0x7e48), seq 3146:3181, ack 1607, win 490, options [nop,nop,TS val 688270225 ecr 1762041547], length 35
19:52:46.492183 IP (tos 0x0, ttl 64, id 52057, offset 0, flags [DF], proto TCP (6), length 52)
    192.168.1.194.54482 > 3.6.115.182.80: Flags [.], cksum 0x394d (incorrect -> 0x78f4), seq 0, ack 1, win 501, options [nop,nop,TS val 4240582556 ecr 36387498], length 0
19:52:46.492192 IP (tos 0x0, ttl 64, id 19653, offset 0, flags [DF], proto TCP (6), length 52)
    192.168.1.194.53798 > 3.6.115.64.80: Flags [.], cksum 0x38d7 (incorrect -> 0xad89), seq 0, ack 1, win 501, options [nop,nop,TS val 3328450719 ecr 2971014967], length 0
19:52:46.494737 IP (tos 0x20, ttl 58, id 22296, offset 0, flags [DF], proto TCP (6), length 52)
    185.199.108.154.443 > 192.168.1.194.49370: Flags [.], cksum 0xa632 (correct), seq 1607, ack 3000, win 298, options [nop,nop,TS val 1762041558 ecr 688270225], length 0
19:52:46.494737 IP (tos 0x20, ttl 58, id 22297, offset 0, flags [DF], proto TCP (6), length 52)
    185.199.108.154.443 > 192.168.1.194.49370: Flags [.], cksum 0xa5c3 (correct), seq 1607, ack 3111, win 298, options [nop,nop,TS val 1762041558 ecr 688270225], length 0
19:52:46.494738 IP (tos 0x20, ttl 58, id 22298, offset 0, flags [DF], proto TCP (6), length 52)
    185.199.108.154.443 > 192.168.1.194.49370: Flags [.], cksum 0xa5a0 (correct), seq 1607, ack 3146, win 298, options [nop,nop,TS val 1762041558 ecr 688270225], length 0
19:52:46.494738 IP (tos 0x20, ttl 58, id 22299, offset 0, flags [DF], proto TCP (6), length 52)
    185.199.108.154.443 > 192.168.1.194.49370: Flags [.], cksum 0xa57d (correct), seq 1607, ack 3181, win 298, options [nop,nop,TS val 1762041558 ecr 688270225], length 0
19:52:46.499808 IP (tos 0x0, ttl 64, id 48597, offset 0, flags [DF], proto TCP (6), length 385)
    192.168.1.194.50660 > 185.199.111.133.443: Flags [P.], cksum 0xed2a (incorrect -> 0xe487), seq 2545:2878, ack 1607, win 490, options [nop,nop,TS val 1749476393 ecr 2985273317], length 333
19:52:46.500150 IP (tos 0x0, ttl 64, id 48598, offset 0, flags [DF], proto TCP (6), length 87)
    192.168.1.194.50660 > 185.199.111.133.443: Flags [P.], cksum 0xec00 (incorrect -> 0x93c6), seq 2878:2913, ack 1607, win 490, options [nop,nop,TS val 1749476393 ecr 2985273317], length 35
19:52:46.501421 IP (tos 0x0, ttl 51, id 43644, offset 0, flags [DF], proto TCP (6), length 858)
    20.207.73.82.443 > 192.168.1.194.42680: Flags [P.], cksum 0x119c (correct), seq 46432:47238, ack 4031, win 74, options [nop,nop,TS val 4286649153 ecr 2445892775], length 806
19:52:46.502515 IP (tos 0x20, ttl 58, id 43095, offset 0, flags [DF], proto TCP (6), length 52)
    185.199.111.133.443 > 192.168.1.194.50660: Flags [.], cksum 0xb3d5 (correct), seq 1607, ack 2878, win 298, options [nop,nop,TS val 2985273348 ecr 1749476393], length 0
19:52:46.503013 IP (tos 0x20, ttl 58, id 43096, offset 0, flags [DF], proto TCP (6), length 52)
    185.199.111.133.443 > 192.168.1.194.50660: Flags [.], cksum 0xb3b2 (correct), seq 1607, ack 2913, win 298, options [nop,nop,TS val 2985273348 ecr 1749476393], length 0
19:52:46.503462 IP (tos 0x0, ttl 64, id 17000, offset 0, flags [DF], proto UDP (17), length 202)
    192.168.1.1.53 > 192.168.1.194.46907: [udp sum ok] 25025 q: AAAA? user-images.githubusercontent.com. 4/0/1 user-images.githubusercontent.com. [1m3s] AAAA 2606:50c0:8000::154, user-images.githubusercontent.com. [1m3s] AAAA 2606:50c0:8002::154, user-images.githubusercontent.com. [1m3s] AAAA 2606:50c0:8001::154, user-images.githubusercontent.com. [1m3s] AAAA 2606:50c0:8003::154 ar: . OPT UDPsize=512 (174)
19:52:46.506756 IP (tos 0x0, ttl 64, id 17004, offset 0, flags [DF], proto UDP (17), length 264)
    192.168.1.1.53 > 192.168.1.194.34517: [udp sum ok] 13405 q: A? github-cloud.s3.amazonaws.com. 10/0/1 github-cloud.s3.amazonaws.com. [5h30m17s] CNAME s3-1-w.amazonaws.com., s3-1-w.amazonaws.com. [4m10s] CNAME s3-w.us-east-1.amazonaws.com., s3-w.us-east-1.amazonaws.com. [5s] A 3.5.29.249, s3-w.us-east-1.amazonaws.com. [5s] A 52.217.126.65, s3-w.us-east-1.amazonaws.com. [5s] A 16.15.177.249, s3-w.us-east-1.amazonaws.com. [5s] A 52.216.236.163, s3-w.us-east-1.amazonaws.com. [5s] A 52.216.44.233, s3-w.us-east-1.amazonaws.com. [5s] A 16.15.200.76, s3-w.us-east-1.amazonaws.com. [5s] A 52.216.171.43, s3-w.us-east-1.amazonaws.com. [5s] A 16.15.178.67 ar: . OPT UDPsize=512 (236)
19:52:46.524812 IP (tos 0x0, ttl 120, id 60313, offset 0, flags [DF], proto TCP (6), length 52)
    3.6.115.64.80 > 192.168.1.194.53798: Flags [.], cksum 0xce6e (correct), seq 1, ack 1, win 1704, options [nop,nop,TS val 2971015999 ecr 3328440062], length 0
19:52:46.525244 IP (tos 0x0, ttl 120, id 59301, offset 0, flags [DF], proto TCP (6), length 52)
    3.6.115.182.80 > 192.168.1.194.54482: Flags [.], cksum 0x995e (correct), seq 1, ack 1, win 1769, options [nop,nop,TS val 36388532 ecr 4240571955], length 0
19:52:46.533734 IP (tos 0x80, ttl 123, id 9826, offset 0, flags [none], proto TCP (6), length 275)
    142.250.183.36.443 > 192.168.1.194.49806: Flags [P.], cksum 0x017f (correct), seq 65799:66022, ack 9028, win 1026, options [nop,nop,TS val 152884270 ecr 4259314594], length 223
19:52:46.533868 IP (tos 0x80, ttl 123, id 9827, offset 0, flags [none], proto TCP (6), length 83)
    142.250.183.36.443 > 192.168.1.194.49806: Flags [P.], cksum 0x9a2e (correct), seq 66022:66053, ack 9028, win 1026, options [nop,nop,TS val 152884270 ecr 4259314594], length 31
19:52:46.533869 IP (tos 0x80, ttl 123, id 9828, offset 0, flags [none], proto TCP (6), length 91)
    142.250.183.36.443 > 192.168.1.194.49806: Flags [P.], cksum 0xfe13 (correct), seq 66053:66092, ack 9028, win 1026, options [nop,nop,TS val 152884270 ecr 4259314594], length 39
19:52:46.533930 IP (tos 0x0, ttl 64, id 34205, offset 0, flags [DF], proto TCP (6), length 52)
    192.168.1.194.49806 > 142.250.183.36.443: Flags [.], cksum 0x08b0 (incorrect -> 0x966a), seq 9028, ack 66092, win 993, options [nop,nop,TS val 4259314695 ecr 152884270], length 0
19:52:46.533954 IP (tos 0x0, ttl 64, id 34206, offset 0, flags [DF], proto TCP (6), length 91)
    192.168.1.194.49806 > 142.250.183.36.443: Flags [P.], cksum 0x08d7 (incorrect -> 0xa527), seq 9028:9067, ack 66092, win 993, options [nop,nop,TS val 4259314695 ecr 152884270], length 39
19:52:46.548208 IP (tos 0x0, ttl 64, id 35274, offset 0, flags [DF], proto TCP (6), length 52)
    192.168.1.194.42680 > 20.207.73.82.443: Flags [.], cksum 0x20b2 (incorrect -> 0xa3fb), seq 4031, ack 47238, win 606, options [nop,nop,TS val 2445892862 ecr 4286649153], length 0
19:52:46.571206 IP (tos 0x80, ttl 123, id 9829, offset 0, flags [none], proto TCP (6), length 52)
    142.250.183.36.443 > 192.168.1.194.49806: Flags [.], cksum 0x95fd (correct), seq 66092, ack 9067, win 1026, options [nop,nop,TS val 152884307 ecr 4259314695], length 0
19:52:46.677301 IP (tos 0x0, ttl 64, id 29376, offset 0, flags [DF], proto TCP (6), length 241)
    192.168.1.194.34730 > 140.82.113.26.443: Flags [P.], cksum 0xc0ba (incorrect -> 0x28da), seq 4035653251:4035653440, ack 1332514028, win 470, options [nop,nop,TS val 861194670 ecr 4093206766], length 189
19:52:46.721618 IP (tos 0x0, ttl 108, id 61279, offset 0, flags [DF], proto TCP (6), length 52)
    20.189.173.2.443 > 192.168.1.194.41516: Flags [.], cksum 0xe544 (correct), seq 473, ack 167429, win 16386, options [nop,nop,TS val 7309865 ecr 989475778], length 0
19:52:46.721640 IP (tos 0x0, ttl 64, id 9526, offset 0, flags [DF], proto TCP (6), length 2908)
    192.168.1.194.41516 > 20.189.173.2.443: Flags [P.], cksum 0x8f78 (incorrect -> 0x3089), seq 178853:181709, ack 473, win 450, options [nop,nop,TS val 989476034 ecr 7309865], length 2856
19:52:46.721655 IP (tos 0x0, ttl 64, id 9528, offset 0, flags [DF], proto TCP (6), length 2908)
    192.168.1.194.41516 > 20.189.173.2.443: Flags [P.], cksum 0x8f78 (incorrect -> 0x54e7), seq 181709:184565, ack 473, win 450, options [nop,nop,TS val 989476034 ecr 7309865], length 2856
19:52:46.722932 IP (tos 0x0, ttl 108, id 61280, offset 0, flags [DF], proto TCP (6), length 52)
    20.189.173.2.443 > 192.168.1.194.41516: Flags [.], cksum 0xda1b (correct), seq 473, ack 170285, win 16386, options [nop,nop,TS val 7309866 ecr 989475778], length 0
19:52:46.723642 IP (tos 0x0, ttl 108, id 61281, offset 0, flags [DF], proto TCP (6), length 52)
    20.189.173.2.443 > 192.168.1.194.41516: Flags [.], cksum 0xcef2 (correct), seq 473, ack 173141, win 16386, options [nop,nop,TS val 7309867 ecr 989475778], length 0
19:52:46.723642 IP (tos 0x0, ttl 108, id 61282, offset 0, flags [DF], proto TCP (6), length 52)
    20.189.173.2.443 > 192.168.1.194.41516: Flags [.], cksum 0xc3c9 (correct), seq 473, ack 175997, win 16386, options [nop,nop,TS val 7309867 ecr 989475779], length 0
19:52:46.723642 IP (tos 0x0, ttl 108, id 61283, offset 0, flags [DF], proto TCP (6), length 52)
    20.189.173.2.443 > 192.168.1.194.41516: Flags [.], cksum 0xb8a1 (correct), seq 473, ack 178853, win 16386, options [nop,nop,TS val 7309867 ecr 989475779], length 0
19:52:46.724949 IP (tos 0x0, ttl 64, id 9530, offset 0, flags [DF], proto TCP (6), length 2908)
    192.168.1.194.41516 > 20.189.173.2.443: Flags [P.], cksum 0x8f78 (incorrect -> 0xb81a), seq 184565:187421, ack 473, win 450, options [nop,nop,TS val 989476037 ecr 7309867], length 2856
19:52:46.724964 IP (tos 0x0, ttl 64, id 9532, offset 0, flags [DF], proto TCP (6), length 2908)
    192.168.1.194.41516 > 20.189.173.2.443: Flags [P.], cksum 0x8f78 (incorrect -> 0x4196), seq 187421:190277, ack 473, win 450, options [nop,nop,TS val 989476037 ecr 7309867], length 2856
19:52:46.725555 IP (tos 0x0, ttl 64, id 9534, offset 0, flags [DF], proto TCP (6), length 2908)
    192.168.1.194.41516 > 20.189.173.2.443: Flags [P.], cksum 0x8f78 (incorrect -> 0xfd69), seq 190277:193133, ack 473, win 450, options [nop,nop,TS val 989476038 ecr 7309867], length 2856
19:52:46.725563 IP (tos 0x0, ttl 64, id 9536, offset 0, flags [DF], proto TCP (6), length 2908)
    192.168.1.194.41516 > 20.189.173.2.443: Flags [P.], cksum 0x8f78 (incorrect -> 0x240d), seq 193133:195989, ack 473, win 450, options [nop,nop,TS val 989476038 ecr 7309867], length 2856
19:52:46.726729 IP (tos 0x0, ttl 64, id 9538, offset 0, flags [DF], proto TCP (6), length 2908)
    192.168.1.194.41516 > 20.189.173.2.443: Flags [P.], cksum 0x8f78 (incorrect -> 0x5c5a), seq 195989:198845, ack 473, win 450, options [nop,nop,TS val 989476039 ecr 7309867], length 2856
19:52:46.726739 IP (tos 0x0, ttl 64, id 9540, offset 0, flags [DF], proto TCP (6), length 2908)
    192.168.1.194.41516 > 20.189.173.2.443: Flags [P.], cksum 0x8f78 (incorrect -> 0xb29b), seq 198845:201701, ack 473, win 450, options [nop,nop,TS val 989476039 ecr 7309867], length 2856
19:52:46.727290 IP (tos 0x0, ttl 64, id 9542, offset 0, flags [DF], proto TCP (6), length 1628)
    192.168.1.194.41516 > 20.189.173.2.443: Flags [P.], cksum 0x8a78 (incorrect -> 0xa67f), seq 201701:203277, ack 473, win 450, options [nop,nop,TS val 989476040 ecr 7309867], length 1576
19:52:46.741833 IP (tos 0x0, ttl 64, id 53957, offset 0, flags [none], proto UDP (17), length 77)
    192.168.1.194.43545 > 192.168.1.1.53: [bad udp cksum 0x845e -> 0xa783!] 31916+ [1au] A? collector.github.com. ar: . OPT UDPsize=1472 (49)
19:52:46.741949 IP (tos 0x0, ttl 64, id 14903, offset 0, flags [none], proto UDP (17), length 77)
    192.168.1.194.55234 > 192.168.1.1.53: [bad udp cksum 0x845e -> 0x2897!] 52692+ [1au] AAAA? collector.github.com. ar: . OPT UDPsize=1472 (49)
19:52:46.742185 IP (tos 0x0, ttl 64, id 2167, offset 0, flags [DF], proto TCP (6), length 52)
    192.168.1.194.57330 > 3.6.98.232.80: Flags [.], cksum 0x287f (incorrect -> 0x4534), seq 0, ack 1, win 501, options [nop,nop,TS val 4263802991 ecr 3144058219], length 0
19:52:46.744216 IP (tos 0x0, ttl 64, id 37363, offset 0, flags [DF], proto TCP (6), length 52)
    192.168.1.194.41786 > 3.6.30.85.80: Flags [.], cksum 0xe3eb (incorrect -> 0x0d5b), seq 0, ack 1, win 501, options [nop,nop,TS val 3269361123 ecr 1456754718], length 0
19:52:46.745917 IP (tos 0x0, ttl 64, id 35275, offset 0, flags [DF], proto TCP (6), length 1412)
    192.168.1.194.42680 > 20.207.73.82.443: Flags [P.], cksum 0x2602 (incorrect -> 0xc105), seq 4031:5391, ack 47238, win 606, options [nop,nop,TS val 2445893059 ecr 4286649153], length 1360
19:52:46.746741 IP (tos 0x0, ttl 64, id 35276, offset 0, flags [DF], proto TCP (6), length 305)
    192.168.1.194.42680 > 20.207.73.82.443: Flags [P.], cksum 0x21af (incorrect -> 0x74bb), seq 5391:5644, ack 47238, win 606, options [nop,nop,TS val 2445893060 ecr 4286649153], length 253
19:52:46.747079 IP (tos 0x0, ttl 64, id 35277, offset 0, flags [DF], proto TCP (6), length 259)
    192.168.1.194.42680 > 20.207.73.82.443: Flags [P.], cksum 0x2181 (incorrect -> 0x89fd), seq 5644:5851, ack 47238, win 606, options [nop,nop,TS val 2445893060 ecr 4286649153], length 207
19:52:46.748047 IP (tos 0x0, ttl 64, id 35278, offset 0, flags [DF], proto TCP (6), length 396)
    192.168.1.194.42680 > 20.207.73.82.443: Flags [P.], cksum 0x220a (incorrect -> 0x0884), seq 5851:6195, ack 47238, win 606, options [nop,nop,TS val 2445893061 ecr 4286649153], length 344
19:52:46.748856 IP (tos 0x0, ttl 64, id 35279, offset 0, flags [DF], proto TCP (6), length 229)
    192.168.1.194.42680 > 20.207.73.82.443: Flags [P.], cksum 0x2163 (incorrect -> 0x76f4), seq 6195:6372, ack 47238, win 606, options [nop,nop,TS val 2445893062 ecr 4286649153], length 177
19:52:46.749237 IP (tos 0x0, ttl 64, id 35280, offset 0, flags [DF], proto TCP (6), length 232)
    192.168.1.194.42680 > 20.207.73.82.443: Flags [P.], cksum 0x2166 (incorrect -> 0x66c3), seq 6372:6552, ack 47238, win 606, options [nop,nop,TS val 2445893063 ecr 4286649153], length 180
19:52:46.754825 IP (tos 0x0, ttl 64, id 17048, offset 0, flags [DF], proto UDP (17), length 126)
    192.168.1.1.53 > 192.168.1.194.43545: [udp sum ok] 31916 q: A? collector.github.com. 2/0/1 collector.github.com. [10m1s] CNAME glb-db52c2cf8be544.github.com., glb-db52c2cf8be544.github.com. [41s] A 140.82.113.21 ar: . OPT UDPsize=1232 (98)
19:52:46.756097 IP (tos 0x0, ttl 64, id 48263, offset 0, flags [DF], proto TCP (6), length 60)
    192.168.1.194.51782 > 140.82.113.21.443: Flags [S], cksum 0xc000 (incorrect -> 0x55c2), seq 1306630407, win 64240, options [mss 1460,sackOK,TS val 3968440326 ecr 0,nop,wscale 7], length 0
19:52:46.756849 IP (tos 0x0, ttl 64, id 17049, offset 0, flags [DF], proto UDP (17), length 197)
    192.168.1.1.53 > 192.168.1.194.55234: [udp sum ok] 52692 q: AAAA? collector.github.com. 1/1/1 collector.github.com. [10m1s] CNAME glb-db52c2cf8be544.github.com. ns: github.com. [8m20s] SOA ns-1707.awsdns-21.co.uk. awsdns-hostmaster.amazon.com. 1 7200 900 1209600 86400 ar: . OPT UDPsize=1232 (169)
19:52:46.757040 IP (tos 0x0, ttl 64, id 3649, offset 0, flags [none], proto UDP (17), length 86)
    192.168.1.194.56017 > 192.168.1.1.53: [bad udp cksum 0x8467 -> 0x8f67!] 33782+ [1au] AAAA? glb-db52c2cf8be544.github.com. ar: . OPT UDPsize=1472 (58)
19:52:46.768766 IP (tos 0x0, ttl 64, id 17062, offset 0, flags [DF], proto UDP (17), length 173)
    192.168.1.1.53 > 192.168.1.194.56017: [udp sum ok] 33782 q: AAAA? glb-db52c2cf8be544.github.com. 0/1/1 ns: github.com. [8m20s] SOA ns-1707.awsdns-21.co.uk. awsdns-hostmaster.amazon.com. 1 7200 900 1209600 86400 ar: . OPT UDPsize=1232 (145)
19:52:46.774584 IP (tos 0x0, ttl 58, id 13745, offset 0, flags [DF], proto TCP (6), length 2216)
    172.65.251.78.443 > 192.168.1.194.34006: Flags [P.], cksum 0x7295 (incorrect -> 0xe0d5), seq 1:2165, ack 3346, win 19, options [nop,nop,TS val 669850498 ecr 3510428256], length 2164
19:52:46.774586 IP (tos 0x0, ttl 58, id 13747, offset 0, flags [DF], proto TCP (6), length 761)
    172.65.251.78.443 > 192.168.1.194.34006: Flags [P.], cksum 0x5891 (correct), seq 2165:2874, ack 3346, win 19, options [nop,nop,TS val 669850498 ecr 3510428256], length 709
19:52:46.774622 IP (tos 0x0, ttl 64, id 26772, offset 0, flags [DF], proto TCP (6), length 52)
    192.168.1.194.34006 > 172.65.251.78.443: Flags [.], cksum 0x6a21 (incorrect -> 0x3fa2), seq 3346, ack 2165, win 13996, options [nop,nop,TS val 3510428716 ecr 669850498], length 0
19:52:46.774647 IP (tos 0x0, ttl 64, id 26773, offset 0, flags [DF], proto TCP (6), length 52)
    192.168.1.194.34006 > 172.65.251.78.443: Flags [.], cksum 0x6a21 (incorrect -> 0x3ce2), seq 3346, ack 2874, win 13991, options [nop,nop,TS val 3510428716 ecr 669850498], length 0
19:52:46.775778 IP (tos 0x0, ttl 120, id 61074, offset 0, flags [DF], proto TCP (6), length 52)
    3.6.98.232.80 > 192.168.1.194.57330: Flags [.], cksum 0x6b07 (correct), seq 1, ack 1, win 442, options [nop,nop,TS val 3144059254 ecr 4263792331], length 0
19:52:46.776388 IP (tos 0x0, ttl 64, id 35281, offset 0, flags [DF], proto TCP (6), length 246)
    192.168.1.194.42680 > 20.207.73.82.443: Flags [P.], cksum 0x2174 (incorrect -> 0x61ba), seq 6552:6746, ack 47238, win 606, options [nop,nop,TS val 2445893090 ecr 4286649153], length 194
19:52:46.776713 IP (tos 0x0, ttl 64, id 35282, offset 0, flags [DF], proto TCP (6), length 245)
    192.168.1.194.42680 > 20.207.73.82.443: Flags [P.], cksum 0x2173 (incorrect -> 0xc0a7), seq 6746:6939, ack 47238, win 606, options [nop,nop,TS val 2445893090 ecr 4286649153], length 193
19:52:46.780706 IP (tos 0x0, ttl 64, id 290, offset 0, flags [DF], proto TCP (6), length 153)
    192.168.1.194.49370 > 185.199.108.154.443: Flags [P.], cksum 0xe957 (incorrect -> 0x292a), seq 3181:3282, ack 1607, win 490, options [nop,nop,TS val 688270514 ecr 1762041558], length 101
19:52:46.780765 IP6 (flowlabel 0x10a00, hlim 255, next-header UDP (17) payload length: 174) fe80::86d:f15a:13b4:fd2c.5353 > ff02::fb.5353: [udp sum ok] 0 [2q] [3n] ANY (QM)? 4004CBC1-0278-4E14-B589-35CE60842C39._remotepairing._tcp.local. ANY (QM)? Vasus-iPhone-13.local. ns: 4004CBC1-0278-4E14-B589-35CE60842C39._remotepairing._tcp.local. [1h15m] SRV Vasus-iPhone-13.local.:49152 0 0, Vasus-iPhone-13.local. [1h15m] AAAA fe80::86d:f15a:13b4:fd2c, Vasus-iPhone-13.local. [1h15m] A 192.168.1.168 (166)
19:52:46.780939 IP (tos 0x0, ttl 64, id 291, offset 0, flags [DF], proto TCP (6), length 188)
    192.168.1.194.49370 > 185.199.108.154.443: Flags [P.], cksum 0xe97a (incorrect -> 0xb4bd), seq 3282:3418, ack 1607, win 490, options [nop,nop,TS val 688270514 ecr 1762041558], length 136
19:52:46.782679 IP (tos 0x0, ttl 255, id 51469, offset 0, flags [none], proto UDP (17), length 219)
    192.168.1.168.5353 > 224.0.0.251.5353: [udp sum ok] 0*- [0q] 2/0/2 C.2.D.F.4.B.3.1.A.5.1.F.D.6.8.0.0.0.0.0.0.0.0.0.0.0.0.0.0.8.E.F.ip6.arpa. (Cache flush) [1h15m] PTR Vasus-iPhone-13.local., 168.1.168.192.in-addr.arpa. (Cache flush) [1h15m] PTR Vasus-iPhone-13.local. ar: C.2.D.F.4.B.3.1.A.5.1.F.D.6.8.0.0.0.0.0.0.0.0.0.0.0.0.0.0.8.E.F.ip6.arpa. (Cache flush) [1h15m] NSEC, 168.1.168.192.in-addr.arpa. (Cache flush) [1h15m] NSEC (191)
19:52:46.782692 IP (tos 0x0, ttl 64, id 292, offset 0, flags [DF], proto TCP (6), length 228)
    192.168.1.194.49370 > 185.199.108.154.443: Flags [P.], cksum 0xe9a2 (incorrect -> 0xe714), seq 3418:3594, ack 1607, win 490, options [nop,nop,TS val 688270516 ecr 1762041558], length 176
19:52:46.782976 IP (tos 0x0, ttl 120, id 18064, offset 0, flags [DF], proto TCP (6), length 52)
    3.6.30.85.80 > 192.168.1.194.41786: Flags [.], cksum 0x206a (correct), seq 1, ack 1, win 2098, options [nop,nop,TS val 1456755753 ecr 3269353611], length 0
19:52:46.783585 IP (tos 0x0, ttl 64, id 293, offset 0, flags [DF], proto TCP (6), length 157)
    192.168.1.194.49370 > 185.199.108.154.443: Flags [P.], cksum 0xe95b (incorrect -> 0x2878), seq 3594:3699, ack 1607, win 490, options [nop,nop,TS val 688270517 ecr 1762041558], length 105
19:52:46.784322 IP (tos 0x0, ttl 64, id 294, offset 0, flags [DF], proto TCP (6), length 196)
    192.168.1.194.49370 > 185.199.108.154.443: Flags [P.], cksum 0xe982 (incorrect -> 0x9eb7), seq 3699:3843, ack 1607, win 490, options [nop,nop,TS val 688270518 ecr 1762041558], length 144
19:52:46.784607 IP (tos 0x0, ttl 64, id 295, offset 0, flags [DF], proto TCP (6), length 87)
    192.168.1.194.49370 > 185.199.108.154.443: Flags [P.], cksum 0xe915 (incorrect -> 0xcc51), seq 3843:3878, ack 1607, win 490, options [nop,nop,TS val 688270518 ecr 1762041558], length 35
19:52:46.785403 IP (tos 0x0, ttl 51, id 43645, offset 0, flags [DF], proto TCP (6), length 52)
    20.207.73.82.443 > 192.168.1.194.42680: Flags [.], cksum 0x9edc (correct), seq 47238, ack 5391, win 76, options [nop,nop,TS val 4286649437 ecr 2445893059], length 0
19:52:46.786613 IP (tos 0x0, ttl 51, id 43646, offset 0, flags [DF], proto TCP (6), length 52)
    20.207.73.82.443 > 192.168.1.194.42680: Flags [.], cksum 0x9ddb (correct), seq 47238, ack 5644, win 79, options [nop,nop,TS val 4286649437 ecr 2445893060], length 0
19:52:46.786613 IP (tos 0x0, ttl 51, id 43647, offset 0, flags [DF], proto TCP (6), length 52)
    20.207.73.82.443 > 192.168.1.194.42680: Flags [.], cksum 0x9d08 (correct), seq 47238, ack 5851, win 82, options [nop,nop,TS val 4286649438 ecr 2445893060], length 0
19:52:46.786613 IP (tos 0x0, ttl 51, id 43648, offset 0, flags [DF], proto TCP (6), length 52)
    20.207.73.82.443 > 192.168.1.194.42680: Flags [.], cksum 0x9bab (correct), seq 47238, ack 6195, win 85, options [nop,nop,TS val 4286649439 ecr 2445893061], length 0
19:52:46.787118 IP (tos 0x20, ttl 58, id 22300, offset 0, flags [DF], proto TCP (6), length 52)
    185.199.108.154.443 > 192.168.1.194.49370: Flags [.], cksum 0xa2d3 (correct), seq 1607, ack 3282, win 298, options [nop,nop,TS val 1762041850 ecr 688270514], length 0
19:52:46.787118 IP (tos 0x20, ttl 58, id 22301, offset 0, flags [DF], proto TCP (6), length 52)
    185.199.108.154.443 > 192.168.1.194.49370: Flags [.], cksum 0xa245 (correct), seq 1607, ack 3418, win 304, options [nop,nop,TS val 1762041850 ecr 688270514], length 0
19:52:46.787118 IP (tos 0x20, ttl 58, id 22302, offset 0, flags [DF], proto TCP (6), length 52)
    185.199.108.154.443 > 192.168.1.194.49370: Flags [.], cksum 0xa18e (correct), seq 1607, ack 3594, win 309, options [nop,nop,TS val 1762041850 ecr 688270516], length 0
19:52:46.791085 IP (tos 0x0, ttl 51, id 43649, offset 0, flags [DF], proto TCP (6), length 52)
    20.207.73.82.443 > 192.168.1.194.42680: Flags [.], cksum 0x9af6 (correct), seq 47238, ack 6372, win 87, options [nop,nop,TS val 4286649440 ecr 2445893062], length 0
19:52:46.793506 IP (tos 0x20, ttl 58, id 22303, offset 0, flags [DF], proto TCP (6), length 52)
    185.199.108.154.443 > 192.168.1.194.49370: Flags [.], cksum 0xa123 (correct), seq 1607, ack 3699, win 309, options [nop,nop,TS val 1762041851 ecr 688270517], length 0
19:52:46.793507 IP (tos 0x20, ttl 58, id 22304, offset 0, flags [DF], proto TCP (6), length 52)
    185.199.108.154.443 > 192.168.1.194.49370: Flags [.], cksum 0xa08c (correct), seq 1607, ack 3843, win 315, options [nop,nop,TS val 1762041851 ecr 688270518], length 0
19:52:46.793508 IP (tos 0x20, ttl 58, id 22305, offset 0, flags [DF], proto TCP (6), length 450)
    185.199.108.154.443 > 192.168.1.194.49370: Flags [P.], cksum 0x6efd (correct), seq 1607:2005, ack 3843, win 315, options [nop,nop,TS val 1762041851 ecr 688270518], length 398
19:52:46.793509 IP (tos 0x20, ttl 58, id 22306, offset 0, flags [DF], proto TCP (6), length 455)
    185.199.108.154.443 > 192.168.1.194.49370: Flags [P.], cksum 0x9069 (correct), seq 2005:2408, ack 3843, win 315, options [nop,nop,TS val 1762041851 ecr 688270518], length 403
19:52:46.793509 IP (tos 0x20, ttl 58, id 22307, offset 0, flags [DF], proto TCP (6), length 52)
    185.199.108.154.443 > 192.168.1.194.49370: Flags [.], cksum 0x9d44 (correct), seq 2408, ack 3878, win 315, options [nop,nop,TS val 1762041855 ecr 688270518], length 0
19:52:46.793696 IP (tos 0x0, ttl 64, id 296, offset 0, flags [DF], proto TCP (6), length 52)
    192.168.1.194.49370 > 185.199.108.154.443: Flags [.], cksum 0xe8f2 (incorrect -> 0x9c96), seq 3878, ack 2408, win 484, options [nop,nop,TS val 688270527 ecr 1762041851], length 0
19:52:46.795540 IP (tos 0x0, ttl 51, id 43650, offset 0, flags [DF], proto TCP (6), length 52)
    20.207.73.82.443 > 192.168.1.194.42680: Flags [.], cksum 0x9a3d (correct), seq 47238, ack 6552, win 90, options [nop,nop,TS val 4286649441 ecr 2445893063], length 0
19:52:46.814611 IP (tos 0x0, ttl 51, id 43651, offset 0, flags [DF], proto TCP (6), length 52)
    20.207.73.82.443 > 192.168.1.194.42680: Flags [.], cksum 0x9943 (correct), seq 47238, ack 6746, win 93, options [nop,nop,TS val 4286649467 ecr 2445893090], length 0
19:52:46.814612 IP (tos 0x0, ttl 51, id 43652, offset 0, flags [DF], proto TCP (6), length 52)
    20.207.73.82.443 > 192.168.1.194.42680: Flags [.], cksum 0x987f (correct), seq 47238, ack 6939, win 96, options [nop,nop,TS val 4286649467 ecr 2445893090], length 0
19:52:46.874156 IP (tos 0x0, ttl 64, id 57626, offset 0, flags [none], proto UDP (17), length 71)
    192.168.1.194.51991 > 192.168.1.1.53: [bad udp cksum 0x8458 -> 0x8531!] 49757+ [1au] A? api.github.com. ar: . OPT UDPsize=1472 (43)
19:52:46.874533 IP (tos 0x0, ttl 64, id 58138, offset 0, flags [none], proto UDP (17), length 71)
    192.168.1.194.56080 > 192.168.1.1.53: [bad udp cksum 0x8458 -> 0x1b41!] 7226+ [1au] AAAA? api.github.com. ar: . OPT UDPsize=1472 (43)
19:52:46.886714 IP (tos 0x0, ttl 64, id 17122, offset 0, flags [DF], proto UDP (17), length 158)
    192.168.1.1.53 > 192.168.1.194.56080: [udp sum ok] 7226 q: AAAA? api.github.com. 0/1/1 ns: github.com. [27s] SOA ns-1707.awsdns-21.co.uk. awsdns-hostmaster.amazon.com. 1 7200 900 1209600 86400 ar: . OPT UDPsize=1232 (130)
19:52:46.922290 IP (tos 0x0, ttl 64, id 29069, offset 0, flags [DF], proto TCP (6), length 52)
    192.168.1.194.59792 > 3.6.122.107.80: Flags [.], cksum 0x4002 (incorrect -> 0xd4dd), seq 0, ack 1, win 501, options [nop,nop,TS val 216320118 ecr 1119269696], length 0
19:52:46.924725 IP (tos 0x0, ttl 64, id 17130, offset 0, flags [DF], proto UDP (17), length 87)
    192.168.1.1.53 > 192.168.1.194.51991: [udp sum ok] 49757 q: A? api.github.com. 1/0/1 api.github.com. [1m] A 20.207.73.85 ar: . OPT UDPsize=1232 (59)
19:52:46.925834 IP (tos 0x0, ttl 64, id 14666, offset 0, flags [none], proto UDP (17), length 71)
    192.168.1.194.50659 > 192.168.1.1.53: [bad udp cksum 0x8458 -> 0x8d64!] 48963+ [1au] AAAA? api.github.com. ar: . OPT UDPsize=1472 (43)
19:52:46.926486 IP (tos 0x0, ttl 64, id 5420, offset 0, flags [DF], proto TCP (6), length 60)
    192.168.1.194.55044 > 20.207.73.85.443: Flags [S], cksum 0x20bd (incorrect -> 0x5fad), seq 2922337536, win 64240, options [mss 1460,sackOK,TS val 3501989927 ecr 0,nop,wscale 7], length 0
19:52:46.934304 IP (tos 0x0, ttl 64, id 30134, offset 0, flags [DF], proto TCP (6), length 52)
    192.168.1.194.38390 > 3.6.115.64.80: Flags [.], cksum 0x38d7 (incorrect -> 0x8dfb), seq 0, ack 1, win 501, options [nop,nop,TS val 3328451161 ecr 2971015408], length 0
19:52:46.935638 IP (tos 0x20, ttl 46, id 18395, offset 0, flags [DF], proto TCP (6), length 52)
    140.82.113.26.443 > 192.168.1.194.34730: Flags [.], cksum 0x56a4 (correct), seq 1, ack 189, win 79, options [nop,nop,TS val 4093241707 ecr 861194670], length 0
19:52:46.938319 IP (tos 0x0, ttl 64, id 17143, offset 0, flags [DF], proto UDP (17), length 158)
    192.168.1.1.53 > 192.168.1.194.50659: [udp sum ok] 48963 q: AAAA? api.github.com. 0/1/1 ns: github.com. [27s] SOA ns-1707.awsdns-21.co.uk. awsdns-hostmaster.amazon.com. 1 7200 900 1209600 86400 ar: . OPT UDPsize=1232 (130)
19:52:46.940622 IP (tos 0x20, ttl 46, id 18396, offset 0, flags [DF], proto TCP (6), length 125)
    140.82.113.26.443 > 192.168.1.194.34730: Flags [P.], cksum 0x9fc7 (correct), seq 1:74, ack 189, win 79, options [nop,nop,TS val 4093241711 ecr 861194670], length 73
19:52:46.955772 IP (tos 0x0, ttl 114, id 61871, offset 0, flags [DF], proto TCP (6), length 52)
    3.6.122.107.80 > 192.168.1.194.59792: Flags [.], cksum 0xf17e (correct), seq 1, ack 1, win 448, options [nop,nop,TS val 1119270753 ecr 216311784], length 0
19:52:46.959200 IP (tos 0x0, ttl 64, id 18397, offset 0, flags [DF], proto TCP (6), length 52)
    192.168.1.194.34916 > 3.6.30.85.80: Flags [.], cksum 0xe3eb (incorrect -> 0x4bb2), seq 0, ack 1, win 501, options [nop,nop,TS val 3269361338 ecr 1456754934], length 0
19:52:46.966719 IP (tos 0x0, ttl 51, id 0, offset 0, flags [DF], proto TCP (6), length 60)
    20.207.73.85.443 > 192.168.1.194.55044: Flags [S.], cksum 0xa37f (correct), seq 4016478481, ack 2922337537, win 65535, options [mss 1436,sackOK,TS val 2773911891 ecr 3501989927,nop,wscale 10], length 0
19:52:46.966745 IP (tos 0x0, ttl 64, id 5421, offset 0, flags [DF], proto TCP (6), length 52)
    192.168.1.194.55044 > 20.207.73.85.443: Flags [.], cksum 0x20b5 (incorrect -> 0xd018), seq 1, ack 1, win 502, options [nop,nop,TS val 3501989967 ecr 2773911891], length 0
19:52:46.967323 IP (tos 0x0, ttl 64, id 5422, offset 0, flags [DF], proto TCP (6), length 2122)
    192.168.1.194.55044 > 20.207.73.85.443: Flags [P.], cksum 0x28cb (incorrect -> 0xae3f), seq 1:2071, ack 1, win 502, options [nop,nop,TS val 3501989968 ecr 2773911891], length 2070
19:52:46.969504 IP (tos 0x0, ttl 120, id 3808, offset 0, flags [DF], proto TCP (6), length 52)
    3.6.115.64.80 > 192.168.1.194.38390: Flags [.], cksum 0x8b03 (correct), seq 1, ack 1, win 2383, options [nop,nop,TS val 2971016444 ecr 3328449002], length 0
19:52:46.981225 IP (tos 0x0, ttl 64, id 29377, offset 0, flags [DF], proto TCP (6), length 52)
    192.168.1.194.34730 > 140.82.113.26.443: Flags [.], cksum 0xbffd (incorrect -> 0x53a0), seq 189, ack 74, win 470, options [nop,nop,TS val 861194974 ecr 4093241711], length 0
19:52:46.981754 IP (tos 0x0, ttl 108, id 61284, offset 0, flags [DF], proto TCP (6), length 52)
    20.189.173.2.443 > 192.168.1.194.41516: Flags [.], cksum 0xab78 (correct), seq 473, ack 181709, win 16386, options [nop,nop,TS val 7310125 ecr 989476034], length 0
19:52:46.982784 IP (tos 0x0, ttl 108, id 61285, offset 0, flags [DF], proto TCP (6), length 52)
    20.189.173.2.443 > 192.168.1.194.41516: Flags [.], cksum 0xa04f (correct), seq 473, ack 184565, win 16386, options [nop,nop,TS val 7310126 ecr 989476034], length 0
19:52:46.983375 IP (tos 0x0, ttl 108, id 61286, offset 0, flags [DF], proto TCP (6), length 52)
    20.189.173.2.443 > 192.168.1.194.41516: Flags [.], cksum 0x9523 (correct), seq 473, ack 187421, win 16386, options [nop,nop,TS val 7310127 ecr 989476037], length 0
19:52:46.983375 IP (tos 0x0, ttl 108, id 61287, offset 0, flags [DF], proto TCP (6), length 52)
    20.189.173.2.443 > 192.168.1.194.41516: Flags [.], cksum 0x89fb (correct), seq 473, ack 190277, win 16386, options [nop,nop,TS val 7310127 ecr 989476037], length 0
19:52:46.983375 IP (tos 0x0, ttl 108, id 61288, offset 0, flags [DF], proto TCP (6), length 52)
    20.189.173.2.443 > 192.168.1.194.41516: Flags [.], cksum 0x7ed2 (correct), seq 473, ack 193133, win 16386, options [nop,nop,TS val 7310127 ecr 989476038], length 0
19:52:46.986431 IP (tos 0x0, ttl 255, id 52466, offset 0, flags [none], proto UDP (17), length 108)
    192.168.1.168.5353 > 224.0.0.251.5353: [udp sum ok] 0 [3q] PTR (QM)? _rdlink._tcp.local. PTR (QM)? _companion-link._tcp.local. PTR (QM)? lb._dns-sd._udp.local. (80)
19:52:46.986431 IP (tos 0x0, ttl 255, id 23694, offset 0, flags [none], proto UDP (17), length 375)
    192.168.1.168.5353 > 224.0.0.251.5353: [udp sum ok] 0*- [0q] 6/0/2 4004CBC1-0278-4E14-B589-35CE60842C39._remotepairing._tcp.local. (Cache flush) [1h15m] TXT "identifier=4004CBC1-0278-4E14-B589-35CE60842C39" "authTag=Ec8F9SP+" "ver=24" "minVer=8" "flags=0", _services._dns-sd._udp.local. [1h15m] PTR _remotepairing._tcp.local., _remotepairing._tcp.local. [1h15m] PTR 4004CBC1-0278-4E14-B589-35CE60842C39._remotepairing._tcp.local., 4004CBC1-0278-4E14-B589-35CE60842C39._remotepairing._tcp.local. (Cache flush) [1h15m] SRV Vasus-iPhone-13.local.:49152 0 0, Vasus-iPhone-13.local. (Cache flush) [1h15m] AAAA fe80::86d:f15a:13b4:fd2c, Vasus-iPhone-13.local. (Cache flush) [1h15m] A 192.168.1.168 ar: 4004CBC1-0278-4E14-B589-35CE60842C39._remotepairing._tcp.local. (Cache flush) [1h15m] NSEC, Vasus-iPhone-13.local. (Cache flush) [1h15m] NSEC (347)
19:52:46.986450 IP6 (flowlabel 0x10a00, hlim 255, next-header UDP (17) payload length: 355) fe80::86d:f15a:13b4:fd2c.5353 > ff02::fb.5353: [udp sum ok] 0*- [0q] 6/0/2 4004CBC1-0278-4E14-B589-35CE60842C39._remotepairing._tcp.local. (Cache flush) [1h15m] TXT "identifier=4004CBC1-0278-4E14-B589-35CE60842C39" "authTag=Ec8F9SP+" "ver=24" "minVer=8" "flags=0", _services._dns-sd._udp.local. [1h15m] PTR _remotepairing._tcp.local., _remotepairing._tcp.local. [1h15m] PTR 4004CBC1-0278-4E14-B589-35CE60842C39._remotepairing._tcp.local., 4004CBC1-0278-4E14-B589-35CE60842C39._remotepairing._tcp.local. (Cache flush) [1h15m] SRV Vasus-iPhone-13.local.:49152 0 0, Vasus-iPhone-13.local. (Cache flush) [1h15m] AAAA fe80::86d:f15a:13b4:fd2c, Vasus-iPhone-13.local. (Cache flush) [1h15m] A 192.168.1.168 ar: 4004CBC1-0278-4E14-B589-35CE60842C39._remotepairing._tcp.local. (Cache flush) [1h15m] NSEC, Vasus-iPhone-13.local. (Cache flush) [1h15m] NSEC (347)
19:52:46.987142 IP (tos 0x0, ttl 108, id 61289, offset 0, flags [DF], proto TCP (6), length 52)
    20.189.173.2.443 > 192.168.1.194.41516: Flags [.], cksum 0x73a9 (correct), seq 473, ack 195989, win 16386, options [nop,nop,TS val 7310128 ecr 989476038], length 0
19:52:46.987143 IP (tos 0x0, ttl 108, id 61290, offset 0, flags [DF], proto TCP (6), length 52)
    20.189.173.2.443 > 192.168.1.194.41516: Flags [.], cksum 0x6880 (correct), seq 473, ack 198845, win 16386, options [nop,nop,TS val 7310128 ecr 989476039], length 0
19:52:46.987144 IP (tos 0x0, ttl 108, id 61291, offset 0, flags [DF], proto TCP (6), length 52)
    20.189.173.2.443 > 192.168.1.194.41516: Flags [.], cksum 0x5d58 (correct), seq 473, ack 201701, win 16386, options [nop,nop,TS val 7310128 ecr 989476039], length 0
19:52:46.987144 IP (tos 0x0, ttl 108, id 61292, offset 0, flags [DF], proto TCP (6), length 52)
    20.189.173.2.443 > 192.168.1.194.41516: Flags [.], cksum 0x572f (correct), seq 473, ack 203277, win 16386, options [nop,nop,TS val 7310128 ecr 989476040], length 0
19:52:46.987145 IP (tos 0x0, ttl 108, id 61293, offset 0, flags [DF], proto TCP (6), length 87)
    20.189.173.2.443 > 192.168.1.194.41516: Flags [P.], cksum 0xe63c (correct), seq 473:508, ack 203277, win 16386, options [nop,nop,TS val 7310128 ecr 989476040], length 35
19:52:46.987207 IP (tos 0x0, ttl 64, id 9544, offset 0, flags [DF], proto TCP (6), length 52)
    192.168.1.194.41516 > 20.189.173.2.443: Flags [.], cksum 0x8450 (incorrect -> 0x9448), seq 203277, ack 508, win 450, options [nop,nop,TS val 989476300 ecr 7310128], length 0
19:52:46.998547 IP (tos 0x0, ttl 120, id 57349, offset 0, flags [DF], proto TCP (6), length 52)
    3.6.30.85.80 > 192.168.1.194.34916: Flags [.], cksum 0x4a8b (correct), seq 1, ack 1, win 442, options [nop,nop,TS val 1456755973 ecr 3269360652], length 0
19:52:47.005842 IP (tos 0x0, ttl 64, id 50414, offset 0, flags [DF], proto TCP (6), length 60)
    192.168.1.194.51786 > 140.82.113.21.443: Flags [S], cksum 0xc000 (incorrect -> 0x740a), seq 639213961, win 64240, options [mss 1460,sackOK,TS val 3968440576 ecr 0,nop,wscale 7], length 0
19:52:47.007616 IP (tos 0x0, ttl 51, id 59548, offset 0, flags [DF], proto TCP (6), length 52)
    20.207.73.85.443 > 192.168.1.194.55044: Flags [.], cksum 0xc988 (correct), seq 1, ack 2071, win 70, options [nop,nop,TS val 2773911932 ecr 3501989968], length 0
19:52:47.008074 IP (tos 0x0, ttl 51, id 59549, offset 0, flags [DF], proto TCP (6), length 1476)
    20.207.73.85.443 > 192.168.1.194.55044: Flags [.], cksum 0x5958 (correct), seq 1:1425, ack 2071, win 70, options [nop,nop,TS val 2773911933 ecr 3501989968], length 1424
19:52:47.008107 IP (tos 0x0, ttl 64, id 5424, offset 0, flags [DF], proto TCP (6), length 52)
    192.168.1.194.55044 > 20.207.73.85.443: Flags [.], cksum 0x20b5 (incorrect -> 0xc22a), seq 2071, ack 1425, win 491, options [nop,nop,TS val 3501990008 ecr 2773911933], length 0
19:52:47.008820 IP (tos 0x0, ttl 51, id 59550, offset 0, flags [DF], proto TCP (6), length 1476)
    20.207.73.85.443 > 192.168.1.194.55044: Flags [P.], cksum 0x18cc (correct), seq 1425:2849, ack 2071, win 70, options [nop,nop,TS val 2773911933 ecr 3501989968], length 1424
19:52:47.008820 IP (tos 0x0, ttl 51, id 59551, offset 0, flags [DF], proto TCP (6), length 693)
    20.207.73.85.443 > 192.168.1.194.55044: Flags [P.], cksum 0x3039 (correct), seq 2849:3490, ack 2071, win 70, options [nop,nop,TS val 2773911933 ecr 3501989968], length 641
19:52:47.008829 IP (tos 0x0, ttl 64, id 5425, offset 0, flags [DF], proto TCP (6), length 52)
    192.168.1.194.55044 > 20.207.73.85.443: Flags [.], cksum 0x20b5 (incorrect -> 0xbca4), seq 2071, ack 2849, win 480, options [nop,nop,TS val 3501990009 ecr 2773911933], length 0
19:52:47.008837 IP (tos 0x0, ttl 64, id 5426, offset 0, flags [DF], proto TCP (6), length 52)
    192.168.1.194.55044 > 20.207.73.85.443: Flags [.], cksum 0x20b5 (incorrect -> 0xba28), seq 2071, ack 3490, win 475, options [nop,nop,TS val 3501990009 ecr 2773911933], length 0
19:52:47.009448 IP (tos 0x0, ttl 64, id 5427, offset 0, flags [DF], proto TCP (6), length 116)
    192.168.1.194.55044 > 20.207.73.85.443: Flags [P.], cksum 0x20f5 (incorrect -> 0xc6ed), seq 2071:2135, ack 3490, win 475, options [nop,nop,TS val 3501990010 ecr 2773911933], length 64
19:52:47.009757 IP (tos 0x0, ttl 64, id 5428, offset 0, flags [DF], proto TCP (6), length 144)
    192.168.1.194.55044 > 20.207.73.85.443: Flags [P.], cksum 0x2111 (incorrect -> 0x68ec), seq 2135:2227, ack 3490, win 475, options [nop,nop,TS val 3501990010 ecr 2773911933], length 92
19:52:47.009799 IP (tos 0x0, ttl 64, id 5429, offset 0, flags [DF], proto TCP (6), length 4324)
    192.168.1.194.55044 > 20.207.73.85.443: Flags [P.], cksum 0x3165 (incorrect -> 0x2c11), seq 2227:6499, ack 3490, win 475, options [nop,nop,TS val 3501990010 ecr 2773911933], length 4272
19:52:47.009809 IP (tos 0x0, ttl 64, id 5432, offset 0, flags [DF], proto TCP (6), length 4324)
    192.168.1.194.55044 > 20.207.73.85.443: Flags [P.], cksum 0x3165 (incorrect -> 0xb9dc), seq 6499:10771, ack 3490, win 475, options [nop,nop,TS val 3501990010 ecr 2773911933], length 4272
19:52:47.011647 IP (tos 0x0, ttl 51, id 43653, offset 0, flags [DF], proto TCP (6), length 7172)
    20.207.73.82.443 > 192.168.1.194.42680: Flags [P.], cksum 0x3c82 (incorrect -> 0xf0e6), seq 47238:54358, ack 6939, win 96, options [nop,nop,TS val 4286649661 ecr 2445893090], length 7120
19:52:47.011648 IP (tos 0x0, ttl 51, id 43658, offset 0, flags [DF], proto TCP (6), length 2337)
    20.207.73.82.443 > 192.168.1.194.42680: Flags [P.], cksum 0x299f (incorrect -> 0xce32), seq 54358:56643, ack 6939, win 96, options [nop,nop,TS val 4286649662 ecr 2445893090], length 2285
19:52:47.011649 IP (tos 0x0, ttl 51, id 43660, offset 0, flags [DF], proto TCP (6), length 5249)
    20.207.73.82.443 > 192.168.1.194.42680: Flags [P.], cksum 0x34ff (incorrect -> 0x5e77), seq 56643:61840, ack 6939, win 96, options [nop,nop,TS val 4286649662 ecr 2445893090], length 5197
19:52:47.011660 IP (tos 0x0, ttl 64, id 35283, offset 0, flags [DF], proto TCP (6), length 52)
    192.168.1.194.42680 > 20.207.73.82.443: Flags [.], cksum 0x20b2 (incorrect -> 0x7895), seq 6939, ack 54358, win 717, options [nop,nop,TS val 2445893325 ecr 4286649661], length 0
19:52:47.011667 IP (tos 0x0, ttl 64, id 35284, offset 0, flags [DF], proto TCP (6), length 52)
    192.168.1.194.42680 > 20.207.73.82.443: Flags [.], cksum 0x20b2 (incorrect -> 0x6fb1), seq 6939, ack 56643, win 707, options [nop,nop,TS val 2445893325 ecr 4286649662], length 0
19:52:47.011670 IP (tos 0x0, ttl 64, id 35285, offset 0, flags [DF], proto TCP (6), length 52)
    192.168.1.194.42680 > 20.207.73.82.443: Flags [.], cksum 0x20b2 (incorrect -> 0x5b8b), seq 6939, ack 61840, win 668, options [nop,nop,TS val 2445893325 ecr 4286649662], length 0
19:52:47.012017 IP (tos 0x0, ttl 64, id 5435, offset 0, flags [DF], proto TCP (6), length 2900)
    192.168.1.194.55044 > 20.207.73.85.443: Flags [P.], cksum 0x2bd5 (incorrect -> 0x61c2), seq 10771:13619, ack 3490, win 475, options [nop,nop,TS val 3501990012 ecr 2773911933], length 2848
19:52:47.013277 IP (tos 0x0, ttl 51, id 43664, offset 0, flags [DF], proto TCP (6), length 5395)
    20.207.73.82.443 > 192.168.1.194.42680: Flags [P.], cksum 0x3591 (incorrect -> 0x7859), seq 61840:67183, ack 6939, win 96, options [nop,nop,TS val 4286649665 ecr 2445893090], length 5343
19:52:47.013285 IP (tos 0x0, ttl 64, id 35286, offset 0, flags [DF], proto TCP (6), length 52)
    192.168.1.194.42680 > 20.207.73.82.443: Flags [.], cksum 0x20b2 (incorrect -> 0x4623), seq 6939, ack 67183, win 800, options [nop,nop,TS val 2445893327 ecr 4286649665], length 0
19:52:47.014887 IP (tos 0x0, ttl 51, id 43668, offset 0, flags [DF], proto TCP (6), length 5253)
    20.207.73.82.443 > 192.168.1.194.42680: Flags [P.], cksum 0x3503 (incorrect -> 0xd4eb), seq 67183:72384, ack 6939, win 96, options [nop,nop,TS val 4286649665 ecr 2445893090], length 5201
19:52:47.014895 IP (tos 0x0, ttl 64, id 35287, offset 0, flags [DF], proto TCP (6), length 52)
    192.168.1.194.42680 > 20.207.73.82.443: Flags [.], cksum 0x20b2 (incorrect -> 0x317f), seq 6939, ack 72384, win 882, options [nop,nop,TS val 2445893328 ecr 4286649665], length 0
19:52:47.018835 IP (tos 0x20, ttl 46, id 0, offset 0, flags [DF], proto TCP (6), length 60)
    140.82.113.21.443 > 192.168.1.194.51782: Flags [S.], cksum 0x9d0a (correct), seq 4265101693, ack 1306630408, win 65535, options [mss 1436,sackOK,TS val 1564544693 ecr 3968440326,nop,wscale 10], length 0
19:52:47.018860 IP (tos 0x0, ttl 64, id 48264, offset 0, flags [DF], proto TCP (6), length 52)
    192.168.1.194.51782 > 140.82.113.21.443: Flags [.], cksum 0xbff8 (incorrect -> 0xc8c4), seq 1, ack 1, win 502, options [nop,nop,TS val 3968440589 ecr 1564544693], length 0
19:52:47.019361 IP (tos 0x0, ttl 64, id 48265, offset 0, flags [DF], proto TCP (6), length 2128)
    192.168.1.194.51782 > 140.82.113.21.443: Flags [P.], cksum 0xc814 (incorrect -> 0x0c75), seq 1:2077, ack 1, win 502, options [nop,nop,TS val 3968440590 ecr 1564544693], length 2076
19:52:47.031989 IP (tos 0x0, ttl 51, id 43672, offset 0, flags [DF], proto TCP (6), length 2900)
    20.207.73.82.443 > 192.168.1.194.42680: Flags [.], cksum 0x2bd2 (incorrect -> 0xd37f), seq 72384:75232, ack 6939, win 96, options [nop,nop,TS val 4286649684 ecr 2445893090], length 2848
19:52:47.032013 IP (tos 0x0, ttl 64, id 35288, offset 0, flags [DF], proto TCP (6), length 52)
    192.168.1.194.42680 > 20.207.73.82.443: Flags [.], cksum 0x20b2 (incorrect -> 0x260f), seq 6939, ack 75232, win 926, options [nop,nop,TS val 2445893345 ecr 4286649684], length 0
19:52:47.032706 IP (tos 0x0, ttl 51, id 43674, offset 0, flags [DF], proto TCP (6), length 2537)
    20.207.73.82.443 > 192.168.1.194.42680: Flags [P.], cksum 0x2a67 (incorrect -> 0xd965), seq 75232:77717, ack 6939, win 96, options [nop,nop,TS val 4286649684 ecr 2445893090], length 2485
19:52:47.032714 IP (tos 0x0, ttl 64, id 35289, offset 0, flags [DF], proto TCP (6), length 52)
    192.168.1.194.42680 > 20.207.73.82.443: Flags [.], cksum 0x20b2 (incorrect -> 0x1c32), seq 6939, ack 77717, win 965, options [nop,nop,TS val 2445893346 ecr 4286649684], length 0
19:52:47.041845 IP (tos 0x0, ttl 51, id 43676, offset 0, flags [DF], proto TCP (6), length 5297)
    20.207.73.82.443 > 192.168.1.194.42680: Flags [P.], cksum 0x352f (incorrect -> 0x0640), seq 77717:82962, ack 6939, win 96, options [nop,nop,TS val 4286649694 ecr 2445893090], length 5245
19:52:47.041864 IP (tos 0x0, ttl 64, id 35290, offset 0, flags [DF], proto TCP (6), length 52)
    192.168.1.194.42680 > 20.207.73.82.443: Flags [.], cksum 0x20b2 (incorrect -> 0x0750), seq 6939, ack 82962, win 1047, options [nop,nop,TS val 2445893355 ecr 4286649694], length 0
19:52:47.049607 IP (tos 0x0, ttl 51, id 59552, offset 0, flags [DF], proto TCP (6), length 131)
    20.207.73.85.443 > 192.168.1.194.55044: Flags [P.], cksum 0x2897 (correct), seq 3490:3569, ack 2135, win 70, options [nop,nop,TS val 2773911974 ecr 3501990010], length 79
19:52:47.049629 IP (tos 0x0, ttl 64, id 5437, offset 0, flags [DF], proto TCP (6), length 2900)
    192.168.1.194.55044 > 20.207.73.85.443: Flags [P.], cksum 0x2bd5 (incorrect -> 0x312c), seq 13619:16467, ack 3569, win 475, options [nop,nop,TS val 3501990050 ecr 2773911974], length 2848
19:52:47.051079 IP (tos 0x0, ttl 51, id 59553, offset 0, flags [DF], proto TCP (6), length 131)
    20.207.73.85.443 > 192.168.1.194.55044: Flags [P.], cksum 0xabae (correct), seq 3569:3648, ack 2135, win 70, options [nop,nop,TS val 2773911974 ecr 3501990010], length 79
19:52:47.051125 IP (tos 0x0, ttl 51, id 43680, offset 0, flags [DF], proto TCP (6), length 5359)
    20.207.73.82.443 > 192.168.1.194.42680: Flags [P.], cksum 0x356d (incorrect -> 0xa031), seq 82962:88269, ack 6939, win 96, options [nop,nop,TS val 4286649702 ecr 2445893090], length 5307
19:52:47.051134 IP (tos 0x0, ttl 64, id 35291, offset 0, flags [DF], proto TCP (6), length 52)
    192.168.1.194.42680 > 20.207.73.82.443: Flags [.], cksum 0x20b2 (incorrect -> 0xf230), seq 6939, ack 88269, win 1130, options [nop,nop,TS val 2445893364 ecr 4286649702], length 0
19:52:47.051979 IP (tos 0x0, ttl 51, id 59555, offset 0, flags [DF], proto TCP (6), length 52)
    20.207.73.85.443 > 192.168.1.194.55044: Flags [.], cksum 0xaef1 (correct), seq 3712, ack 5075, win 76, options [nop,nop,TS val 2773911976 ecr 3501990010], length 0
19:52:47.051988 IP (tos 0x0, ttl 64, id 5439, offset 0, flags [DF], proto TCP (6), length 7172)
    192.168.1.194.55044 > 20.207.73.85.443: Flags [P.], cksum 0x3c85 (incorrect -> 0x62fd), seq 16467:23587, ack 3648, win 475, options [nop,nop,TS val 3501990052 ecr 2773911974], length 7120
19:52:47.053061 IP (tos 0x0, ttl 51, id 59554, offset 0, flags [DF], proto TCP (6), length 116)
    20.207.73.85.443 > 192.168.1.194.55044: Flags [P.], cksum 0x2864 (correct), seq 3648:3712, ack 2227, win 70, options [nop,nop,TS val 2773911976 ecr 3501990010], length 64
19:52:47.053061 IP (tos 0x0, ttl 51, id 59556, offset 0, flags [DF], proto TCP (6), length 52)
    20.207.73.85.443 > 192.168.1.194.55044: Flags [.], cksum 0xa95e (correct), seq 3712, ack 6499, win 78, options [nop,nop,TS val 2773911977 ecr 3501990010], length 0
19:52:47.053061 IP (tos 0x0, ttl 51, id 59557, offset 0, flags [DF], proto TCP (6), length 52)
    20.207.73.85.443 > 192.168.1.194.55044: Flags [.], cksum 0xa3cb (correct), seq 3712, ack 7923, win 81, options [nop,nop,TS val 2773911977 ecr 3501990010], length 0
19:52:47.053078 IP (tos 0x0, ttl 64, id 5444, offset 0, flags [DF], proto TCP (6), length 7172)
    192.168.1.194.55044 > 20.207.73.85.443: Flags [P.], cksum 0x3c85 (incorrect -> 0xf74a), seq 23587:30707, ack 3712, win 475, options [nop,nop,TS val 3501990053 ecr 2773911974], length 7120
19:52:47.055410 IP (tos 0x0, ttl 51, id 59558, offset 0, flags [DF], proto TCP (6), length 52)
    20.207.73.85.443 > 192.168.1.194.55044: Flags [.], cksum 0x9e37 (correct), seq 3712, ack 9347, win 84, options [nop,nop,TS val 2773911978 ecr 3501990010], length 0
19:52:47.055410 IP (tos 0x0, ttl 51, id 59559, offset 0, flags [DF], proto TCP (6), length 52)
    20.207.73.85.443 > 192.168.1.194.55044: Flags [.], cksum 0x98a4 (correct), seq 3712, ack 10771, win 87, options [nop,nop,TS val 2773911978 ecr 3501990010], length 0
19:52:47.055410 IP (tos 0x0, ttl 51, id 59560, offset 0, flags [DF], proto TCP (6), length 52)
    20.207.73.85.443 > 192.168.1.194.55044: Flags [.], cksum 0x930f (correct), seq 3712, ack 12195, win 90, options [nop,nop,TS val 2773911978 ecr 3501990012], length 0
19:52:47.055410 IP (tos 0x0, ttl 51, id 59561, offset 0, flags [DF], proto TCP (6), length 52)
    20.207.73.85.443 > 192.168.1.194.55044: Flags [.], cksum 0x8d7d (correct), seq 3712, ack 13619, win 92, options [nop,nop,TS val 2773911978 ecr 3501990012], length 0
19:52:47.055419 IP (tos 0x0, ttl 64, id 5449, offset 0, flags [DF], proto TCP (6), length 2900)
    192.168.1.194.55044 > 20.207.73.85.443: Flags [P.], cksum 0x2bd5 (incorrect -> 0x05ba), seq 30707:33555, ack 3712, win 475, options [nop,nop,TS val 3501990056 ecr 2773911978], length 2848
19:52:47.055431 IP (tos 0x0, ttl 64, id 5451, offset 0, flags [DF], proto TCP (6), length 8596)
    192.168.1.194.55044 > 20.207.73.85.443: Flags [P.], cksum 0x4215 (incorrect -> 0x756e), seq 33555:42099, ack 3712, win 475, options [nop,nop,TS val 3501990056 ecr 2773911978], length 8544
19:52:47.089556 IP (tos 0x0, ttl 51, id 59562, offset 0, flags [DF], proto TCP (6), length 52)
    20.207.73.85.443 > 192.168.1.194.55044: Flags [.], cksum 0x87a0 (correct), seq 3712, ack 15043, win 95, options [nop,nop,TS val 2773912014 ecr 3501990050], length 0
19:52:47.089558 IP (tos 0x0, ttl 51, id 59563, offset 0, flags [DF], proto TCP (6), length 52)
    20.207.73.85.443 > 192.168.1.194.55044: Flags [.], cksum 0x820d (correct), seq 3712, ack 16467, win 98, options [nop,nop,TS val 2773912014 ecr 3501990050], length 0
19:52:47.089623 IP (tos 0x0, ttl 64, id 5457, offset 0, flags [DF], proto TCP (6), length 2900)
    192.168.1.194.55044 > 20.207.73.85.443: Flags [P.], cksum 0x2bd5 (incorrect -> 0xdd18), seq 42099:44947, ack 3712, win 475, options [nop,nop,TS val 3501990090 ecr 2773912014], length 2848
19:52:47.093019 IP (tos 0x0, ttl 51, id 59564, offset 0, flags [DF], proto TCP (6), length 52)
    20.207.73.85.443 > 192.168.1.194.55044: Flags [.], cksum 0x7c74 (correct), seq 3712, ack 17891, win 101, options [nop,nop,TS val 2773912018 ecr 3501990052], length 0
19:52:47.093020 IP (tos 0x0, ttl 51, id 59565, offset 0, flags [DF], proto TCP (6), length 52)
    20.207.73.85.443 > 192.168.1.194.55044: Flags [.], cksum 0x76e2 (correct), seq 3712, ack 19315, win 103, options [nop,nop,TS val 2773912018 ecr 3501990052], length 0
19:52:47.093021 IP (tos 0x0, ttl 51, id 59566, offset 0, flags [DF], proto TCP (6), length 100)
    20.207.73.85.443 > 192.168.1.194.55044: Flags [P.], cksum 0x1408 (correct), seq 3712:3760, ack 19315, win 103, options [nop,nop,TS val 2773912018 ecr 3501990052], length 48
19:52:47.093058 IP (tos 0x0, ttl 64, id 5459, offset 0, flags [DF], proto TCP (6), length 2651)
    192.168.1.194.55044 > 20.207.73.85.443: Flags [P.], cksum 0x2adc (incorrect -> 0x090c), seq 44947:47546, ack 3712, win 475, options [nop,nop,TS val 3501990093 ecr 2773912018], length 2599
19:52:47.094084 IP (tos 0x0, ttl 51, id 59567, offset 0, flags [DF], proto TCP (6), length 52)
    20.207.73.85.443 > 192.168.1.194.55044: Flags [.], cksum 0x6b8b (correct), seq 3760, ack 22163, win 109, options [nop,nop,TS val 2773912019 ecr 3501990052], length 0
19:52:47.095257 IP (tos 0x0, ttl 51, id 59568, offset 0, flags [DF], proto TCP (6), length 52)
    20.207.73.85.443 > 192.168.1.194.55044: Flags [.], cksum 0x6064 (correct), seq 3760, ack 25011, win 115, options [nop,nop,TS val 2773912020 ecr 3501990052], length 0
19:52:47.095478 IP (tos 0x0, ttl 51, id 59569, offset 0, flags [DF], proto TCP (6), length 52)
    20.207.73.85.443 > 192.168.1.194.55044: Flags [.], cksum 0x553e (correct), seq 3760, ack 27859, win 120, options [nop,nop,TS val 2773912020 ecr 3501990053], length 0
19:52:47.095868 IP (tos 0x0, ttl 51, id 59570, offset 0, flags [DF], proto TCP (6), length 52)
    20.207.73.85.443 > 192.168.1.194.55044: Flags [.], cksum 0x4a18 (correct), seq 3760, ack 30707, win 126, options [nop,nop,TS val 2773912020 ecr 3501990053], length 0
19:52:47.096337 IP (tos 0x0, ttl 51, id 59571, offset 0, flags [DF], proto TCP (6), length 52)
    20.207.73.85.443 > 192.168.1.194.55044: Flags [.], cksum 0x3eef (correct), seq 3760, ack 33555, win 131, options [nop,nop,TS val 2773912021 ecr 3501990056], length 0
19:52:47.096339 IP (tos 0x0, ttl 51, id 59572, offset 0, flags [DF], proto TCP (6), length 52)
    20.207.73.85.443 > 192.168.1.194.55044: Flags [.], cksum 0x28a4 (correct), seq 3760, ack 39251, win 142, options [nop,nop,TS val 2773912021 ecr 3501990056], length 0
19:52:47.096339 IP (tos 0x0, ttl 51, id 59573, offset 0, flags [DF], proto TCP (6), length 52)
    20.207.73.85.443 > 192.168.1.194.55044: Flags [.], cksum 0x1d7e (correct), seq 3760, ack 42099, win 148, options [nop,nop,TS val 2773912021 ecr 3501990056], length 0
19:52:47.096340 IP (tos 0x0, ttl 51, id 59574, offset 0, flags [DF], proto TCP (6), length 100)
    20.207.73.85.443 > 192.168.1.194.55044: Flags [P.], cksum 0x7876 (correct), seq 3760:3808, ack 42099, win 148, options [nop,nop,TS val 2773912021 ecr 3501990056], length 48
19:52:47.096531 IP (tos 0x0, ttl 64, id 5461, offset 0, flags [DF], proto TCP (6), length 52)
    192.168.1.194.55044 > 20.207.73.85.443: Flags [.], cksum 0x20b5 (incorrect -> 0x069a), seq 47546, ack 3808, win 475, options [nop,nop,TS val 3501990097 ecr 2773912018], length 0
19:52:47.102298 IP (tos 0x0, ttl 51, id 43684, offset 0, flags [DF], proto TCP (6), length 5381)
    20.207.73.82.443 > 192.168.1.194.42680: Flags [P.], cksum 0x3583 (incorrect -> 0x360e), seq 88269:93598, ack 6939, win 96, options [nop,nop,TS val 4286649754 ecr 2445893364], length 5329
19:52:47.102343 IP (tos 0x0, ttl 64, id 35292, offset 0, flags [DF], proto TCP (6), length 52)
    192.168.1.194.42680 > 20.207.73.82.443: Flags [.], cksum 0x20b2 (incorrect -> 0xdcc3), seq 6939, ack 93598, win 1182, options [nop,nop,TS val 2445893416 ecr 4286649754], length 0
19:52:47.128218 IP (tos 0x0, ttl 64, id 43347, offset 0, flags [DF], proto TCP (6), length 52)
    192.168.1.194.57250 > 3.6.115.182.80: Flags [.], cksum 0x394d (incorrect -> 0x5c2a), seq 0, ack 1, win 501, options [nop,nop,TS val 4240583192 ecr 36388133], length 0
19:52:47.128922 IP (tos 0x0, ttl 51, id 59575, offset 0, flags [DF], proto TCP (6), length 52)
    20.207.73.85.443 > 192.168.1.194.55044: Flags [.], cksum 0x11e7 (correct), seq 3808, ack 44947, win 153, options [nop,nop,TS val 2773912053 ecr 3501990090], length 0
19:52:47.132101 IP (tos 0x0, ttl 51, id 59576, offset 0, flags [DF], proto TCP (6), length 52)
    20.207.73.85.443 > 192.168.1.194.55044: Flags [.], cksum 0x07b3 (correct), seq 3808, ack 47546, win 159, options [nop,nop,TS val 2773912057 ecr 3501990093], length 0
19:52:47.132102 IP (tos 0x0, ttl 51, id 59577, offset 0, flags [DF], proto TCP (6), length 100)
    20.207.73.85.443 > 192.168.1.194.55044: Flags [P.], cksum 0x83ed (correct), seq 3808:3856, ack 47546, win 159, options [nop,nop,TS val 2773912057 ecr 3501990093], length 48
19:52:47.137272 IP (tos 0x0, ttl 64, id 42245, offset 0, flags [DF], proto TCP (6), length 52)
    192.168.1.194.53220 > 3.6.115.182.80: Flags [.], cksum 0x394d (incorrect -> 0xbe8a), seq 0, ack 1, win 501, options [nop,nop,TS val 4240583201 ecr 36388143], length 0
19:52:47.161283 IP (tos 0x0, ttl 120, id 8874, offset 0, flags [DF], proto TCP (6), length 52)
    3.6.115.182.80 > 192.168.1.194.57250: Flags [.], cksum 0x818c (correct), seq 1, ack 1, win 3646, options [nop,nop,TS val 36389168 ecr 4240569441], length 0
19:52:47.171879 IP (tos 0x0, ttl 120, id 52629, offset 0, flags [DF], proto TCP (6), length 52)
    3.6.115.182.80 > 192.168.1.194.53220: Flags [.], cksum 0xd321 (correct), seq 1, ack 1, win 2239, options [nop,nop,TS val 36389179 ecr 4240575155], length 0
19:52:47.174198 IP (tos 0x0, ttl 64, id 5462, offset 0, flags [DF], proto TCP (6), length 52)
    192.168.1.194.55044 > 20.207.73.85.443: Flags [.], cksum 0x20b5 (incorrect -> 0x05f5), seq 47546, ack 3856, win 475, options [nop,nop,TS val 3501990175 ecr 2773912057], length 0
19:52:47.207943 IP (tos 0x0, ttl 51, id 43688, offset 0, flags [DF], proto TCP (6), length 6326)
    20.207.73.82.443 > 192.168.1.194.42680: Flags [P.], cksum 0x3934 (incorrect -> 0xf91c), seq 93598:99872, ack 6939, win 96, options [nop,nop,TS val 4286649857 ecr 2445893416], length 6274
19:52:47.207946 IP (tos 0x0, ttl 51, id 43693, offset 0, flags [DF], proto TCP (6), length 2900)
    20.207.73.82.443 > 192.168.1.194.42680: Flags [.], cksum 0x2bd2 (incorrect -> 0xb0eb), seq 99872:102720, ack 6939, win 96, options [nop,nop,TS val 4286649857 ecr 2445893416], length 2848
19:52:47.207949 IP (tos 0x0, ttl 51, id 43695, offset 0, flags [DF], proto TCP (6), length 6979)
    20.207.73.82.443 > 192.168.1.194.42680: Flags [P.], cksum 0x3bc1 (incorrect -> 0x75b2), seq 102720:109647, ack 6939, win 96, options [nop,nop,TS val 4286649858 ecr 2445893416], length 6927
19:52:47.208004 IP (tos 0x0, ttl 64, id 35293, offset 0, flags [DF], proto TCP (6), length 52)
    192.168.1.194.42680 > 20.207.73.82.443: Flags [.], cksum 0x20b2 (incorrect -> 0xc30f), seq 6939, ack 99872, win 1280, options [nop,nop,TS val 2445893521 ecr 4286649857], length 0
19:52:47.208031 IP (tos 0x0, ttl 64, id 35294, offset 0, flags [DF], proto TCP (6), length 52)
    192.168.1.194.42680 > 20.207.73.82.443: Flags [.], cksum 0x20b2 (incorrect -> 0xb7c3), seq 6939, ack 102720, win 1324, options [nop,nop,TS val 2445893521 ecr 4286649857], length 0
19:52:47.208036 IP (tos 0x0, ttl 64, id 35295, offset 0, flags [DF], proto TCP (6), length 52)
    192.168.1.194.42680 > 20.207.73.82.443: Flags [.], cksum 0x20b2 (incorrect -> 0x9c46), seq 6939, ack 109647, win 1433, options [nop,nop,TS val 2445893521 ecr 4286649858], length 0
19:52:47.239484 IP (tos 0x0, ttl 64, id 35296, offset 0, flags [DF], proto TCP (6), length 1672)
    192.168.1.194.42680 > 20.207.73.82.443: Flags [P.], cksum 0x2706 (incorrect -> 0x1f8a), seq 6939:8559, ack 109647, win 1433, options [nop,nop,TS val 2445893553 ecr 4286649858], length 1620
19:52:47.242290 IP (tos 0x0, ttl 108, id 61294, offset 0, flags [DF], proto TCP (6), length 151)
    20.189.173.2.443 > 192.168.1.194.41516: Flags [P.], cksum 0x1eb2 (correct), seq 508:607, ack 203277, win 16386, options [nop,nop,TS val 7310385 ecr 989476300], length 99
19:52:47.242447 IP (tos 0x0, ttl 64, id 9545, offset 0, flags [DF], proto TCP (6), length 52)
    192.168.1.194.41516 > 20.189.173.2.443: Flags [.], cksum 0x8450 (incorrect -> 0x91e5), seq 203277, ack 607, win 450, options [nop,nop,TS val 989476555 ecr 7310385], length 0
19:52:47.247540 IP (tos 0x0, ttl 64, id 9546, offset 0, flags [DF], proto TCP (6), length 87)
    192.168.1.194.41516 > 20.189.173.2.443: Flags [P.], cksum 0x8473 (incorrect -> 0xd6cd), seq 203277:203312, ack 607, win 450, options [nop,nop,TS val 989476560 ecr 7310385], length 35
19:52:47.276952 IP (tos 0x0, ttl 51, id 43700, offset 0, flags [DF], proto TCP (6), length 52)
    20.207.73.82.443 > 192.168.1.194.42680: Flags [.], cksum 0x9ac1 (correct), seq 109647, ack 8559, win 99, options [nop,nop,TS val 4286649929 ecr 2445893553], length 0
19:52:47.280293 IP (tos 0x20, ttl 46, id 48158, offset 0, flags [DF], proto TCP (6), length 52)
    140.82.113.21.443 > 192.168.1.194.51782: Flags [.], cksum 0xc14f (correct), seq 1, ack 2077, win 70, options [nop,nop,TS val 1564544957 ecr 3968440590], length 0
19:52:47.281453 IP (tos 0x20, ttl 46, id 48159, offset 0, flags [DF], proto TCP (6), length 1476)
    140.82.113.21.443 > 192.168.1.194.51782: Flags [.], cksum 0xc495 (correct), seq 1:1425, ack 2077, win 70, options [nop,nop,TS val 1564544957 ecr 3968440590], length 1424
19:52:47.281583 IP (tos 0x0, ttl 64, id 48267, offset 0, flags [DF], proto TCP (6), length 52)
    192.168.1.194.51782 > 140.82.113.21.443: Flags [.], cksum 0xbff8 (incorrect -> 0xb914), seq 2077, ack 1425, win 491, options [nop,nop,TS val 3968440852 ecr 1564544957], length 0
19:52:47.283306 IP (tos 0x20, ttl 46, id 48160, offset 0, flags [DF], proto TCP (6), length 1476)
    140.82.113.21.443 > 192.168.1.194.51782: Flags [P.], cksum 0x4a3a (correct), seq 1425:2849, ack 2077, win 70, options [nop,nop,TS val 1564544957 ecr 3968440590], length 1424
19:52:47.283309 IP (tos 0x20, ttl 46, id 48161, offset 0, flags [DF], proto TCP (6), length 1300)
    140.82.113.21.443 > 192.168.1.194.51782: Flags [P.], cksum 0x73ce (correct), seq 2849:4097, ack 2077, win 70, options [nop,nop,TS val 1564544957 ecr 3968440590], length 1248
19:52:47.283314 IP (tos 0x20, ttl 45, id 0, offset 0, flags [DF], proto TCP (6), length 60)
    140.82.113.21.443 > 192.168.1.194.51786: Flags [S.], cksum 0x6c56 (correct), seq 1981808731, ack 639213962, win 65535, options [mss 1436,sackOK,TS val 4084177085 ecr 3968440576,nop,wscale 10], length 0
19:52:47.283326 IP (tos 0x0, ttl 64, id 48268, offset 0, flags [DF], proto TCP (6), length 52)
    192.168.1.194.51782 > 140.82.113.21.443: Flags [.], cksum 0xbff8 (incorrect -> 0xb38d), seq 2077, ack 2849, win 480, options [nop,nop,TS val 3968440854 ecr 1564544957], length 0
19:52:47.283341 IP (tos 0x0, ttl 64, id 48269, offset 0, flags [DF], proto TCP (6), length 52)
    192.168.1.194.51782 > 140.82.113.21.443: Flags [.], cksum 0xbff8 (incorrect -> 0xaeb6), seq 2077, ack 4097, win 471, options [nop,nop,TS val 3968440854 ecr 1564544957], length 0
19:52:47.283356 IP (tos 0x0, ttl 64, id 50415, offset 0, flags [DF], proto TCP (6), length 52)
    192.168.1.194.51786 > 140.82.113.21.443: Flags [.], cksum 0xbff8 (incorrect -> 0x9801), seq 1, ack 1, win 502, options [nop,nop,TS val 3968440854 ecr 4084177085], length 0
19:52:47.284462 IP (tos 0x0, ttl 64, id 50416, offset 0, flags [DF], proto TCP (6), length 2128)
    192.168.1.194.51786 > 140.82.113.21.443: Flags [P.], cksum 0xc814 (incorrect -> 0xa358), seq 1:2077, ack 1, win 502, options [nop,nop,TS val 3968440855 ecr 4084177085], length 2076
19:52:47.286541 IP (tos 0x20, ttl 46, id 48162, offset 0, flags [DF], proto TCP (6), length 1476)
    140.82.113.21.443 > 192.168.1.194.51782: Flags [.], cksum 0x0eb0 (correct), seq 4097:5521, ack 2077, win 70, options [nop,nop,TS val 1564544962 ecr 3968440590], length 1424
19:52:47.286585 IP (tos 0x0, ttl 64, id 48270, offset 0, flags [DF], proto TCP (6), length 52)
    192.168.1.194.51782 > 140.82.113.21.443: Flags [.], cksum 0xbff8 (incorrect -> 0xa929), seq 2077, ack 5521, win 460, options [nop,nop,TS val 3968440857 ecr 1564544962], length 0
19:52:47.288157 IP (tos 0x20, ttl 46, id 48163, offset 0, flags [DF], proto TCP (6), length 167)
    140.82.113.21.443 > 192.168.1.194.51782: Flags [P.], cksum 0xf2d6 (correct), seq 5521:5636, ack 2077, win 70, options [nop,nop,TS val 1564544962 ecr 3968440590], length 115
19:52:47.288206 IP (tos 0x0, ttl 64, id 48271, offset 0, flags [DF], proto TCP (6), length 52)
    192.168.1.194.51782 > 140.82.113.21.443: Flags [.], cksum 0xbff8 (incorrect -> 0xa8b4), seq 2077, ack 5636, win 460, options [nop,nop,TS val 3968440859 ecr 1564544962], length 0
19:52:47.289396 IP (tos 0x0, ttl 64, id 48272, offset 0, flags [DF], proto TCP (6), length 116)
    192.168.1.194.51782 > 140.82.113.21.443: Flags [P.], cksum 0xc038 (incorrect -> 0xec40), seq 2077:2141, ack 5636, win 460, options [nop,nop,TS val 3968440860 ecr 1564544962], length 64
19:52:47.290434 IP (tos 0x0, ttl 64, id 48273, offset 0, flags [DF], proto TCP (6), length 144)
    192.168.1.194.51782 > 140.82.113.21.443: Flags [P.], cksum 0xc054 (incorrect -> 0xe1c3), seq 2141:2233, ack 5636, win 460, options [nop,nop,TS val 3968440861 ecr 1564544962], length 92
19:52:47.290472 IP (tos 0x0, ttl 64, id 48274, offset 0, flags [DF], proto TCP (6), length 639)
    192.168.1.194.51782 > 140.82.113.21.443: Flags [P.], cksum 0xc243 (incorrect -> 0xe34d), seq 2233:2820, ack 5636, win 460, options [nop,nop,TS val 3968440861 ecr 1564544962], length 587
19:52:47.290499 IP (tos 0x0, ttl 64, id 48275, offset 0, flags [DF], proto TCP (6), length 2900)
    192.168.1.194.51782 > 140.82.113.21.443: Flags [P.], cksum 0xcb18 (incorrect -> 0x5a57), seq 2820:5668, ack 5636, win 460, options [nop,nop,TS val 3968440861 ecr 1564544962], length 2848
19:52:47.292155 IP (tos 0x0, ttl 64, id 48277, offset 0, flags [DF], proto TCP (6), length 1619)
    192.168.1.194.51782 > 140.82.113.21.443: Flags [P.], cksum 0xc617 (incorrect -> 0xf2cb), seq 5668:7235, ack 5636, win 460, options [nop,nop,TS val 3968440862 ecr 1564544962], length 1567
19:52:47.314311 IP (tos 0x0, ttl 64, id 6769, offset 0, flags [DF], proto TCP (6), length 52)
    192.168.1.194.60774 > 3.6.30.85.80: Flags [.], cksum 0xe3eb (incorrect -> 0x323a), seq 0, ack 1, win 501, options [nop,nop,TS val 3269361693 ecr 1456755288], length 0
19:52:47.346951 IP (tos 0x0, ttl 120, id 59740, offset 0, flags [DF], proto TCP (6), length 52)
    3.6.30.85.80 > 192.168.1.194.60774: Flags [.], cksum 0x6034 (correct), seq 1, ack 1, win 2168, options [nop,nop,TS val 1456756321 ecr 3269347222], length 0
19:52:47.354910 IP (tos 0x0, ttl 51, id 59578, offset 0, flags [DF], proto TCP (6), length 1022)
    20.207.73.85.443 > 192.168.1.194.55044: Flags [P.], cksum 0x8d30 (correct), seq 3856:4826, ack 47546, win 159, options [nop,nop,TS val 2773912278 ecr 3501990175], length 970
19:52:47.355032 IP (tos 0x0, ttl 64, id 5463, offset 0, flags [DF], proto TCP (6), length 52)
    192.168.1.194.55044 > 20.207.73.85.443: Flags [.], cksum 0x20b5 (incorrect -> 0x00a1), seq 47546, ack 4826, win 468, options [nop,nop,TS val 3501990355 ecr 2773912278], length 0
19:52:47.370263 IP (tos 0x0, ttl 64, id 8095, offset 0, flags [DF], proto TCP (6), length 52)
    192.168.1.194.49294 > 3.6.115.64.80: Flags [.], cksum 0x38d7 (incorrect -> 0x52e9), seq 0, ack 1, win 501, options [nop,nop,TS val 3328451597 ecr 2971015819], length 0
19:52:47.388747 IP (tos 0x0, ttl 51, id 43701, offset 0, flags [DF], proto TCP (6), length 339)
    20.207.73.82.443 > 192.168.1.194.42680: Flags [P.], cksum 0x762c (correct), seq 109647:109934, ack 8559, win 99, options [nop,nop,TS val 4286650041 ecr 2445893553], length 287
19:52:47.388747 IP (tos 0x0, ttl 51, id 43702, offset 0, flags [DF], proto TCP (6), length 83)
    20.207.73.82.443 > 192.168.1.194.42680: Flags [P.], cksum 0xe2f7 (correct), seq 109934:109965, ack 8559, win 99, options [nop,nop,TS val 4286650041 ecr 2445893553], length 31
19:52:47.388866 IP (tos 0x0, ttl 64, id 35298, offset 0, flags [DF], proto TCP (6), length 52)
    192.168.1.194.42680 > 20.207.73.82.443: Flags [.], cksum 0x20b2 (incorrect -> 0x9332), seq 8559, ack 109965, win 1455, options [nop,nop,TS val 2445893702 ecr 4286650041], length 0
19:52:47.400999 IP (tos 0x0, ttl 64, id 48599, offset 0, flags [DF], proto TCP (6), length 131)
    192.168.1.194.50660 > 185.199.111.133.443: Flags [P.], cksum 0xec2c (incorrect -> 0xffdc), seq 2913:2992, ack 1607, win 490, options [nop,nop,TS val 1749477294 ecr 2985273348], length 79
19:52:47.401195 IP (tos 0x0, ttl 64, id 48600, offset 0, flags [DF], proto TCP (6), length 167)
    192.168.1.194.50660 > 185.199.111.133.443: Flags [P.], cksum 0xec50 (incorrect -> 0x1909), seq 2992:3107, ack 1607, win 490, options [nop,nop,TS val 1749477295 ecr 2985273348], length 115
19:52:47.401340 IP (tos 0x0, ttl 64, id 48601, offset 0, flags [DF], proto TCP (6), length 87)
    192.168.1.194.50660 > 185.199.111.133.443: Flags [P.], cksum 0xec00 (incorrect -> 0xf724), seq 3107:3142, ack 1607, win 490, options [nop,nop,TS val 1749477295 ecr 2985273348], length 35
19:52:47.403681 IP (tos 0x20, ttl 58, id 43097, offset 0, flags [DF], proto TCP (6), length 52)
    185.199.111.133.443 > 192.168.1.194.50660: Flags [.], cksum 0xac59 (correct), seq 1607, ack 2992, win 298, options [nop,nop,TS val 2985274249 ecr 1749477294], length 0
19:52:47.403681 IP (tos 0x20, ttl 58, id 43098, offset 0, flags [DF], proto TCP (6), length 52)
    185.199.111.133.443 > 192.168.1.194.50660: Flags [.], cksum 0xabe5 (correct), seq 1607, ack 3107, win 298, options [nop,nop,TS val 2985274249 ecr 1749477295], length 0
19:52:47.403681 IP (tos 0x20, ttl 58, id 43099, offset 0, flags [DF], proto TCP (6), length 52)
    185.199.111.133.443 > 192.168.1.194.50660: Flags [.], cksum 0xabc2 (correct), seq 1607, ack 3142, win 298, options [nop,nop,TS val 2985274249 ecr 1749477295], length 0
19:52:47.404876 IP (tos 0x0, ttl 117, id 41667, offset 0, flags [DF], proto TCP (6), length 52)
    3.6.115.64.80 > 192.168.1.194.49294: Flags [.], cksum 0x5e21 (correct), seq 1, ack 1, win 442, options [nop,nop,TS val 2971016880 ecr 3328447722], length 0
19:52:47.525184 IP (tos 0x0, ttl 64, id 19654, offset 0, flags [DF], proto TCP (6), length 52)
    192.168.1.194.53798 > 3.6.115.64.80: Flags [.], cksum 0x38d7 (incorrect -> 0xa578), seq 0, ack 1, win 501, options [nop,nop,TS val 3328451752 ecr 2971015999], length 0
19:52:47.526177 IP (tos 0x0, ttl 64, id 52058, offset 0, flags [DF], proto TCP (6), length 52)
    192.168.1.194.54482 > 3.6.115.182.80: Flags [.], cksum 0x394d (incorrect -> 0x70e0), seq 0, ack 1, win 501, options [nop,nop,TS val 4240583590 ecr 36388532], length 0
19:52:47.546608 IP (tos 0x0, ttl 108, id 61295, offset 0, flags [DF], proto TCP (6), length 52)
    20.189.173.2.443 > 192.168.1.194.41516: Flags [.], cksum 0x524c (correct), seq 607, ack 203312, win 16386, options [nop,nop,TS val 7310690 ecr 989476560], length 0
19:52:47.549802 IP (tos 0x20, ttl 46, id 48164, offset 0, flags [DF], proto TCP (6), length 131)
    140.82.113.21.443 > 192.168.1.194.51782: Flags [P.], cksum 0x6dee (correct), seq 5636:5715, ack 2141, win 70, options [nop,nop,TS val 1564545227 ecr 3968440860], length 79
19:52:47.550902 IP (tos 0x20, ttl 46, id 48165, offset 0, flags [DF], proto TCP (6), length 131)
    140.82.113.21.443 > 192.168.1.194.51782: Flags [P.], cksum 0x5114 (correct), seq 5715:5794, ack 2141, win 70, options [nop,nop,TS val 1564545227 ecr 3968440860], length 79
19:52:47.550958 IP (tos 0x0, ttl 64, id 48279, offset 0, flags [DF], proto TCP (6), length 52)
    192.168.1.194.51782 > 140.82.113.21.443: Flags [.], cksum 0xbff8 (incorrect -> 0x91e2), seq 7235, ack 5794, win 459, options [nop,nop,TS val 3968441121 ecr 1564545227], length 0
19:52:47.552091 IP (tos 0x20, ttl 46, id 48166, offset 0, flags [DF], proto TCP (6), length 116)
    140.82.113.21.443 > 192.168.1.194.51782: Flags [P.], cksum 0xc930 (correct), seq 5794:5858, ack 2233, win 70, options [nop,nop,TS val 1564545227 ecr 3968440861], length 64
19:52:47.552183 IP (tos 0x0, ttl 64, id 48280, offset 0, flags [DF], proto TCP (6), length 83)
    192.168.1.194.51782 > 140.82.113.21.443: Flags [P.], cksum 0xc017 (incorrect -> 0x5a1f), seq 7235:7266, ack 5858, win 459, options [nop,nop,TS val 3968441123 ecr 1564545227], length 31
19:52:47.553106 IP (tos 0x20, ttl 46, id 48167, offset 0, flags [DF], proto TCP (6), length 52)
    140.82.113.21.443 > 192.168.1.194.51782: Flags [.], cksum 0x9a41 (correct), seq 5858, ack 5668, win 78, options [nop,nop,TS val 1564545228 ecr 3968440861], length 0
19:52:47.553625 IP (tos 0x20, ttl 46, id 48168, offset 0, flags [DF], proto TCP (6), length 52)
    140.82.113.21.443 > 192.168.1.194.51782: Flags [.], cksum 0x941c (correct), seq 5858, ack 7235, win 81, options [nop,nop,TS val 1564545230 ecr 3968440862], length 0
19:52:47.555481 IP (tos 0x20, ttl 46, id 48169, offset 0, flags [DF], proto TCP (6), length 100)
    140.82.113.21.443 > 192.168.1.194.51782: Flags [P.], cksum 0x6f28 (correct), seq 5858:5906, ack 7235, win 81, options [nop,nop,TS val 1564545230 ecr 3968440862], length 48
19:52:47.558538 IP (tos 0x20, ttl 46, id 48170, offset 0, flags [DF], proto TCP (6), length 530)
    140.82.113.21.443 > 192.168.1.194.51782: Flags [P.], cksum 0x5203 (correct), seq 5906:6384, ack 7235, win 81, options [nop,nop,TS val 1564545234 ecr 3968440862], length 478
19:52:47.558594 IP (tos 0x0, ttl 64, id 48281, offset 0, flags [DF], proto TCP (6), length 52)
    192.168.1.194.51782 > 140.82.113.21.443: Flags [.], cksum 0xbff8 (incorrect -> 0x8f6e), seq 7266, ack 6384, win 455, options [nop,nop,TS val 3968441129 ecr 1564545230], length 0
19:52:47.560036 IP (tos 0x20, ttl 45, id 13852, offset 0, flags [DF], proto TCP (6), length 52)
    140.82.113.21.443 > 192.168.1.194.51786: Flags [.], cksum 0x907e (correct), seq 1, ack 2077, win 69, options [nop,nop,TS val 4084177364 ecr 3968440855], length 0
19:52:47.561017 IP (tos 0x0, ttl 120, id 60314, offset 0, flags [DF], proto TCP (6), length 52)
    3.6.115.64.80 > 192.168.1.194.53798: Flags [.], cksum 0xca63 (correct), seq 1, ack 1, win 1704, options [nop,nop,TS val 2971017034 ecr 3328440062], length 0
19:52:47.561018 IP (tos 0x0, ttl 120, id 59302, offset 0, flags [DF], proto TCP (6), length 52)
    3.6.115.182.80 > 192.168.1.194.54482: Flags [.], cksum 0x9554 (correct), seq 1, ack 1, win 1769, options [nop,nop,TS val 36389566 ecr 4240571955], length 0
19:52:47.562139 IP (tos 0x20, ttl 45, id 13853, offset 0, flags [DF], proto TCP (6), length 2900)
    140.82.113.21.443 > 192.168.1.194.51786: Flags [P.], cksum 0xcb18 (incorrect -> 0x0d3c), seq 1:2849, ack 2077, win 69, options [nop,nop,TS val 4084177364 ecr 3968440855], length 2848
19:52:47.562139 IP (tos 0x20, ttl 45, id 13855, offset 0, flags [DF], proto TCP (6), length 1300)
    140.82.113.21.443 > 192.168.1.194.51786: Flags [P.], cksum 0x8be1 (correct), seq 2849:4097, ack 2077, win 69, options [nop,nop,TS val 4084177364 ecr 3968440855], length 1248
19:52:47.562151 IP (tos 0x0, ttl 64, id 50418, offset 0, flags [DF], proto TCP (6), length 52)
    192.168.1.194.51786 > 140.82.113.21.443: Flags [.], cksum 0xbff8 (incorrect -> 0x82ae), seq 2077, ack 2849, win 480, options [nop,nop,TS val 3968441132 ecr 4084177364], length 0
19:52:47.562162 IP (tos 0x0, ttl 64, id 50419, offset 0, flags [DF], proto TCP (6), length 52)
    192.168.1.194.51786 > 140.82.113.21.443: Flags [.], cksum 0xbff8 (incorrect -> 0x7dd7), seq 2077, ack 4097, win 471, options [nop,nop,TS val 3968441132 ecr 4084177364], length 0
19:52:47.567673 IP (tos 0x20, ttl 45, id 13856, offset 0, flags [DF], proto TCP (6), length 1476)
    140.82.113.21.443 > 192.168.1.194.51786: Flags [.], cksum 0x47cc (correct), seq 4097:5521, ack 2077, win 69, options [nop,nop,TS val 4084177371 ecr 3968440855], length 1424
19:52:47.567692 IP (tos 0x0, ttl 64, id 50420, offset 0, flags [DF], proto TCP (6), length 52)
    192.168.1.194.51786 > 140.82.113.21.443: Flags [.], cksum 0xbff8 (incorrect -> 0x7845), seq 2077, ack 5521, win 460, options [nop,nop,TS val 3968441138 ecr 4084177371], length 0
19:52:47.569692 IP (tos 0x0, ttl 51, id 43703, offset 0, flags [DF], proto TCP (6), length 5293)
    20.207.73.82.443 > 192.168.1.194.42680: Flags [P.], cksum 0x352b (incorrect -> 0x09a7), seq 109965:115206, ack 8559, win 99, options [nop,nop,TS val 4286650220 ecr 2445893702], length 5241
19:52:47.569700 IP (tos 0x0, ttl 64, id 35299, offset 0, flags [DF], proto TCP (6), length 52)
    192.168.1.194.42680 > 20.207.73.82.443: Flags [.], cksum 0x20b2 (incorrect -> 0x7d09), seq 8559, ack 115206, win 1527, options [nop,nop,TS val 2445893883 ecr 4286650220], length 0
19:52:47.570034 IP (tos 0x20, ttl 45, id 13857, offset 0, flags [DF], proto TCP (6), length 167)
    140.82.113.21.443 > 192.168.1.194.51786: Flags [P.], cksum 0xa3f4 (correct), seq 5521:5636, ack 2077, win 69, options [nop,nop,TS val 4084177371 ecr 3968440855], length 115
19:52:47.570042 IP (tos 0x0, ttl 64, id 50421, offset 0, flags [DF], proto TCP (6), length 52)
    192.168.1.194.51786 > 140.82.113.21.443: Flags [.], cksum 0xbff8 (incorrect -> 0x77d0), seq 2077, ack 5636, win 460, options [nop,nop,TS val 3968441140 ecr 4084177371], length 0
19:52:47.570465 IP (tos 0x0, ttl 64, id 50422, offset 0, flags [DF], proto TCP (6), length 116)
    192.168.1.194.51786 > 140.82.113.21.443: Flags [P.], cksum 0xc038 (incorrect -> 0x8270), seq 2077:2141, ack 5636, win 460, options [nop,nop,TS val 3968441141 ecr 4084177371], length 64
19:52:47.570829 IP (tos 0x0, ttl 64, id 50423, offset 0, flags [DF], proto TCP (6), length 144)
    192.168.1.194.51786 > 140.82.113.21.443: Flags [P.], cksum 0xc054 (incorrect -> 0x64a7), seq 2141:2233, ack 5636, win 460, options [nop,nop,TS val 3968441141 ecr 4084177371], length 92
19:52:47.570855 IP (tos 0x0, ttl 64, id 50424, offset 0, flags [DF], proto TCP (6), length 638)
    192.168.1.194.51786 > 140.82.113.21.443: Flags [P.], cksum 0xc242 (incorrect -> 0xadd9), seq 2233:2819, ack 5636, win 460, options [nop,nop,TS val 3968441141 ecr 4084177371], length 586
19:52:47.571247 IP (tos 0x0, ttl 64, id 50425, offset 0, flags [DF], proto TCP (6), length 783)
    192.168.1.194.51786 > 140.82.113.21.443: Flags [P.], cksum 0xc2d3 (incorrect -> 0x8f1e), seq 2819:3550, ack 5636, win 460, options [nop,nop,TS val 3968441142 ecr 4084177371], length 731
19:52:47.776211 IP (tos 0x0, ttl 64, id 2168, offset 0, flags [DF], proto TCP (6), length 52)
    192.168.1.194.57330 > 3.6.98.232.80: Flags [.], cksum 0x287f (incorrect -> 0x3d1f), seq 0, ack 1, win 501, options [nop,nop,TS val 4263804025 ecr 3144059254], length 0
19:52:47.783198 IP (tos 0x0, ttl 64, id 37364, offset 0, flags [DF], proto TCP (6), length 52)
    192.168.1.194.41786 > 3.6.30.85.80: Flags [.], cksum 0xe3eb (incorrect -> 0x0541), seq 0, ack 1, win 501, options [nop,nop,TS val 3269362162 ecr 1456755753], length 0
19:52:47.811145 IP (tos 0x0, ttl 120, id 61075, offset 0, flags [DF], proto TCP (6), length 52)
    3.6.98.232.80 > 192.168.1.194.57330: Flags [.], cksum 0x66fc (correct), seq 1, ack 1, win 442, options [nop,nop,TS val 3144060289 ecr 4263792331], length 0
19:52:47.818333 IP (tos 0x0, ttl 120, id 18065, offset 0, flags [DF], proto TCP (6), length 52)
    3.6.30.85.80 > 192.168.1.194.41786: Flags [.], cksum 0x1c5b (correct), seq 1, ack 1, win 2098, options [nop,nop,TS val 1456756792 ecr 3269353611], length 0
19:52:47.845295 IP (tos 0x20, ttl 45, id 13858, offset 0, flags [DF], proto TCP (6), length 52)
    140.82.113.21.443 > 192.168.1.194.51786: Flags [.], cksum 0x7279 (correct), seq 5636, ack 3550, win 74, options [nop,nop,TS val 4084177650 ecr 3968441141], length 0
19:52:47.845749 IP (tos 0x20, ttl 45, id 13859, offset 0, flags [DF], proto TCP (6), length 131)
    140.82.113.21.443 > 192.168.1.194.51786: Flags [P.], cksum 0x0710 (correct), seq 5636:5715, ack 3550, win 74, options [nop,nop,TS val 4084177650 ecr 3968441141], length 79
19:52:47.845750 IP (tos 0x20, ttl 45, id 13860, offset 0, flags [DF], proto TCP (6), length 131)
    140.82.113.21.443 > 192.168.1.194.51786: Flags [P.], cksum 0x9d8c (correct), seq 5715:5794, ack 3550, win 74, options [nop,nop,TS val 4084177650 ecr 3968441141], length 79
19:52:47.845750 IP (tos 0x20, ttl 45, id 13861, offset 0, flags [DF], proto TCP (6), length 142)
    140.82.113.21.443 > 192.168.1.194.51786: Flags [P.], cksum 0x8b99 (correct), seq 5794:5884, ack 3550, win 74, options [nop,nop,TS val 4084177650 ecr 3968441141], length 90
19:52:47.846709 IP (tos 0x0, ttl 64, id 50426, offset 0, flags [DF], proto TCP (6), length 52)
    192.168.1.194.51786 > 140.82.113.21.443: Flags [.], cksum 0xbff8 (incorrect -> 0x6eec), seq 3550, ack 5884, win 459, options [nop,nop,TS val 3968441417 ecr 4084177650], length 0
19:52:47.846832 IP (tos 0x0, ttl 64, id 50427, offset 0, flags [DF], proto TCP (6), length 83)
    192.168.1.194.51786 > 140.82.113.21.443: Flags [P.], cksum 0xc017 (incorrect -> 0x5bcf), seq 3550:3581, ack 5884, win 459, options [nop,nop,TS val 3968441417 ecr 4084177650], length 31
19:52:47.856233 IP (tos 0x20, ttl 46, id 48171, offset 0, flags [DF], proto TCP (6), length 52)
    140.82.113.21.443 > 192.168.1.194.51782: Flags [.], cksum 0x8fbb (correct), seq 6384, ack 7266, win 81, options [nop,nop,TS val 1564545533 ecr 3968441123], length 0
19:52:47.868641 IP (tos 0x20, ttl 45, id 13862, offset 0, flags [DF], proto TCP (6), length 531)
    140.82.113.21.443 > 192.168.1.194.51786: Flags [P.], cksum 0x2a9c (correct), seq 5884:6363, ack 3550, win 74, options [nop,nop,TS val 4084177672 ecr 3968441141], length 479
19:52:47.869267 IP (tos 0x0, ttl 64, id 50428, offset 0, flags [DF], proto TCP (6), length 91)
    192.168.1.194.51786 > 140.82.113.21.443: Flags [P.], cksum 0xc01f (incorrect -> 0x8b1f), seq 3581:3620, ack 6363, win 456, options [nop,nop,TS val 3968441440 ecr 4084177672], length 39
19:52:47.869666 IP (tos 0x0, ttl 64, id 50429, offset 0, flags [DF], proto TCP (6), length 76)
    192.168.1.194.51786 > 140.82.113.21.443: Flags [FP.], cksum 0xc010 (incorrect -> 0x2927), seq 3620:3644, ack 6363, win 456, options [nop,nop,TS val 3968441440 ecr 4084177672], length 24
19:52:47.956213 IP (tos 0x0, ttl 64, id 29070, offset 0, flags [DF], proto TCP (6), length 52)
    192.168.1.194.59792 > 3.6.122.107.80: Flags [.], cksum 0x4002 (incorrect -> 0xccb2), seq 0, ack 1, win 501, options [nop,nop,TS val 216321152 ecr 1119270753], length 0
19:52:47.970214 IP (tos 0x0, ttl 64, id 30135, offset 0, flags [DF], proto TCP (6), length 52)
    192.168.1.194.38390 > 3.6.115.64.80: Flags [.], cksum 0x38d7 (incorrect -> 0x85e3), seq 0, ack 1, win 501, options [nop,nop,TS val 3328452197 ecr 2971016444], length 0
19:52:47.990230 IP (tos 0x0, ttl 114, id 61872, offset 0, flags [DF], proto TCP (6), length 52)
    3.6.122.107.80 > 192.168.1.194.59792: Flags [.], cksum 0xed74 (correct), seq 1, ack 1, win 448, options [nop,nop,TS val 1119271787 ecr 216311784], length 0
19:52:48.005126 IP (tos 0x0, ttl 120, id 3809, offset 0, flags [DF], proto TCP (6), length 52)
    3.6.115.64.80 > 192.168.1.194.38390: Flags [.], cksum 0x86f7 (correct), seq 1, ack 1, win 2383, options [nop,nop,TS val 2971017480 ecr 3328449002], length 0
19:52:48.010210 IP (tos 0x0, ttl 64, id 18398, offset 0, flags [DF], proto TCP (6), length 52)
    192.168.1.194.34916 > 3.6.30.85.80: Flags [.], cksum 0xe3eb (incorrect -> 0x4388), seq 0, ack 1, win 501, options [nop,nop,TS val 3269362389 ecr 1456755973], length 0
19:52:48.010316 IP6 (flowlabel 0x10a00, hlim 255, next-header UDP (17) payload length: 355) fe80::86d:f15a:13b4:fd2c.5353 > ff02::fb.5353: [udp sum ok] 0*- [0q] 6/0/2 4004CBC1-0278-4E14-B589-35CE60842C39._remotepairing._tcp.local. (Cache flush) [1h15m] TXT "identifier=4004CBC1-0278-4E14-B589-35CE60842C39" "authTag=Ec8F9SP+" "ver=24" "minVer=8" "flags=0", _services._dns-sd._udp.local. [1h15m] PTR _remotepairing._tcp.local., _remotepairing._tcp.local. [1h15m] PTR 4004CBC1-0278-4E14-B589-35CE60842C39._remotepairing._tcp.local., 4004CBC1-0278-4E14-B589-35CE60842C39._remotepairing._tcp.local. (Cache flush) [1h15m] SRV Vasus-iPhone-13.local.:49152 0 0, Vasus-iPhone-13.local. (Cache flush) [1h15m] AAAA fe80::86d:f15a:13b4:fd2c, Vasus-iPhone-13.local. (Cache flush) [1h15m] A 192.168.1.168 ar: 4004CBC1-0278-4E14-B589-35CE60842C39._remotepairing._tcp.local. (Cache flush) [1h15m] NSEC, Vasus-iPhone-13.local. (Cache flush) [1h15m] NSEC (347)
19:52:48.049884 IP (tos 0x0, ttl 120, id 57350, offset 0, flags [DF], proto TCP (6), length 52)
    3.6.30.85.80 > 192.168.1.194.34916: Flags [.], cksum 0x466f (correct), seq 1, ack 1, win 442, options [nop,nop,TS val 1456757025 ecr 3269360652], length 0

1357 packets captured
1357 packets received by filter
0 packets dropped by kernel
